application_id,discipline,papers_5y,citations_5y,h_index,research_years,prior_grants,institution_tier,overseas_experience,age_group,novelty_score,feasibility_score,frontier_score,methodology_score,expected_impact,budget_reasonableness,project_risk,data_availability,ethics_compliance,team_size,interdisciplinarity,collaboration_strength,platform_support,true_funding_probability,funded
APP-0001,管理科学,7,72,5,4,0,省部级重点单位,短期交流,青年,65.71,82.42,71.51,61.2,83.43,59.55,36.5,80.2,92.85,6,64.81,42.65,71.67,0.13394,0
APP-0002,信息科学,11,112,7,6,0,双一流/国家级平台,短期交流,中青年,94.33,70.84,59.93,78.28,69.8,98.86,64.71,65.33,70.98,5,43.58,55.81,63.74,0.48966,1
APP-0003,交叉学科,11,247,14,11,1,普通高校/机构,无,中青年,68.48,81.41,60.35,38.96,80.12,94.62,39.09,68.4,86.4,6,79.74,97.01,82.94,0.54215,0
APP-0004,管理科学,7,55,11,9,1,普通高校/机构,短期交流,中青年,87.52,88.26,44.94,65.24,81.47,64.14,100.0,59.44,81.99,8,58.75,58.93,73.28,0.0471,0
APP-0005,生命科学,5,387,10,5,2,双一流/国家级平台,无,青年,75.42,61.35,71.77,70.29,50.93,52.95,66.7,74.77,89.38,8,62.36,55.25,46.34,0.01971,0
APP-0006,交叉学科,12,486,18,15,1,省部级重点单位,短期交流,中青年,95.75,70.42,78.24,86.54,67.15,76.03,75.4,82.47,75.49,4,35.16,77.2,79.31,0.76327,1
APP-0007,管理科学,4,334,11,13,2,省部级重点单位,短期交流,中青年,60.96,54.51,66.94,70.13,81.32,72.23,93.1,72.94,78.64,2,25.68,78.52,49.35,0.0232,0
APP-0008,管理科学,8,533,3,2,0,省部级重点单位,无,青年,60.94,68.19,54.84,71.45,83.86,81.54,76.89,85.91,66.47,1,24.6,73.86,70.99,0.05551,0
APP-0009,生命科学,7,124,12,11,3,普通高校/机构,无,中青年,83.11,91.62,68.99,73.88,86.05,84.26,60.57,79.94,74.83,12,97.66,65.6,55.63,0.91132,1
APP-0010,信息科学,2,38,3,1,0,省部级重点单位,短期交流,青年,57.31,85.1,88.13,85.29,67.68,59.96,50.51,54.27,82.03,8,39.45,42.12,86.51,0.08893,0
APP-0011,信息科学,7,27,14,16,2,普通高校/机构,无,中青年,73.52,71.89,81.47,64.04,90.64,89.36,97.2,67.83,83.74,5,57.3,48.48,76.43,0.14576,0
APP-0012,交叉学科,7,120,14,6,0,普通高校/机构,长期经历,中青年,92.13,32.29,67.56,50.76,55.48,69.76,51.94,63.27,65.14,9,65.19,33.36,52.23,0.01624,0
APP-0013,工程技术,7,492,16,22,3,省部级重点单位,短期交流,资深,48.8,60.82,98.71,48.27,42.08,81.29,46.57,81.3,76.89,4,55.58,57.97,57.44,0.03634,0
APP-0014,交叉学科,8,102,15,5,0,省部级重点单位,短期交流,青年,77.23,71.43,100.0,77.63,61.56,70.86,29.74,76.92,83.6,5,52.91,54.36,100.0,0.32988,0
APP-0015,信息科学,5,105,11,7,3,双一流/国家级平台,无,青年,87.75,66.98,60.8,71.9,85.13,85.07,21.6,71.91,96.08,9,52.47,52.49,42.56,0.91858,1
APP-0016,信息科学,6,96,12,6,0,普通高校/机构,短期交流,青年,71.66,70.46,64.31,65.67,48.62,45.65,32.4,85.2,73.55,7,65.6,67.03,51.76,0.10554,0
APP-0017,工程技术,9,245,14,9,2,普通高校/机构,长期经历,中青年,59.95,73.4,78.4,61.38,42.48,82.86,32.8,42.01,86.9,5,35.2,50.17,52.59,0.05883,0
APP-0018,生命科学,10,484,12,6,1,双一流/国家级平台,无,青年,68.59,62.53,54.31,71.35,38.47,64.02,37.5,60.95,76.38,9,47.19,55.87,44.3,0.02911,0
APP-0019,交叉学科,6,51,21,16,1,普通高校/机构,无,中青年,61.1,69.89,80.74,71.73,77.78,74.88,62.25,62.23,77.54,6,9.93,53.25,46.08,0.07314,0
APP-0020,工程技术,10,87,7,7,1,普通高校/机构,无,青年,72.9,67.91,69.52,75.24,42.84,88.94,49.76,73.78,73.22,7,18.74,61.43,62.15,0.07497,0
APP-0021,管理科学,11,599,7,3,0,普通高校/机构,无,青年,68.4,60.16,73.57,54.59,74.78,64.36,70.22,78.29,71.56,9,30.04,68.56,72.1,0.01753,0
APP-0022,信息科学,11,367,7,6,1,省部级重点单位,短期交流,中青年,65.33,95.85,59.37,46.06,60.75,62.48,53.02,69.98,77.25,4,73.07,37.8,36.92,0.07945,0
APP-0023,交叉学科,10,177,7,9,0,双一流/国家级平台,无,中青年,78.06,63.33,56.18,57.12,53.67,69.54,53.58,50.28,92.48,6,50.55,70.16,55.48,0.0845,0
APP-0024,交叉学科,19,1128,22,25,4,省部级重点单位,无,资深,92.53,38.44,38.22,51.44,50.02,68.78,46.54,76.1,74.45,2,69.95,66.76,50.33,0.02634,0
APP-0025,管理科学,11,94,20,13,1,省部级重点单位,无,中青年,76.26,94.97,90.27,50.76,69.3,61.4,88.94,71.92,72.89,3,63.7,69.54,44.1,0.31105,0
APP-0026,生命科学,10,385,16,16,3,普通高校/机构,无,中青年,89.47,58.15,82.12,89.41,53.93,75.28,51.17,47.97,84.09,6,61.2,64.4,80.93,0.83661,1
APP-0027,工程技术,18,339,25,17,2,普通高校/机构,无,中青年,92.52,82.6,78.1,39.53,65.92,75.9,72.07,65.57,82.05,5,37.12,68.51,50.99,0.18462,1
APP-0028,生命科学,14,418,22,14,2,省部级重点单位,长期经历,中青年,64.37,60.47,73.22,75.11,72.42,79.56,26.36,75.61,81.32,4,57.5,54.52,40.71,0.3868,0
APP-0029,生命科学,6,29,17,4,0,普通高校/机构,短期交流,青年,75.57,77.97,33.44,80.79,75.8,64.17,45.13,94.8,84.54,5,61.09,69.98,78.96,0.12872,0
APP-0030,管理科学,6,116,17,9,2,普通高校/机构,无,中青年,66.48,69.33,56.73,81.84,80.95,62.67,90.15,53.66,71.9,3,100.0,82.6,85.27,0.1329,0
APP-0031,管理科学,7,252,23,15,0,普通高校/机构,短期交流,中青年,52.73,84.0,64.16,72.6,68.64,72.58,63.7,81.85,73.01,8,49.08,53.08,68.04,0.0223,0
APP-0032,交叉学科,7,150,7,1,0,普通高校/机构,无,青年,76.62,67.01,51.78,86.16,49.2,71.06,22.01,53.85,91.86,14,70.64,53.74,48.01,0.27346,0
APP-0033,信息科学,8,393,10,6,2,省部级重点单位,无,中青年,58.32,60.83,42.6,92.18,73.45,71.29,29.36,50.94,80.54,3,53.52,73.35,59.28,0.07824,0
APP-0034,信息科学,6,305,16,15,3,省部级重点单位,无,中青年,78.3,73.6,53.34,65.07,76.5,65.51,82.04,51.83,87.96,6,41.95,52.03,52.86,0.04325,0
APP-0035,工程技术,13,142,13,10,2,普通高校/机构,长期经历,中青年,51.77,64.65,68.74,74.82,63.1,77.96,51.77,79.08,94.24,9,73.39,49.05,63.16,0.22886,0
APP-0036,生命科学,6,236,10,6,1,省部级重点单位,短期交流,青年,74.22,42.99,68.74,85.59,61.39,62.69,44.5,71.95,90.46,8,93.83,69.6,76.17,0.57675,1
APP-0037,生命科学,10,110,15,11,6,省部级重点单位,短期交流,中青年,51.58,61.58,81.61,57.79,100.0,72.53,34.42,65.28,68.3,6,61.24,54.25,63.57,0.35108,1
APP-0038,工程技术,7,162,19,22,5,省部级重点单位,无,资深,80.76,100.0,98.95,65.82,45.31,70.32,49.66,76.87,80.84,4,42.34,83.99,63.94,0.62524,1
APP-0039,信息科学,2,101,4,5,1,双一流/国家级平台,无,青年,66.89,44.5,78.29,60.86,73.9,73.6,78.28,70.61,92.41,3,65.35,53.61,55.28,0.03809,0
APP-0040,工程技术,14,164,12,7,1,普通高校/机构,短期交流,青年,65.63,73.37,65.37,74.99,82.74,88.22,36.0,71.66,87.23,5,61.59,47.26,75.3,0.3758,1
APP-0041,信息科学,7,260,6,4,0,双一流/国家级平台,无,青年,86.64,66.6,95.0,44.32,60.54,58.23,47.49,65.45,83.84,9,100.0,61.91,70.26,0.52699,1
APP-0042,交叉学科,10,151,9,7,0,普通高校/机构,长期经历,青年,67.82,95.71,44.27,87.68,63.3,45.3,61.99,54.59,65.6,9,70.84,69.84,32.75,0.03319,0
APP-0043,管理科学,11,156,23,25,1,普通高校/机构,短期交流,资深,73.44,54.45,36.82,75.94,59.58,66.87,29.21,95.37,75.83,6,37.33,67.77,33.71,0.02838,0
APP-0044,信息科学,4,161,12,12,2,普通高校/机构,无,中青年,69.42,71.42,54.7,76.67,66.0,60.18,31.3,91.01,82.69,8,81.49,71.7,58.36,0.63104,0
APP-0045,交叉学科,7,91,13,6,0,省部级重点单位,短期交流,青年,78.6,79.61,80.18,38.28,80.39,37.85,50.13,93.85,67.74,7,71.51,52.04,80.5,0.41902,0
APP-0046,管理科学,6,78,5,1,0,普通高校/机构,长期经历,青年,85.56,67.49,70.53,55.48,62.83,94.96,56.46,61.91,89.94,9,74.71,82.44,83.83,0.21955,1
APP-0047,信息科学,15,590,33,33,3,普通高校/机构,无,资深,82.86,59.25,51.08,88.38,100.0,80.72,36.34,59.77,80.82,8,64.9,32.2,76.97,0.13439,0
APP-0048,信息科学,7,167,11,7,1,省部级重点单位,短期交流,青年,65.93,69.69,57.09,66.69,58.76,82.01,59.46,63.78,62.2,4,76.17,47.94,61.44,0.07385,0
APP-0049,管理科学,4,40,9,6,2,普通高校/机构,长期经历,中青年,87.72,65.67,49.38,46.59,88.04,70.57,71.33,86.11,76.33,6,64.81,62.69,88.9,0.05045,0
APP-0050,生命科学,8,303,10,6,0,普通高校/机构,无,青年,60.09,65.63,49.38,71.88,74.7,79.05,10.53,70.0,79.14,9,50.91,49.45,51.72,0.16493,0
APP-0051,生命科学,3,64,1,1,0,普通高校/机构,长期经历,青年,62.35,83.03,91.27,77.83,67.74,68.93,65.61,61.85,80.7,9,58.68,56.43,58.2,0.07636,0
APP-0052,生命科学,7,63,13,10,0,普通高校/机构,无,中青年,70.34,75.64,65.85,75.91,89.53,83.77,38.61,75.46,96.2,4,53.68,44.33,39.84,0.26784,0
APP-0053,管理科学,4,20,11,6,0,普通高校/机构,短期交流,青年,85.61,77.72,94.54,67.04,40.4,76.27,83.7,58.95,87.78,5,62.83,58.25,58.13,0.07801,0
APP-0054,工程技术,7,281,15,10,2,普通高校/机构,短期交流,中青年,56.79,74.62,54.65,83.76,72.8,73.56,91.59,49.67,68.35,4,57.59,70.34,49.35,0.05489,0
APP-0055,管理科学,7,89,5,6,1,普通高校/机构,短期交流,青年,83.59,83.44,75.37,59.87,54.54,74.47,52.53,71.94,67.1,5,49.71,52.36,90.14,0.12515,0
APP-0056,管理科学,9,86,9,12,2,省部级重点单位,无,中青年,71.29,88.26,71.41,76.02,59.02,91.59,37.1,62.26,79.33,3,52.37,46.18,86.8,0.68973,0
APP-0057,信息科学,8,264,9,8,2,双一流/国家级平台,短期交流,中青年,66.36,65.99,81.2,70.76,58.27,76.01,77.58,69.79,83.26,10,55.93,53.7,65.08,0.26984,0
APP-0058,工程技术,12,415,17,10,2,省部级重点单位,无,中青年,86.27,81.47,71.82,67.27,50.58,61.64,46.63,29.73,91.92,4,20.38,81.87,71.94,0.63321,1
APP-0059,生命科学,4,61,7,2,0,省部级重点单位,无,青年,61.57,51.85,82.78,64.07,39.56,78.03,87.85,56.62,99.3,6,76.49,81.72,53.73,0.0203,0
APP-0060,生命科学,6,250,12,14,2,双一流/国家级平台,无,中青年,100.0,38.46,76.31,64.53,72.22,79.87,45.02,69.32,99.84,4,62.96,53.39,20.88,0.4425,1
APP-0061,工程技术,12,935,21,28,3,双一流/国家级平台,短期交流,资深,69.7,95.57,51.63,69.42,64.95,72.26,37.46,47.25,77.58,6,43.77,71.15,51.04,0.37741,0
APP-0062,工程技术,4,245,5,3,0,省部级重点单位,无,青年,73.95,65.33,78.99,65.19,61.19,73.37,97.32,47.76,91.35,6,67.82,61.67,76.72,0.03951,0
APP-0063,工程技术,1,104,3,1,0,双一流/国家级平台,无,青年,92.06,73.53,66.45,78.53,78.15,61.21,62.78,70.58,86.26,10,45.84,85.11,71.45,0.10285,1
APP-0064,管理科学,9,235,19,16,2,双一流/国家级平台,长期经历,资深,74.29,52.85,56.35,62.03,73.23,75.16,82.44,80.52,71.09,6,45.84,65.45,57.33,0.09617,0
APP-0065,工程技术,3,63,9,2,0,省部级重点单位,无,青年,87.46,52.2,78.41,89.39,61.73,59.43,58.56,56.62,63.12,7,63.49,58.37,76.57,0.10569,0
APP-0066,工程技术,4,98,11,13,1,省部级重点单位,无,中青年,46.61,60.02,81.82,61.45,100.0,70.99,48.05,66.07,83.44,7,84.61,90.8,56.0,0.69633,0
APP-0067,工程技术,11,304,14,9,2,普通高校/机构,无,中青年,66.25,79.0,60.75,80.96,82.29,65.97,0.0,66.41,67.05,5,61.6,45.37,44.59,0.71911,1
APP-0068,信息科学,7,69,8,1,0,普通高校/机构,无,青年,77.16,62.77,62.74,81.52,100.0,85.79,70.23,46.57,73.49,5,40.48,67.75,76.57,0.22935,0
APP-0069,生命科学,7,95,10,12,0,省部级重点单位,短期交流,中青年,86.06,65.3,47.19,71.16,59.36,92.6,51.94,87.76,75.15,5,48.96,86.59,53.6,0.15943,0
APP-0070,信息科学,10,83,14,13,2,省部级重点单位,无,中青年,82.01,59.58,40.93,70.0,70.0,60.27,56.03,67.26,84.19,4,72.98,73.99,81.45,0.20079,0
APP-0071,生命科学,4,119,8,3,0,普通高校/机构,无,青年,80.79,86.32,64.37,59.52,46.19,73.94,71.82,67.42,94.81,2,64.09,48.27,30.04,0.01038,0
APP-0072,信息科学,16,336,31,34,6,省部级重点单位,长期经历,资深,85.79,82.16,79.88,62.28,60.71,70.28,61.21,75.59,82.13,6,75.19,47.3,54.32,0.36581,1
APP-0073,交叉学科,8,114,3,4,0,省部级重点单位,短期交流,青年,78.18,63.22,59.4,71.86,56.66,79.57,31.13,46.6,76.61,10,63.87,36.65,74.15,0.29516,0
APP-0074,信息科学,8,297,10,7,3,双一流/国家级平台,短期交流,青年,44.14,79.58,89.42,68.41,100.0,75.15,57.25,83.8,61.32,6,71.42,88.69,72.4,0.84814,1
APP-0075,生命科学,15,152,23,21,1,普通高校/机构,长期经历,资深,90.75,66.57,64.92,84.38,54.92,69.35,47.95,85.76,86.58,5,96.26,41.61,60.24,0.43434,1
APP-0076,信息科学,10,134,12,2,0,普通高校/机构,长期经历,青年,61.11,65.27,64.98,63.09,62.26,75.13,64.82,72.11,82.29,9,28.95,74.84,68.88,0.00884,0
APP-0077,信息科学,12,409,16,17,1,省部级重点单位,无,资深,76.08,69.3,63.66,63.88,42.74,71.42,44.39,76.93,76.5,4,100.0,36.32,66.38,0.18919,0
APP-0078,工程技术,3,154,4,2,0,双一流/国家级平台,短期交流,青年,74.35,79.01,82.72,47.36,74.54,93.07,40.63,65.11,93.66,7,74.73,100.0,38.69,0.49045,0
APP-0079,工程技术,12,147,11,8,0,双一流/国家级平台,短期交流,中青年,72.62,57.51,53.62,77.37,51.6,64.48,39.12,82.95,70.09,4,100.0,37.65,57.82,0.19075,0
APP-0080,管理科学,14,328,9,3,0,双一流/国家级平台,无,青年,57.62,77.03,66.07,76.19,80.7,77.09,32.32,57.66,75.15,6,36.33,62.77,67.87,0.05839,0
APP-0081,工程技术,7,94,12,10,2,双一流/国家级平台,无,中青年,46.8,100.0,59.79,81.7,37.39,80.12,39.55,69.51,79.55,5,63.65,83.82,72.61,0.23987,1
APP-0082,信息科学,11,201,14,10,1,普通高校/机构,无,中青年,58.97,72.56,59.58,82.43,64.05,79.26,58.64,70.41,76.38,7,59.19,49.34,62.89,0.06824,0
APP-0083,管理科学,10,231,22,28,4,普通高校/机构,短期交流,资深,82.74,70.5,68.53,79.26,36.47,70.43,43.79,69.42,87.51,2,73.67,72.15,54.62,0.41229,0
APP-0084,生命科学,14,406,23,22,2,普通高校/机构,短期交流,资深,53.19,68.82,66.3,79.8,58.15,90.42,26.49,86.04,86.64,3,65.4,56.93,41.31,0.06437,0
APP-0085,生命科学,6,170,7,6,0,省部级重点单位,短期交流,中青年,60.56,76.69,83.78,76.93,61.4,48.93,65.79,100.0,92.51,4,63.15,68.99,76.8,0.3417,1
APP-0086,生命科学,10,251,15,14,0,双一流/国家级平台,无,中青年,77.43,47.45,67.84,78.93,56.42,60.87,47.24,68.35,87.02,3,71.58,81.45,74.93,0.19469,0
APP-0087,管理科学,10,104,20,13,2,普通高校/机构,无,中青年,58.64,93.82,76.33,45.05,58.0,81.96,65.36,77.06,80.85,6,53.86,54.29,80.78,0.03581,0
APP-0088,工程技术,17,432,26,34,2,省部级重点单位,无,资深,64.94,83.74,70.59,54.7,81.54,63.44,45.59,57.96,78.6,6,45.68,88.94,45.67,0.17552,0
APP-0089,生命科学,5,172,9,7,2,普通高校/机构,无,中青年,73.06,60.98,89.06,52.58,100.0,62.74,38.56,85.48,86.55,10,65.06,68.34,66.07,0.7706,0
APP-0090,工程技术,17,526,21,26,3,普通高校/机构,长期经历,资深,75.67,70.44,63.46,85.51,71.43,68.39,15.14,62.24,80.1,8,45.64,97.07,52.23,0.77776,1
APP-0091,生命科学,4,64,8,4,0,普通高校/机构,长期经历,青年,58.39,62.2,63.51,58.82,52.24,64.57,27.4,100.0,82.47,11,53.49,47.02,64.79,0.05492,0
APP-0092,管理科学,10,381,17,12,1,普通高校/机构,长期经历,中青年,73.83,74.19,79.18,60.9,67.03,81.65,32.55,44.94,87.1,5,27.18,50.44,100.0,0.21594,0
APP-0093,信息科学,12,104,15,12,3,双一流/国家级平台,长期经历,中青年,77.19,70.86,63.26,69.09,60.33,84.85,55.62,100.0,83.39,1,57.12,57.82,79.36,0.48421,1
APP-0094,信息科学,8,132,7,3,0,普通高校/机构,长期经历,青年,55.45,73.2,75.48,52.83,80.23,75.06,47.82,84.87,85.09,5,37.43,40.17,51.15,0.07879,0
APP-0095,信息科学,5,100,12,5,1,双一流/国家级平台,无,青年,74.79,55.6,100.0,73.95,70.61,86.66,29.49,53.17,74.09,5,55.34,78.67,59.71,0.38316,1
APP-0096,工程技术,10,92,18,16,1,省部级重点单位,无,资深,62.68,63.26,53.32,41.3,40.76,57.36,0.0,100.0,95.5,8,34.28,60.63,57.84,0.04503,0
APP-0097,信息科学,5,99,12,7,1,普通高校/机构,无,中青年,73.61,86.04,90.98,53.69,83.57,74.91,59.25,56.07,70.93,2,55.61,41.37,66.11,0.31959,1
APP-0098,生命科学,3,97,8,2,1,普通高校/机构,无,青年,81.4,62.53,60.62,71.58,81.47,90.18,76.03,65.29,86.39,6,73.99,47.19,38.09,0.09088,0
APP-0099,生命科学,8,53,1,4,1,双一流/国家级平台,无,青年,69.71,32.99,88.07,52.86,89.92,85.72,69.29,50.55,77.14,4,44.08,46.34,69.5,0.05558,0
APP-0100,交叉学科,8,135,10,7,1,普通高校/机构,无,中青年,83.87,67.89,78.29,85.89,57.74,91.24,38.06,67.8,92.82,9,37.33,78.63,28.0,0.67246,1
APP-0101,交叉学科,8,56,10,11,0,双一流/国家级平台,长期经历,中青年,82.28,100.0,77.0,69.6,70.82,66.92,80.94,69.21,90.84,6,71.63,70.23,35.56,0.65965,0
APP-0102,管理科学,23,1674,27,32,4,普通高校/机构,无,资深,83.8,81.88,65.74,83.72,47.04,85.01,74.52,82.45,81.98,6,74.27,59.61,98.03,0.17263,0
APP-0103,信息科学,15,344,29,26,2,省部级重点单位,长期经历,资深,77.24,61.82,64.24,73.65,65.18,68.88,61.22,100.0,97.55,3,64.48,55.42,57.87,0.18266,0
APP-0104,交叉学科,11,247,14,13,3,双一流/国家级平台,短期交流,中青年,86.31,69.29,57.17,68.84,72.35,81.14,47.86,62.31,80.13,6,46.69,57.7,88.25,0.61266,1
APP-0105,管理科学,10,244,17,9,0,普通高校/机构,短期交流,中青年,77.01,79.52,68.09,56.04,55.82,89.73,47.35,28.71,90.82,6,43.41,94.06,50.23,0.30259,0
APP-0106,管理科学,2,98,4,6,1,普通高校/机构,短期交流,青年,50.33,45.41,65.24,81.08,71.48,64.47,86.63,79.73,74.74,13,49.37,57.79,28.27,0.0112,0
APP-0107,信息科学,15,567,22,27,5,双一流/国家级平台,无,资深,61.7,58.02,70.87,74.74,68.69,51.73,83.55,61.75,86.05,11,54.82,77.44,46.14,0.0454,0
APP-0108,信息科学,4,37,8,2,0,普通高校/机构,短期交流,青年,69.25,75.58,46.84,96.1,58.8,96.17,49.03,97.28,72.68,6,21.49,56.07,100.0,0.11427,0
APP-0109,生命科学,14,661,6,2,1,普通高校/机构,无,青年,70.87,92.32,68.34,79.77,88.36,79.86,53.83,69.48,82.19,5,36.34,92.28,40.02,0.65389,0
APP-0110,交叉学科,8,391,26,28,4,普通高校/机构,长期经历,资深,76.65,63.85,86.94,63.83,62.25,72.72,6.1,58.61,81.49,7,81.02,40.05,94.2,0.71882,1
APP-0111,信息科学,23,425,30,32,4,普通高校/机构,无,资深,61.51,91.94,82.16,72.76,68.13,72.06,74.08,54.81,90.79,8,60.15,76.53,69.87,0.20653,0
APP-0112,生命科学,6,128,5,1,0,省部级重点单位,无,青年,98.11,59.44,68.35,74.49,42.53,48.85,77.91,79.34,75.29,5,80.54,48.33,66.04,0.02735,0
APP-0113,信息科学,6,18,14,15,3,省部级重点单位,短期交流,中青年,70.67,22.6,100.0,84.12,74.31,76.5,56.9,65.87,100.0,8,76.31,100.0,51.27,0.76878,1
APP-0114,工程技术,8,78,14,12,1,普通高校/机构,短期交流,中青年,71.9,80.41,59.34,86.18,58.37,67.63,37.95,92.02,68.18,5,49.75,74.55,48.68,0.35361,1
APP-0115,生命科学,13,370,11,5,1,双一流/国家级平台,无,青年,63.28,77.57,66.7,66.89,81.32,74.63,51.33,66.84,84.33,8,50.05,31.33,73.59,0.2222,0
APP-0116,交叉学科,7,340,13,4,2,普通高校/机构,短期交流,青年,58.96,80.31,46.24,53.2,45.02,74.36,79.32,91.22,84.88,5,75.33,45.23,86.43,0.03985,0
APP-0117,管理科学,5,193,6,2,0,普通高校/机构,无,青年,70.36,79.76,61.95,44.9,72.89,33.47,57.24,49.3,87.38,6,71.17,74.33,67.34,0.03618,0
APP-0118,管理科学,5,114,11,11,2,省部级重点单位,短期交流,中青年,72.36,72.68,94.82,54.19,31.09,79.88,100.0,43.92,76.85,5,75.75,73.84,76.57,0.02294,1
APP-0119,信息科学,5,420,14,16,1,双一流/国家级平台,无,中青年,70.87,66.38,62.52,61.31,75.85,76.27,66.23,82.44,84.42,9,55.73,72.5,56.76,0.22111,0
APP-0120,工程技术,14,542,21,15,3,普通高校/机构,无,中青年,93.52,66.91,45.08,88.56,63.2,77.88,38.32,63.03,76.36,6,58.85,64.82,100.0,0.40923,1
APP-0121,工程技术,6,107,11,6,0,普通高校/机构,无,青年,70.36,63.55,81.08,88.75,72.39,71.8,41.78,66.05,100.0,3,50.89,56.26,68.06,0.28,1
APP-0122,工程技术,16,1313,24,33,2,省部级重点单位,无,资深,70.88,64.39,73.84,81.48,56.4,74.59,35.8,54.82,75.65,5,54.93,81.56,98.56,0.05574,1
APP-0123,生命科学,15,147,10,13,4,双一流/国家级平台,无,中青年,82.6,44.65,80.46,85.0,50.81,76.07,77.55,53.72,80.52,4,42.29,46.45,47.59,0.01381,0
APP-0124,信息科学,11,88,17,20,2,普通高校/机构,无,资深,69.78,53.0,63.54,59.8,59.05,77.29,73.07,79.54,75.37,12,54.5,62.96,63.23,0.06256,0
APP-0125,生命科学,10,160,8,2,1,普通高校/机构,无,青年,79.01,67.71,52.89,49.3,69.07,79.71,84.33,69.72,74.0,6,52.8,50.84,82.22,0.01362,0
APP-0126,工程技术,7,95,12,10,0,省部级重点单位,无,中青年,55.37,38.63,65.25,55.92,75.23,77.39,43.35,54.1,67.99,6,46.83,49.4,66.41,0.0343,0
APP-0127,信息科学,13,208,19,16,0,普通高校/机构,无,资深,55.48,41.89,76.32,42.55,70.86,96.2,59.36,81.86,88.72,7,71.82,53.74,72.8,0.10305,0
APP-0128,生命科学,6,232,6,3,0,普通高校/机构,无,青年,73.59,65.32,66.92,54.52,51.01,65.29,75.61,87.62,75.27,6,27.8,48.77,47.38,0.00978,0
APP-0129,生命科学,5,117,13,6,1,普通高校/机构,短期交流,青年,68.99,68.2,73.82,62.42,95.4,69.5,81.0,68.37,74.03,5,62.75,71.89,57.11,0.08124,0
APP-0130,工程技术,7,155,9,3,1,普通高校/机构,长期经历,青年,61.48,65.61,59.95,71.17,71.33,94.32,25.39,85.05,72.37,5,37.57,35.43,49.12,0.1101,1
APP-0131,生命科学,9,199,10,7,1,省部级重点单位,无,青年,73.58,36.68,74.38,70.76,56.04,72.14,62.4,54.97,85.04,6,39.04,69.76,62.55,0.01911,0
APP-0132,交叉学科,4,23,14,8,3,双一流/国家级平台,长期经历,中青年,74.72,91.73,67.95,60.03,72.79,85.18,26.14,78.66,82.22,5,40.76,50.58,60.8,0.73864,1
APP-0133,工程技术,6,52,2,3,0,省部级重点单位,无,青年,62.77,49.89,57.41,76.4,70.1,75.63,37.96,72.43,82.26,5,65.42,62.55,55.01,0.04598,0
APP-0134,信息科学,10,163,8,4,1,省部级重点单位,无,青年,65.26,58.55,70.1,60.28,63.19,71.27,23.86,58.13,74.39,4,10.85,59.0,74.75,0.04563,0
APP-0135,工程技术,8,101,15,13,1,双一流/国家级平台,短期交流,中青年,74.82,52.34,62.2,69.13,61.32,85.83,37.58,100.0,86.35,5,59.37,53.01,45.89,0.3318,1
APP-0136,生命科学,4,88,8,2,0,普通高校/机构,短期交流,青年,58.73,88.19,77.26,54.57,81.76,80.22,21.01,73.49,75.38,6,56.91,83.84,27.46,0.18529,0
APP-0137,交叉学科,7,389,1,1,1,普通高校/机构,短期交流,青年,64.15,75.9,81.1,83.15,93.65,55.59,26.36,61.14,82.7,4,36.6,55.32,54.28,0.08608,0
APP-0138,工程技术,2,63,8,7,1,双一流/国家级平台,无,中青年,78.94,63.37,75.52,69.27,33.42,76.08,31.91,70.29,80.6,6,59.64,74.66,100.0,0.12946,0
APP-0139,管理科学,8,74,10,5,1,普通高校/机构,短期交流,青年,71.69,62.39,43.48,77.82,85.69,62.06,56.06,56.95,65.12,7,31.73,74.89,72.67,0.13732,0
APP-0140,生命科学,9,115,7,1,1,省部级重点单位,无,青年,65.8,72.51,53.53,53.19,66.32,89.25,50.68,52.65,100.0,3,55.12,57.09,49.61,0.05746,0
APP-0141,工程技术,7,474,11,3,0,省部级重点单位,无,青年,60.26,52.55,58.45,71.27,69.79,95.04,17.12,63.26,87.75,5,30.98,39.36,71.57,0.13008,0
APP-0142,工程技术,8,471,12,7,1,普通高校/机构,无,青年,58.83,75.33,56.06,76.44,87.63,96.49,100.0,64.27,83.8,11,97.01,46.12,61.72,0.14769,1
APP-0143,交叉学科,13,389,18,17,1,省部级重点单位,长期经历,中青年,70.29,62.32,59.86,42.43,23.52,78.29,40.23,57.94,85.38,4,73.23,85.02,70.59,0.27304,0
APP-0144,工程技术,7,57,8,1,1,普通高校/机构,无,青年,98.34,77.27,81.88,84.19,79.04,68.46,38.31,88.77,100.0,4,60.93,70.87,78.97,0.48945,1
APP-0145,工程技术,8,212,7,3,1,普通高校/机构,短期交流,青年,79.36,76.8,78.48,52.76,86.52,77.86,61.65,58.51,93.37,2,36.9,64.5,67.29,0.16784,0
APP-0146,信息科学,12,316,17,16,1,省部级重点单位,短期交流,资深,54.67,61.69,61.64,71.74,54.98,62.72,49.91,56.02,85.49,5,50.49,51.79,66.05,0.05476,0
APP-0147,信息科学,4,104,20,19,1,普通高校/机构,短期交流,资深,81.19,41.26,76.88,92.24,43.7,100.0,40.72,52.21,74.92,6,51.32,93.17,89.27,0.23944,0
APP-0148,工程技术,7,108,6,2,0,省部级重点单位,短期交流,青年,62.13,66.54,72.93,81.41,92.24,88.33,57.81,50.77,76.49,5,60.84,46.37,73.17,0.29122,0
APP-0149,信息科学,5,95,7,1,0,双一流/国家级平台,长期经历,青年,71.94,49.71,67.51,49.63,37.9,77.65,36.55,85.41,63.97,11,63.97,64.51,67.31,0.07277,0
APP-0150,生命科学,6,91,16,12,2,双一流/国家级平台,无,中青年,64.34,71.1,85.22,66.69,72.7,85.96,44.09,73.87,78.32,11,60.5,71.03,64.72,0.47964,1
APP-0151,交叉学科,20,185,32,33,6,普通高校/机构,无,资深,98.3,66.41,58.08,85.03,82.37,68.1,89.47,80.35,88.62,4,62.85,38.5,54.38,0.03166,0
APP-0152,交叉学科,13,642,33,34,7,普通高校/机构,短期交流,资深,57.26,61.77,68.79,58.38,72.35,60.7,52.47,85.28,88.34,9,52.6,48.35,42.83,0.18008,0
APP-0153,生命科学,5,213,15,5,2,普通高校/机构,无,青年,76.08,51.86,52.24,64.32,75.03,47.44,62.28,65.0,88.16,3,62.85,53.76,75.4,0.04049,0
APP-0154,工程技术,7,130,11,5,0,普通高校/机构,无,青年,63.09,86.62,52.96,63.96,61.76,75.0,39.56,92.08,76.85,12,43.24,77.51,85.7,0.21272,0
APP-0155,生命科学,9,241,13,13,3,双一流/国家级平台,无,中青年,81.6,63.65,47.59,76.41,73.4,71.5,58.69,60.6,87.51,6,34.73,54.12,71.27,0.3962,1
APP-0156,工程技术,11,294,18,15,2,普通高校/机构,无,资深,75.81,100.0,53.21,49.02,54.66,80.23,34.58,53.56,90.24,6,92.96,36.15,73.62,0.43321,0
APP-0157,信息科学,14,1293,28,29,4,普通高校/机构,无,资深,88.31,70.49,69.25,77.14,56.74,74.16,48.95,75.6,59.73,4,64.32,34.42,48.92,0.38867,1
APP-0158,工程技术,6,243,7,1,0,双一流/国家级平台,无,青年,81.34,74.92,63.46,60.9,66.57,79.69,55.41,72.17,85.04,8,92.12,48.19,53.86,0.21255,0
APP-0159,管理科学,3,145,14,7,1,普通高校/机构,长期经历,中青年,62.98,70.55,63.95,68.85,41.36,83.73,36.11,72.14,100.0,8,50.51,35.18,42.21,0.20807,0
APP-0160,管理科学,7,160,4,6,1,普通高校/机构,无,青年,100.0,74.78,63.51,66.08,75.23,56.48,77.65,85.23,79.09,8,100.0,75.84,59.76,0.54822,1
APP-0161,生命科学,12,185,21,15,1,普通高校/机构,长期经历,中青年,79.22,85.3,94.59,76.8,26.31,84.43,61.58,71.59,56.78,9,57.59,76.54,80.71,0.35275,1
APP-0162,交叉学科,6,339,24,20,1,省部级重点单位,长期经历,资深,64.84,85.46,50.94,68.73,71.81,69.12,4.15,74.7,73.87,6,78.92,62.13,52.14,0.86482,1
APP-0163,信息科学,14,431,16,12,1,省部级重点单位,无,中青年,74.67,45.27,49.34,87.73,73.31,80.21,84.48,90.39,63.85,5,56.66,57.26,62.73,0.1092,0
APP-0164,生命科学,4,59,7,1,0,普通高校/机构,短期交流,青年,80.2,81.98,55.32,81.86,53.29,86.27,69.58,74.0,75.66,6,59.3,75.35,75.94,0.09258,0
APP-0165,工程技术,8,234,9,7,0,双一流/国家级平台,短期交流,中青年,79.71,76.96,66.92,58.66,46.26,86.35,72.89,77.41,69.76,8,53.7,74.6,84.54,0.07002,0
APP-0166,信息科学,16,548,13,9,0,双一流/国家级平台,短期交流,中青年,78.45,70.5,75.72,86.75,59.47,75.55,46.58,48.73,91.31,6,46.14,44.24,36.0,0.40558,0
APP-0167,交叉学科,11,58,31,33,1,双一流/国家级平台,无,资深,84.56,93.98,77.28,73.15,76.23,76.14,22.75,100.0,89.79,12,75.6,46.73,55.9,0.87321,1
APP-0168,管理科学,7,86,8,1,0,普通高校/机构,无,青年,83.29,94.54,82.17,71.21,71.53,84.7,36.83,46.14,85.43,4,55.82,74.72,51.45,0.61293,1
APP-0169,信息科学,16,403,25,23,1,普通高校/机构,无,资深,60.98,82.66,66.38,80.03,48.22,55.99,84.14,61.91,94.26,7,72.61,66.87,49.1,0.06839,0
APP-0170,交叉学科,2,19,7,1,1,双一流/国家级平台,短期交流,青年,99.4,62.39,62.06,55.47,67.69,62.58,29.77,61.46,76.35,5,74.08,72.95,57.49,0.45936,0
APP-0171,信息科学,8,55,11,5,0,普通高校/机构,长期经历,青年,97.6,53.31,92.5,51.07,70.19,70.65,23.26,100.0,82.74,2,84.29,45.91,30.89,0.60471,0
APP-0172,工程技术,8,146,12,6,0,省部级重点单位,短期交流,青年,82.41,80.56,26.24,69.32,69.51,58.01,45.52,60.99,100.0,10,64.42,48.47,57.75,0.08492,0
APP-0173,信息科学,8,240,5,4,0,省部级重点单位,短期交流,青年,72.5,89.03,68.94,61.12,50.21,70.74,22.3,76.63,87.85,9,25.78,70.35,64.6,0.18453,0
APP-0174,交叉学科,7,221,10,4,0,普通高校/机构,长期经历,青年,72.73,41.6,74.45,95.96,68.49,70.08,60.66,61.56,87.83,5,49.6,49.72,46.27,0.08478,0
APP-0175,生命科学,6,386,16,8,3,省部级重点单位,短期交流,中青年,67.79,85.21,96.11,59.06,80.68,75.05,62.22,54.4,74.32,7,55.5,34.64,55.81,0.45655,1
APP-0176,生命科学,6,146,6,2,1,双一流/国家级平台,无,青年,69.47,66.43,43.09,69.52,74.59,73.32,58.27,78.56,77.83,4,56.25,50.0,64.33,0.126,0
APP-0177,信息科学,2,52,13,6,2,省部级重点单位,长期经历,青年,43.57,44.67,61.7,71.5,72.58,86.83,37.72,59.22,71.97,5,82.37,58.31,66.04,0.11553,0
APP-0178,交叉学科,11,97,5,3,0,普通高校/机构,无,青年,91.89,76.57,47.64,85.01,92.28,80.88,60.12,73.11,98.81,3,78.72,92.62,36.21,0.67669,0
APP-0179,交叉学科,8,136,6,1,0,双一流/国家级平台,无,青年,87.31,82.73,41.03,56.07,68.68,73.15,100.0,79.4,66.42,4,53.1,46.91,75.9,0.03577,1
APP-0180,管理科学,9,304,20,23,2,省部级重点单位,无,资深,50.2,65.08,64.93,48.04,52.53,70.0,21.32,98.6,91.14,10,100.0,60.89,76.31,0.41001,1
APP-0181,交叉学科,7,254,20,15,1,省部级重点单位,长期经历,资深,83.57,55.2,80.5,87.13,52.58,73.43,86.79,51.07,87.81,5,49.02,98.77,51.38,0.19067,1
APP-0182,交叉学科,6,164,11,1,0,双一流/国家级平台,无,青年,71.9,93.97,86.09,70.05,68.82,73.64,66.16,67.71,65.97,3,50.65,42.32,92.53,0.20885,0
APP-0183,工程技术,10,300,14,12,1,省部级重点单位,无,中青年,69.41,60.64,60.02,79.53,43.0,100.0,47.89,68.33,93.42,4,34.15,73.89,71.75,0.14529,0
APP-0184,信息科学,7,358,20,17,2,普通高校/机构,无,中青年,78.41,86.23,78.0,80.14,61.02,56.51,53.33,70.01,79.41,4,24.82,49.2,69.29,0.27485,0
APP-0185,管理科学,18,372,35,33,6,普通高校/机构,无,资深,49.34,48.82,65.03,82.39,73.43,62.88,57.13,100.0,68.79,10,32.4,69.23,75.61,0.03369,0
APP-0186,工程技术,4,248,8,5,2,普通高校/机构,无,青年,71.85,75.82,76.35,64.09,84.74,61.12,30.47,67.4,85.64,6,76.27,100.0,46.44,0.80716,1
APP-0187,信息科学,9,120,6,1,0,省部级重点单位,短期交流,青年,73.03,75.43,85.32,60.56,41.3,77.23,17.35,32.19,73.78,7,70.83,76.25,57.99,0.31232,0
APP-0188,生命科学,11,217,15,10,2,省部级重点单位,长期经历,中青年,73.05,82.23,65.09,43.05,67.59,76.76,68.13,67.02,79.95,4,38.33,64.73,74.5,0.05581,1
APP-0189,管理科学,17,246,17,19,4,省部级重点单位,无,资深,54.22,90.9,84.15,56.07,64.91,67.12,25.1,68.22,76.94,4,58.0,44.88,50.44,0.18769,0
APP-0190,信息科学,4,171,14,13,3,普通高校/机构,无,中青年,77.81,58.61,49.8,69.81,66.6,84.75,28.14,66.38,73.21,7,72.13,58.84,58.01,0.25345,1
APP-0191,交叉学科,12,127,23,15,3,省部级重点单位,无,中青年,85.78,77.29,77.85,59.88,68.27,78.44,45.09,59.22,70.12,7,15.33,51.82,74.22,0.45198,1
APP-0192,信息科学,4,83,5,3,1,双一流/国家级平台,无,青年,77.3,50.87,83.51,54.17,65.49,85.26,55.69,50.18,89.97,4,91.44,35.89,69.27,0.09143,0
APP-0193,生命科学,10,63,17,13,2,普通高校/机构,无,中青年,69.02,50.71,81.95,69.66,88.28,88.44,40.01,100.0,85.25,10,77.05,23.68,64.36,0.65063,1
APP-0194,交叉学科,13,389,22,20,2,省部级重点单位,短期交流,资深,100.0,61.9,50.22,86.46,85.9,48.43,44.1,74.77,84.61,4,72.21,47.05,65.06,0.3908,1
APP-0195,生命科学,4,229,8,6,2,省部级重点单位,短期交流,中青年,59.98,75.73,64.91,68.27,100.0,82.23,69.06,67.12,78.36,5,80.04,61.43,61.03,0.34123,0
APP-0196,生命科学,11,412,14,11,3,省部级重点单位,无,中青年,82.05,93.48,72.53,54.27,65.83,58.52,56.42,100.0,82.51,8,15.17,82.15,78.5,0.57337,0
APP-0197,工程技术,10,356,19,12,0,普通高校/机构,无,中青年,75.16,96.03,74.65,85.54,59.43,76.99,34.03,56.97,74.64,8,51.63,48.71,99.53,0.50319,1
APP-0198,交叉学科,10,362,13,8,2,省部级重点单位,无,中青年,98.16,65.03,69.74,58.94,50.52,73.13,58.09,79.04,74.47,4,81.17,65.45,68.98,0.50517,0
APP-0199,生命科学,4,161,14,10,1,双一流/国家级平台,无,中青年,77.03,74.28,89.44,88.23,57.69,73.64,51.17,51.26,99.1,6,55.86,31.38,85.79,0.72187,1
APP-0200,信息科学,13,394,23,17,2,省部级重点单位,长期经历,中青年,79.82,83.2,48.57,65.58,77.43,59.54,50.57,81.26,90.85,4,70.85,47.59,56.58,0.39974,1
APP-0201,管理科学,12,382,15,15,4,双一流/国家级平台,短期交流,资深,78.57,80.72,64.4,70.34,79.9,86.37,58.87,52.98,76.39,5,84.96,17.95,52.41,0.57473,0
APP-0202,交叉学科,20,255,16,17,0,双一流/国家级平台,长期经历,中青年,58.24,67.63,42.68,89.29,76.81,58.51,47.25,77.06,67.04,2,70.07,100.0,50.6,0.27188,0
APP-0203,工程技术,6,121,14,6,1,普通高校/机构,长期经历,青年,60.7,71.07,77.32,51.43,55.37,83.01,66.89,99.3,64.99,4,50.85,65.56,48.39,0.05423,0
APP-0204,生命科学,6,144,7,2,0,省部级重点单位,短期交流,青年,68.42,68.46,76.32,55.35,55.45,56.82,21.43,71.4,75.66,3,67.51,65.0,59.01,0.13602,0
APP-0205,生命科学,9,154,11,4,1,省部级重点单位,长期经历,青年,84.45,67.08,100.0,64.75,97.3,73.79,83.55,37.11,83.08,11,22.58,71.63,79.06,0.16627,0
APP-0206,信息科学,7,56,7,6,0,双一流/国家级平台,无,青年,75.03,65.22,83.4,67.18,52.69,95.65,31.74,70.54,83.18,10,65.81,100.0,81.05,0.32582,0
APP-0207,生命科学,11,102,8,2,1,普通高校/机构,无,青年,69.31,68.32,72.97,100.0,88.66,100.0,17.27,77.21,83.48,7,70.99,54.17,55.34,0.85356,1
APP-0208,工程技术,7,181,9,10,1,普通高校/机构,无,中青年,89.84,64.32,71.82,57.46,72.47,54.58,37.09,83.51,85.34,6,59.02,44.35,58.49,0.13801,1
APP-0209,生命科学,3,151,9,6,0,双一流/国家级平台,无,青年,46.23,54.1,63.25,52.04,54.28,65.55,43.01,92.1,71.62,6,79.23,98.0,63.97,0.07318,0
APP-0210,工程技术,4,103,5,4,0,普通高校/机构,无,青年,55.15,82.08,69.96,56.83,47.05,67.73,35.3,92.87,97.08,8,61.57,39.84,67.98,0.11495,0
APP-0211,管理科学,6,832,6,6,1,省部级重点单位,无,中青年,39.54,77.23,72.14,72.02,54.98,100.0,30.7,68.04,80.03,7,58.94,85.37,73.97,0.3331,1
APP-0212,工程技术,8,96,9,7,0,普通高校/机构,短期交流,青年,87.71,96.27,38.53,75.4,72.68,73.18,85.64,60.11,84.95,6,92.65,60.67,57.21,0.13513,0
APP-0213,生命科学,14,377,10,15,2,双一流/国家级平台,短期交流,中青年,70.74,75.17,70.95,59.81,51.45,86.9,32.59,53.22,75.44,3,36.84,69.8,60.59,0.31802,1
APP-0214,管理科学,20,903,25,30,2,双一流/国家级平台,短期交流,资深,84.56,64.16,69.52,69.27,90.87,77.6,16.34,61.9,85.11,7,83.84,36.14,87.03,0.66838,1
APP-0215,管理科学,2,132,12,8,0,普通高校/机构,无,中青年,70.58,61.23,94.31,94.29,62.67,59.61,42.99,77.15,100.0,6,82.26,100.0,59.26,0.48551,0
APP-0216,管理科学,2,101,6,1,0,省部级重点单位,短期交流,青年,85.3,70.66,66.02,69.46,77.21,51.68,97.08,49.77,72.11,7,72.91,55.12,54.23,0.09506,1
APP-0217,生命科学,7,313,3,1,0,普通高校/机构,无,青年,70.35,77.74,56.52,73.17,75.92,66.64,28.72,56.1,70.84,5,47.91,49.38,62.55,0.06767,0
APP-0218,生命科学,8,180,12,8,1,省部级重点单位,无,中青年,77.33,66.57,72.03,93.56,91.95,100.0,32.01,78.43,73.35,6,62.85,71.87,65.33,0.89002,1
APP-0219,交叉学科,12,725,9,8,1,省部级重点单位,无,中青年,75.43,49.42,69.12,59.93,58.99,77.09,41.93,60.3,78.67,8,39.91,50.39,37.81,0.18319,0
APP-0220,信息科学,6,318,11,5,0,双一流/国家级平台,无,青年,76.39,59.65,66.04,59.08,67.7,86.65,80.88,75.55,76.79,6,44.76,69.64,56.46,0.06974,1
APP-0221,信息科学,5,69,11,9,3,普通高校/机构,无,中青年,93.9,70.25,48.82,62.89,43.58,56.98,40.63,57.79,71.59,3,58.63,39.3,71.14,0.06235,0
APP-0222,工程技术,7,192,10,8,1,普通高校/机构,短期交流,中青年,50.88,80.36,65.66,62.14,67.65,70.1,29.53,74.32,81.5,6,38.33,64.62,98.08,0.13049,0
APP-0223,工程技术,7,57,8,4,0,省部级重点单位,短期交流,青年,71.11,49.2,59.31,45.33,84.24,83.35,57.26,58.42,97.61,6,51.33,51.14,55.01,0.01197,0
APP-0224,交叉学科,14,758,25,16,2,省部级重点单位,短期交流,中青年,74.57,73.71,64.75,70.79,69.51,60.91,55.77,41.47,80.5,5,33.96,47.9,77.0,0.19156,0
APP-0225,信息科学,7,180,6,4,0,省部级重点单位,无,青年,72.63,73.1,78.98,71.82,100.0,73.23,59.73,84.34,81.04,7,69.06,45.06,67.05,0.48272,0
APP-0226,交叉学科,3,202,7,2,0,普通高校/机构,短期交流,青年,66.83,63.68,57.88,66.58,74.32,63.44,28.75,59.56,85.43,9,88.7,77.95,83.72,0.2093,0
APP-0227,生命科学,4,95,22,22,3,普通高校/机构,短期交流,资深,65.05,61.78,64.68,72.22,57.35,83.92,38.71,66.27,88.48,7,99.94,55.69,53.48,0.50344,0
APP-0228,工程技术,3,25,6,7,1,双一流/国家级平台,无,青年,91.89,59.69,76.12,72.36,73.29,78.78,82.76,59.63,95.73,3,35.33,58.69,82.75,0.08356,0
APP-0229,工程技术,8,966,8,11,0,普通高校/机构,短期交流,中青年,71.08,71.97,63.96,51.89,42.59,82.2,58.18,78.17,84.4,5,38.84,69.69,87.84,0.02871,0
APP-0230,生命科学,8,189,12,12,1,普通高校/机构,无,中青年,100.0,85.78,100.0,72.75,53.22,84.45,84.28,75.0,81.97,7,55.0,82.52,88.56,0.90052,1
APP-0231,生命科学,1,25,7,1,0,双一流/国家级平台,无,青年,78.87,86.77,71.73,76.26,46.53,71.27,48.92,78.13,72.08,6,72.45,45.38,88.27,0.09637,0
APP-0232,信息科学,21,859,28,31,2,普通高校/机构,无,资深,68.23,54.26,49.37,48.24,66.26,86.04,71.13,61.76,89.4,5,54.16,65.97,67.24,0.02076,0
APP-0233,交叉学科,7,586,7,4,0,省部级重点单位,无,青年,79.18,67.38,55.41,88.02,65.03,66.92,55.86,69.25,73.55,8,77.55,45.63,73.94,0.32635,1
APP-0234,工程技术,6,121,10,3,0,普通高校/机构,无,青年,73.42,39.29,53.9,52.93,85.28,81.51,39.53,76.26,73.25,6,68.92,58.25,56.87,0.05081,0
APP-0235,交叉学科,10,197,21,25,3,双一流/国家级平台,无,资深,89.45,71.53,55.62,54.2,64.41,50.35,66.26,93.18,83.93,4,22.92,81.17,26.21,0.11099,0
APP-0236,管理科学,9,224,9,6,0,省部级重点单位,无,中青年,56.82,78.37,76.05,71.63,49.96,65.04,32.5,74.6,97.42,4,59.39,19.77,68.35,0.12622,1
APP-0237,工程技术,5,58,8,11,0,双一流/国家级平台,长期经历,中青年,48.58,91.99,51.4,75.95,90.95,100.0,80.87,54.95,89.26,3,33.5,45.39,61.26,0.04874,0
APP-0238,管理科学,6,88,11,7,0,普通高校/机构,无,青年,76.69,44.99,63.03,79.11,18.89,81.33,70.16,74.02,81.62,13,46.97,57.84,80.37,0.00301,0
APP-0239,生命科学,3,267,8,4,0,省部级重点单位,无,青年,82.86,54.77,85.14,76.29,66.62,81.34,49.22,67.53,72.18,7,50.03,68.85,78.65,0.07523,0
APP-0240,生命科学,3,77,15,12,1,省部级重点单位,无,中青年,75.72,72.02,60.2,62.24,69.48,64.11,46.3,40.02,97.22,9,73.09,83.96,45.94,0.67135,1
APP-0241,交叉学科,5,70,3,2,1,普通高校/机构,长期经历,青年,80.74,47.34,78.07,70.41,65.84,60.87,52.32,42.32,81.43,5,57.68,31.45,100.0,0.08984,1
APP-0242,管理科学,5,89,5,1,0,普通高校/机构,无,青年,78.83,72.41,42.76,64.88,74.0,70.83,46.54,69.0,79.1,9,48.94,87.48,70.6,0.22976,0
APP-0243,信息科学,7,313,8,10,0,普通高校/机构,长期经历,中青年,52.75,78.72,62.44,71.27,67.77,73.19,76.38,70.27,87.55,5,100.0,71.37,42.17,0.49145,1
APP-0244,工程技术,5,33,6,3,0,双一流/国家级平台,无,青年,75.66,52.06,54.71,69.89,73.99,96.97,39.22,65.58,77.52,10,40.38,57.67,44.55,0.0573,0
APP-0245,工程技术,8,205,10,1,0,省部级重点单位,无,青年,89.12,71.86,72.5,62.44,56.36,86.23,36.52,83.26,74.47,4,64.01,35.56,26.98,0.18244,0
APP-0246,交叉学科,9,951,8,5,0,省部级重点单位,无,青年,74.23,53.03,52.48,64.49,42.66,75.31,44.83,55.97,75.43,6,71.59,51.7,76.98,0.01779,0
APP-0247,工程技术,6,517,6,7,0,省部级重点单位,无,中青年,54.97,89.26,99.04,44.92,65.26,74.79,65.05,49.21,75.4,6,61.6,80.45,55.04,0.12065,0
APP-0248,信息科学,6,200,10,10,0,省部级重点单位,短期交流,中青年,67.66,72.89,43.41,79.79,49.58,83.1,70.29,57.61,70.73,10,40.27,62.48,49.71,0.03015,0
APP-0249,信息科学,21,960,26,34,2,省部级重点单位,长期经历,资深,79.24,61.04,85.04,72.87,54.34,58.17,52.28,60.85,69.61,1,39.25,58.75,53.05,0.01804,0
APP-0250,信息科学,4,239,1,1,1,普通高校/机构,无,青年,95.34,52.67,81.17,39.01,84.58,50.94,46.11,69.13,91.72,6,70.64,44.51,58.89,0.21468,0
APP-0251,工程技术,6,127,8,2,0,省部级重点单位,长期经历,青年,46.57,75.45,72.65,79.31,90.93,82.92,49.12,58.04,88.69,6,79.13,75.22,73.79,0.4786,1
APP-0252,交叉学科,8,317,9,12,2,普通高校/机构,无,中青年,76.7,89.01,68.82,68.31,84.28,74.86,36.9,37.87,73.77,3,57.17,59.31,36.04,0.6587,0
APP-0253,信息科学,9,614,9,4,0,双一流/国家级平台,无,青年,59.88,59.2,95.82,56.82,81.32,58.25,3.89,31.46,90.88,6,31.87,57.74,45.81,0.07317,1
APP-0254,信息科学,4,45,9,6,0,双一流/国家级平台,无,中青年,78.6,63.84,100.0,55.67,66.96,48.86,32.96,71.85,85.09,5,58.42,60.29,71.91,0.28056,0
APP-0255,信息科学,12,358,22,25,1,普通高校/机构,无,资深,79.64,59.47,64.89,60.05,82.25,84.73,60.21,53.06,78.76,6,88.51,50.39,53.9,0.20355,0
APP-0256,管理科学,7,197,12,9,2,省部级重点单位,短期交流,中青年,68.97,91.78,70.37,56.89,71.69,67.74,44.59,39.92,69.74,7,38.1,47.32,73.9,0.50808,1
APP-0257,管理科学,5,128,12,14,4,普通高校/机构,无,中青年,80.21,43.28,59.71,58.64,97.16,78.8,44.74,79.37,85.41,5,51.86,34.65,55.54,0.16785,0
APP-0258,生命科学,9,194,18,15,1,双一流/国家级平台,无,资深,86.82,88.0,50.46,91.11,51.31,70.83,77.21,93.18,100.0,8,59.38,50.85,90.77,0.48275,1
APP-0259,生命科学,4,119,3,1,0,双一流/国家级平台,无,青年,69.86,64.72,74.95,73.82,76.76,73.59,30.72,68.58,82.15,8,79.98,29.6,67.55,0.47624,0
APP-0260,工程技术,15,368,27,31,2,双一流/国家级平台,无,资深,54.62,69.0,71.74,95.47,45.77,66.89,32.68,74.03,91.99,7,47.62,70.74,84.85,0.11331,0
APP-0261,生命科学,7,323,15,17,2,普通高校/机构,无,中青年,90.53,65.23,43.85,71.93,76.85,73.08,67.05,74.15,79.88,4,67.9,49.98,72.8,0.26831,0
APP-0262,交叉学科,5,164,11,6,0,普通高校/机构,短期交流,中青年,82.77,73.35,74.84,76.53,38.49,80.92,47.92,35.3,91.22,2,86.04,54.94,73.83,0.36,0
APP-0263,信息科学,10,187,25,26,4,普通高校/机构,无,资深,79.33,59.78,72.25,57.55,46.58,70.69,35.66,83.33,80.5,6,28.58,61.33,51.21,0.04571,0
APP-0264,生命科学,8,101,6,13,2,普通高校/机构,无,中青年,63.02,84.82,58.98,66.82,45.48,70.01,80.98,88.6,57.95,7,31.99,47.56,83.85,0.01874,0
APP-0265,交叉学科,9,141,14,11,2,普通高校/机构,无,中青年,84.81,85.39,58.0,67.94,70.03,81.29,32.62,97.55,74.78,3,56.34,40.85,67.67,0.629,0
APP-0266,生命科学,12,292,5,6,0,普通高校/机构,无,青年,98.55,56.23,74.36,77.06,71.67,82.09,41.43,63.44,83.32,9,77.82,65.99,47.79,0.46743,0
APP-0267,信息科学,5,76,9,7,1,双一流/国家级平台,无,中青年,70.42,79.34,92.13,68.36,100.0,60.35,58.78,52.97,92.83,6,64.87,96.0,28.13,0.27332,0
APP-0268,生命科学,10,388,16,15,4,普通高校/机构,短期交流,中青年,73.23,65.01,73.98,73.57,64.54,73.65,49.02,90.38,80.47,6,79.61,78.38,66.38,0.76561,1
APP-0269,生命科学,3,111,5,2,0,普通高校/机构,长期经历,青年,58.15,70.72,79.71,73.1,78.36,67.71,22.53,77.48,82.3,3,24.17,85.04,89.63,0.25254,0
APP-0270,生命科学,10,442,19,17,1,双一流/国家级平台,无,中青年,62.65,91.35,55.52,65.06,68.57,74.16,85.68,83.12,76.13,5,65.13,38.63,48.58,0.04897,0
APP-0271,生命科学,8,115,17,14,1,省部级重点单位,长期经历,中青年,58.03,60.56,61.79,63.73,77.02,91.21,34.11,60.29,97.61,4,1.28,58.55,48.01,0.04062,0
APP-0272,生命科学,8,101,15,17,1,省部级重点单位,短期交流,中青年,73.7,82.97,77.12,60.3,68.3,78.31,45.09,74.07,97.01,7,84.75,58.44,58.62,0.70661,1
APP-0273,生命科学,7,326,4,2,0,省部级重点单位,短期交流,青年,67.57,76.4,47.62,83.07,83.59,99.97,58.74,54.2,75.24,8,81.99,87.71,82.72,0.72611,1
APP-0274,工程技术,12,268,13,11,2,双一流/国家级平台,短期交流,中青年,76.85,67.28,71.11,65.07,49.16,76.64,93.25,69.92,66.84,7,51.64,78.5,32.77,0.10746,1
APP-0275,管理科学,5,105,4,5,0,省部级重点单位,短期交流,青年,60.41,75.14,75.4,73.28,26.84,72.0,41.81,64.78,63.93,4,12.02,59.05,52.95,0.02975,0
APP-0276,信息科学,8,274,5,2,0,省部级重点单位,短期交流,青年,69.82,73.48,67.42,66.96,72.68,73.76,31.61,100.0,88.03,6,54.03,20.81,46.9,0.1614,0
APP-0277,信息科学,14,433,21,15,1,省部级重点单位,无,中青年,59.6,53.78,72.79,82.81,37.12,75.71,59.95,78.23,83.35,11,80.54,41.14,73.56,0.18642,1
APP-0278,工程技术,4,45,1,2,1,普通高校/机构,无,青年,74.44,61.51,68.87,43.15,86.99,77.87,91.76,37.72,74.18,6,66.49,73.39,61.57,0.01554,0
APP-0279,交叉学科,5,295,5,2,0,普通高校/机构,无,青年,50.78,55.37,58.67,72.94,57.23,62.1,52.72,69.98,84.72,9,95.19,56.23,58.11,0.0214,0
APP-0280,交叉学科,5,92,12,13,2,省部级重点单位,无,中青年,73.97,66.13,50.33,52.69,49.39,71.2,44.29,75.52,69.7,6,52.28,60.02,60.94,0.07357,0
APP-0281,生命科学,7,471,15,5,0,普通高校/机构,短期交流,青年,68.38,88.83,66.65,74.08,100.0,65.31,57.83,62.89,89.95,8,98.81,73.05,77.34,0.59291,0
APP-0282,生命科学,7,66,14,15,1,省部级重点单位,无,资深,74.35,78.13,87.57,67.09,65.7,86.36,8.49,53.46,78.18,9,17.76,82.37,83.07,0.4202,1
APP-0283,信息科学,17,413,25,29,4,普通高校/机构,无,资深,50.52,49.94,83.37,49.78,62.64,50.89,37.7,79.91,71.19,4,43.01,47.98,81.42,0.01726,0
APP-0284,信息科学,3,74,8,9,1,普通高校/机构,无,中青年,80.51,66.17,62.82,73.39,77.97,75.88,20.6,55.58,78.33,10,32.29,72.65,73.78,0.28055,0
APP-0285,工程技术,6,38,16,16,5,普通高校/机构,无,资深,68.12,73.27,62.51,71.91,79.05,55.78,42.8,78.63,77.99,7,72.92,91.01,87.53,0.56559,1
APP-0286,信息科学,18,543,22,21,3,双一流/国家级平台,短期交流,资深,74.82,80.42,61.4,65.99,84.23,79.19,39.74,54.31,85.65,9,33.96,87.7,48.16,0.22634,0
APP-0287,生命科学,5,34,5,4,1,普通高校/机构,短期交流,青年,47.69,60.89,61.41,67.64,44.67,69.21,0.0,61.99,93.66,5,78.32,52.45,70.59,0.05263,0
APP-0288,信息科学,8,144,14,8,1,省部级重点单位,无,中青年,55.84,52.68,72.32,71.1,74.58,52.2,53.58,84.34,93.14,5,71.91,67.31,100.0,0.46238,0
APP-0289,工程技术,7,320,7,2,0,双一流/国家级平台,无,青年,66.93,69.21,83.86,84.32,61.31,85.31,62.36,77.34,83.6,6,61.79,75.51,32.78,0.20977,0
APP-0290,生命科学,6,98,12,7,0,普通高校/机构,无,中青年,89.88,77.97,100.0,64.91,51.26,43.8,52.89,70.47,80.13,6,55.91,62.36,54.92,0.33643,0
APP-0291,交叉学科,7,87,9,7,0,省部级重点单位,无,中青年,78.85,73.29,55.55,82.17,66.77,73.62,19.43,69.55,76.31,6,37.11,57.51,46.39,0.35662,0
APP-0292,生命科学,4,172,9,5,1,普通高校/机构,短期交流,青年,73.69,57.61,77.77,68.51,37.02,82.29,75.3,71.36,64.32,4,70.18,30.85,68.91,0.0275,0
APP-0293,交叉学科,4,87,6,3,2,普通高校/机构,无,青年,59.98,94.56,76.14,85.84,80.77,90.52,87.94,58.13,81.81,4,47.95,46.43,88.44,0.08717,0
APP-0294,生命科学,16,244,22,16,2,省部级重点单位,无,资深,57.62,68.62,63.05,65.94,61.35,54.68,58.0,47.25,73.49,8,73.41,49.48,73.14,0.06198,0
APP-0295,交叉学科,11,522,10,6,2,双一流/国家级平台,无,青年,75.6,72.71,52.61,60.34,58.36,67.81,42.92,78.54,94.18,7,88.0,39.3,60.31,0.65536,1
APP-0296,交叉学科,2,31,6,3,1,普通高校/机构,长期经历,青年,81.11,60.73,72.13,54.73,63.8,87.0,54.9,92.95,79.99,8,51.86,63.97,73.28,0.08033,0
APP-0297,交叉学科,3,62,7,6,2,省部级重点单位,短期交流,青年,74.72,85.49,99.8,68.56,63.32,87.81,58.67,79.06,89.47,6,84.45,77.6,59.07,0.93414,1
APP-0298,管理科学,1,84,12,13,2,普通高校/机构,无,中青年,94.22,78.01,72.04,58.69,84.25,89.37,63.64,73.81,77.17,5,61.84,54.45,67.3,0.37031,0
APP-0299,管理科学,9,86,30,34,4,省部级重点单位,无,资深,63.13,74.41,56.19,87.26,48.47,100.0,58.71,51.87,75.25,7,69.97,22.33,74.52,0.02143,0
APP-0300,工程技术,14,894,20,17,2,省部级重点单位,无,中青年,74.33,53.88,65.64,57.67,59.88,67.9,59.0,83.16,88.05,5,31.6,59.87,93.8,0.11058,1
APP-0301,管理科学,8,151,10,10,3,省部级重点单位,长期经历,中青年,49.99,85.32,50.9,60.03,62.54,78.47,35.24,77.22,84.78,5,44.3,66.93,71.64,0.15694,1
APP-0302,生命科学,7,275,10,6,2,省部级重点单位,无,青年,74.74,80.6,68.28,76.55,48.96,69.85,33.54,81.4,85.22,7,44.08,65.71,67.7,0.24124,0
APP-0303,工程技术,2,116,7,3,0,普通高校/机构,无,青年,91.1,84.21,78.25,84.42,68.55,50.3,59.31,85.51,81.06,5,84.96,49.02,98.6,0.57726,1
APP-0304,工程技术,6,125,14,12,1,省部级重点单位,长期经历,中青年,58.46,70.52,57.61,78.5,54.42,72.92,59.35,93.79,89.89,9,51.02,40.31,30.75,0.02012,0
APP-0305,交叉学科,11,167,17,23,1,省部级重点单位,短期交流,资深,82.95,68.95,19.17,82.76,43.53,50.07,41.31,53.28,88.45,4,70.6,77.96,62.44,0.07174,0
APP-0306,工程技术,11,222,13,14,4,省部级重点单位,无,中青年,90.73,67.45,72.15,67.96,74.42,67.75,42.53,50.67,60.23,10,56.51,68.33,51.4,0.55536,0
APP-0307,信息科学,8,277,12,16,1,普通高校/机构,无,中青年,63.03,100.0,60.48,68.14,90.76,56.38,49.28,72.22,79.43,7,50.9,49.74,59.95,0.4405,0
APP-0308,工程技术,8,92,12,9,0,普通高校/机构,无,中青年,78.07,62.41,56.74,95.15,66.77,79.27,40.26,56.16,92.15,4,28.59,34.98,74.27,0.10229,0
APP-0309,信息科学,7,71,7,6,1,普通高校/机构,短期交流,中青年,92.54,53.39,56.61,90.97,64.35,64.66,86.91,53.56,71.8,7,19.85,66.01,80.67,0.05261,0
APP-0310,生命科学,9,504,12,11,1,普通高校/机构,无,中青年,75.0,64.77,74.0,78.28,64.01,52.58,74.64,88.3,65.08,8,51.26,45.84,55.15,0.11462,0
APP-0311,工程技术,13,164,11,13,3,普通高校/机构,长期经历,中青年,82.23,62.54,61.88,83.39,57.74,84.39,61.11,54.86,80.61,6,52.42,68.89,75.38,0.32105,0
APP-0312,信息科学,9,242,15,15,3,普通高校/机构,长期经历,中青年,48.94,87.64,81.96,80.16,84.72,66.75,85.41,69.83,87.21,7,40.46,64.84,48.74,0.40694,1
APP-0313,信息科学,7,137,8,9,3,省部级重点单位,无,中青年,79.76,51.02,82.29,53.32,67.5,68.81,67.57,45.53,77.4,2,60.94,99.38,42.23,0.14287,0
APP-0314,信息科学,12,222,29,30,3,普通高校/机构,短期交流,资深,78.72,62.14,63.94,68.48,31.14,62.27,52.68,70.95,94.93,3,97.31,60.6,65.2,0.04842,1
APP-0315,信息科学,9,487,17,15,0,双一流/国家级平台,无,中青年,54.76,72.67,60.19,88.46,85.18,87.79,40.46,87.74,100.0,10,87.89,98.01,60.28,0.92257,1
APP-0316,信息科学,3,79,6,1,0,省部级重点单位,无,青年,59.46,87.76,69.92,78.36,81.26,77.25,42.1,88.2,62.75,5,57.7,63.47,89.34,0.39118,1
APP-0317,信息科学,8,138,6,2,0,省部级重点单位,短期交流,青年,79.85,79.98,65.82,68.17,75.63,66.64,57.61,85.67,78.16,6,58.39,50.0,100.0,0.64798,1
APP-0318,管理科学,18,297,12,17,1,省部级重点单位,无,中青年,68.06,92.67,41.71,88.61,21.91,51.03,42.56,68.82,59.18,5,70.04,43.0,53.65,0.01909,0
APP-0319,信息科学,17,242,14,13,1,省部级重点单位,无,中青年,86.46,74.84,96.71,73.8,65.95,100.0,46.31,86.67,88.61,9,62.15,46.21,33.2,0.76925,1
APP-0320,交叉学科,8,113,10,10,1,省部级重点单位,无,中青年,76.04,67.15,78.72,78.82,80.29,97.75,42.39,76.45,75.2,4,70.07,69.72,40.76,0.5977,0
APP-0321,交叉学科,7,113,13,11,1,双一流/国家级平台,无,中青年,72.73,81.98,61.05,73.87,72.07,91.32,70.55,63.42,77.24,2,62.71,64.32,49.79,0.07956,0
APP-0322,工程技术,6,407,10,5,2,省部级重点单位,无,青年,69.78,50.86,39.25,76.04,69.28,65.56,0.0,75.73,93.48,5,59.08,28.9,67.52,0.21173,0
APP-0323,信息科学,9,305,12,8,3,省部级重点单位,短期交流,中青年,75.8,46.06,65.29,76.96,80.33,67.99,78.06,83.29,68.72,6,44.16,80.36,59.56,0.09291,1
APP-0324,工程技术,12,197,19,13,0,省部级重点单位,短期交流,中青年,82.44,83.67,59.18,85.9,68.23,78.81,67.26,50.08,66.2,4,64.19,88.58,42.61,0.12411,1
APP-0325,交叉学科,7,295,12,12,0,省部级重点单位,短期交流,中青年,78.94,72.95,67.09,87.59,85.26,63.27,45.31,54.09,59.23,7,11.7,28.72,94.36,0.13192,0
APP-0326,工程技术,5,43,12,13,1,普通高校/机构,短期交流,中青年,66.5,83.5,35.54,63.14,68.59,62.13,55.75,67.85,94.71,3,62.24,80.22,75.27,0.22892,0
APP-0327,管理科学,6,337,9,2,0,省部级重点单位,无,青年,88.11,58.07,60.92,73.62,67.31,91.5,78.63,51.67,92.38,5,15.6,92.3,93.9,0.13453,0
APP-0328,工程技术,14,654,16,14,4,省部级重点单位,短期交流,中青年,80.55,87.99,61.83,85.52,80.28,73.34,57.82,51.46,79.06,7,62.25,29.67,33.38,0.45381,0
APP-0329,工程技术,4,436,8,6,1,双一流/国家级平台,无,中青年,77.01,79.39,65.12,67.29,59.62,60.56,68.97,63.69,69.25,10,37.37,53.59,85.64,0.05641,0
APP-0330,信息科学,8,336,23,17,2,省部级重点单位,无,资深,73.19,69.56,64.46,51.98,48.44,85.43,67.02,84.88,90.34,8,82.5,46.71,61.47,0.29342,0
APP-0331,管理科学,13,351,18,15,2,省部级重点单位,长期经历,中青年,78.5,72.9,68.78,57.19,66.06,67.11,53.5,84.6,100.0,7,58.73,79.53,57.34,0.15163,0
APP-0332,生命科学,5,278,8,5,0,双一流/国家级平台,无,青年,48.19,74.86,90.82,58.09,75.45,50.25,27.79,74.82,79.64,7,56.98,54.54,64.41,0.24278,0
APP-0333,管理科学,13,176,16,17,0,省部级重点单位,无,中青年,75.14,58.01,60.27,63.04,80.81,60.38,48.04,72.7,69.97,4,65.06,53.82,52.11,0.0295,0
APP-0334,交叉学科,10,162,16,10,0,普通高校/机构,无,中青年,93.32,64.61,54.33,59.3,80.89,67.8,16.32,100.0,94.42,6,39.66,69.58,61.57,0.80577,1
APP-0335,生命科学,8,167,10,6,2,普通高校/机构,无,青年,74.86,74.64,42.09,82.38,64.9,76.64,58.91,61.91,70.68,9,79.38,90.07,80.09,0.41185,0
APP-0336,工程技术,14,687,22,22,2,普通高校/机构,无,资深,73.09,64.05,60.33,65.4,63.26,76.06,41.61,73.62,78.33,8,70.82,60.89,30.63,0.05147,0
APP-0337,生命科学,9,110,12,7,1,普通高校/机构,无,青年,64.25,49.43,46.98,85.39,56.53,88.73,37.69,61.17,55.61,13,45.93,53.53,89.45,0.06104,0
APP-0338,管理科学,5,64,9,3,0,普通高校/机构,长期经历,青年,78.41,74.13,82.4,54.31,70.0,71.16,63.11,50.69,78.97,2,35.78,56.88,70.67,0.06096,0
APP-0339,生命科学,5,140,7,1,0,省部级重点单位,无,青年,69.46,81.7,66.56,64.41,39.74,68.41,24.59,87.77,69.22,4,48.53,73.85,62.13,0.02923,0
APP-0340,交叉学科,7,249,11,5,1,省部级重点单位,无,青年,89.02,84.96,82.09,70.36,66.36,88.94,61.33,65.42,94.59,7,53.85,38.04,79.91,0.58672,1
APP-0341,生命科学,15,190,25,25,1,普通高校/机构,无,资深,60.77,77.45,89.99,79.54,100.0,85.74,43.2,80.42,72.24,7,34.31,61.7,70.18,0.52503,1
APP-0342,交叉学科,17,520,19,15,2,省部级重点单位,短期交流,中青年,66.12,81.46,55.02,83.87,41.94,71.44,46.39,66.31,89.8,7,46.86,45.12,55.84,0.05261,0
APP-0343,管理科学,6,336,5,3,0,普通高校/机构,无,青年,64.19,83.83,62.79,62.0,68.51,77.5,55.69,88.7,80.95,6,44.17,40.35,50.86,0.10562,0
APP-0344,工程技术,5,262,21,15,1,双一流/国家级平台,无,中青年,95.85,71.12,87.98,81.91,72.05,68.3,87.91,55.04,83.25,5,51.96,27.0,89.49,0.26825,0
APP-0345,管理科学,12,310,11,13,3,普通高校/机构,无,中青年,69.53,40.34,70.84,47.14,74.1,60.05,57.97,87.46,87.22,7,52.11,52.73,38.86,0.08223,0
APP-0346,管理科学,8,164,8,3,0,省部级重点单位,短期交流,青年,64.87,86.24,75.82,80.33,50.53,100.0,77.17,83.41,81.47,7,65.76,81.42,60.65,0.22372,0
APP-0347,交叉学科,5,371,5,6,0,普通高校/机构,短期交流,青年,44.82,57.49,83.49,51.57,74.25,67.5,77.91,43.08,75.52,9,56.62,26.3,40.02,0.00327,0
APP-0348,信息科学,13,267,14,12,1,省部级重点单位,短期交流,中青年,60.15,54.17,81.45,74.81,57.45,77.54,65.39,62.25,73.88,6,64.04,71.77,72.29,0.07469,0
APP-0349,工程技术,7,287,8,6,0,普通高校/机构,短期交流,青年,78.86,54.55,74.16,83.68,43.16,55.82,13.12,85.31,87.09,2,60.98,50.32,62.35,0.17773,0
APP-0350,生命科学,10,750,13,10,1,省部级重点单位,无,中青年,78.81,100.0,88.95,80.53,81.23,82.84,45.21,94.56,62.98,6,52.1,42.86,42.76,0.82707,1
APP-0351,工程技术,7,268,7,2,0,普通高校/机构,无,青年,63.53,76.17,66.98,47.69,76.63,59.53,28.19,80.73,98.78,5,69.67,68.19,49.23,0.3163,0
APP-0352,生命科学,12,129,9,8,1,双一流/国家级平台,无,中青年,64.26,55.42,75.79,63.19,50.54,94.14,100.0,64.05,83.32,8,1.12,85.59,64.75,0.0076,0
APP-0353,工程技术,17,150,20,20,6,省部级重点单位,无,资深,96.18,60.43,65.35,78.32,57.3,95.57,42.99,55.47,78.63,11,48.82,88.96,68.85,0.41696,0
APP-0354,工程技术,12,203,13,5,1,省部级重点单位,无,青年,100.0,69.99,83.31,77.95,56.72,80.79,36.39,78.5,84.66,5,44.59,67.11,31.07,0.4684,0
APP-0355,工程技术,6,219,4,5,0,双一流/国家级平台,无,青年,86.95,77.59,57.49,72.59,39.7,75.38,12.82,63.61,76.06,3,58.39,60.73,52.01,0.12581,0
APP-0356,工程技术,19,497,28,34,3,双一流/国家级平台,无,资深,92.27,73.91,42.76,40.38,78.2,71.75,38.99,64.25,80.22,4,43.31,69.05,66.73,0.10634,0
APP-0357,管理科学,13,1108,13,7,0,普通高校/机构,无,中青年,95.03,57.0,77.82,84.57,78.8,73.43,67.03,66.64,70.68,6,66.98,100.0,84.57,0.70881,1
APP-0358,管理科学,10,279,12,9,1,普通高校/机构,无,中青年,100.0,74.44,52.7,86.89,60.68,78.91,82.91,83.23,85.75,7,70.51,56.73,78.27,0.54021,0
APP-0359,工程技术,7,126,10,7,0,普通高校/机构,短期交流,青年,68.07,61.44,51.21,71.13,65.55,75.08,28.6,97.1,81.22,11,28.32,82.43,56.27,0.12039,0
APP-0360,工程技术,7,75,11,4,0,普通高校/机构,短期交流,青年,60.58,84.66,86.97,71.97,67.84,85.78,73.43,85.4,83.87,4,60.47,51.34,80.98,0.13142,0
APP-0361,交叉学科,15,646,14,14,5,省部级重点单位,无,中青年,95.84,70.79,82.49,75.54,69.91,62.98,51.42,70.14,96.83,4,30.38,47.05,58.64,0.51254,1
APP-0362,生命科学,13,263,28,34,4,双一流/国家级平台,无,资深,59.46,59.37,62.86,87.99,44.44,92.34,40.29,56.51,73.96,4,65.59,93.84,10.92,0.0364,0
APP-0363,生命科学,9,72,8,7,0,双一流/国家级平台,短期交流,青年,58.63,79.65,22.32,72.26,73.82,68.93,53.46,80.01,80.71,6,46.67,62.05,88.49,0.05823,0
APP-0364,生命科学,13,268,15,14,6,省部级重点单位,短期交流,中青年,58.93,75.37,76.0,66.51,47.19,65.05,78.35,94.98,65.49,5,39.92,66.04,71.78,0.31295,0
APP-0365,工程技术,12,129,22,17,2,省部级重点单位,无,中青年,70.29,63.35,77.94,73.96,76.9,78.35,51.02,85.05,87.5,9,21.79,71.85,67.2,0.22443,1
APP-0366,信息科学,6,105,4,6,0,双一流/国家级平台,无,青年,46.2,80.22,75.75,68.86,48.96,79.12,27.83,73.12,81.83,1,54.16,45.93,64.14,0.08571,0
APP-0367,管理科学,7,157,5,5,0,双一流/国家级平台,短期交流,青年,53.37,78.81,75.06,69.0,45.2,53.16,58.48,62.66,82.17,8,32.84,54.11,69.15,0.01249,0
APP-0368,工程技术,6,77,4,5,0,普通高校/机构,短期交流,青年,63.91,86.83,65.28,46.04,65.55,68.23,58.16,75.18,80.43,4,26.33,50.44,64.12,0.01595,0
APP-0369,信息科学,12,179,20,14,0,省部级重点单位,无,中青年,56.45,79.94,61.84,75.8,65.19,47.94,46.19,87.32,76.22,5,59.72,67.98,59.09,0.06748,0
APP-0370,交叉学科,14,174,13,13,2,双一流/国家级平台,无,中青年,85.81,67.0,51.41,84.23,67.66,65.89,77.96,73.48,100.0,8,75.38,68.6,52.9,0.18622,0
APP-0371,管理科学,8,109,8,6,1,普通高校/机构,长期经历,中青年,72.09,46.33,57.54,82.26,51.72,66.41,4.22,68.45,82.38,7,63.89,51.19,65.31,0.46618,0
APP-0372,信息科学,8,90,5,6,3,普通高校/机构,无,青年,79.5,72.61,72.82,81.36,69.25,77.57,57.14,59.69,84.97,5,27.38,98.5,49.02,0.36478,0
APP-0373,信息科学,8,127,9,6,1,双一流/国家级平台,长期经历,中青年,78.08,74.79,73.07,68.31,70.75,64.55,65.69,100.0,70.61,3,53.26,61.51,44.58,0.17748,0
APP-0374,信息科学,6,77,19,16,2,双一流/国家级平台,无,中青年,69.31,70.72,79.85,70.89,84.65,67.39,21.02,56.64,90.85,4,69.61,63.85,68.59,0.57951,0
APP-0375,生命科学,11,334,18,16,0,双一流/国家级平台,无,中青年,84.85,27.85,46.9,84.49,68.96,89.65,30.51,55.25,80.77,7,53.27,86.18,80.66,0.41123,0
APP-0376,生命科学,10,239,14,12,1,省部级重点单位,无,中青年,77.88,79.5,43.11,80.28,56.41,98.77,69.96,72.46,86.46,5,62.51,46.25,50.46,0.11408,0
APP-0377,交叉学科,6,300,4,5,1,普通高校/机构,无,青年,67.86,57.23,62.3,88.32,44.45,62.95,73.49,66.97,91.02,8,47.25,52.62,53.42,0.0068,0
APP-0378,信息科学,9,654,9,6,0,普通高校/机构,长期经历,中青年,50.11,79.6,52.7,60.25,41.52,86.23,77.2,85.35,80.96,7,48.31,67.14,35.17,0.02355,0
APP-0379,信息科学,9,298,17,16,2,省部级重点单位,无,中青年,78.77,93.81,70.79,60.17,71.17,78.65,36.14,85.86,75.23,4,42.81,35.44,41.63,0.32704,0
APP-0380,管理科学,4,137,5,5,1,省部级重点单位,长期经历,青年,55.6,66.46,48.35,64.68,78.69,53.13,54.02,51.79,58.72,5,68.24,57.73,42.27,0.00766,0
APP-0381,工程技术,8,282,8,1,0,省部级重点单位,无,青年,76.94,76.14,85.7,56.74,51.76,64.51,56.67,58.67,78.13,10,69.5,98.92,80.56,0.13692,0
APP-0382,交叉学科,15,406,19,14,1,省部级重点单位,长期经历,中青年,73.03,70.46,55.67,51.82,70.08,37.67,15.86,56.87,75.18,5,44.9,94.92,34.48,0.26088,1
APP-0383,管理科学,11,236,16,17,0,普通高校/机构,长期经历,中青年,54.32,77.36,91.89,75.09,63.21,77.88,53.15,81.77,70.57,2,71.1,78.15,71.81,0.36328,0
APP-0384,工程技术,1,47,7,1,0,省部级重点单位,无,青年,75.36,71.45,75.86,74.21,77.49,61.08,52.77,76.43,96.53,5,27.46,83.29,59.49,0.04063,0
APP-0385,信息科学,13,136,23,25,2,普通高校/机构,无,资深,74.49,62.76,52.17,72.2,79.86,75.61,64.91,64.43,91.83,2,52.58,70.88,74.29,0.1424,0
APP-0386,交叉学科,17,580,26,23,8,普通高校/机构,短期交流,资深,74.53,57.33,99.42,73.6,29.74,100.0,38.57,73.25,63.7,6,28.93,54.23,83.83,0.23269,0
APP-0387,管理科学,7,153,14,4,1,普通高校/机构,无,青年,73.91,92.27,71.98,49.97,82.51,93.12,75.01,53.11,83.54,10,33.36,91.58,63.49,0.07304,0
APP-0388,交叉学科,11,585,11,13,1,普通高校/机构,长期经历,中青年,63.52,76.14,70.49,62.76,70.04,64.8,51.61,58.86,73.83,3,28.69,44.92,83.27,0.03998,0
APP-0389,生命科学,9,348,20,17,3,双一流/国家级平台,无,中青年,79.69,81.63,67.02,65.18,57.5,61.89,84.19,50.5,85.67,3,42.89,79.43,90.35,0.17804,0
APP-0390,交叉学科,8,116,22,19,7,普通高校/机构,无,资深,63.06,75.59,75.0,69.63,57.94,89.52,64.93,72.18,74.0,3,68.4,52.83,86.89,0.26434,0
APP-0391,工程技术,3,189,2,1,0,普通高校/机构,无,青年,58.03,83.66,75.88,50.02,66.51,61.94,55.55,72.13,76.61,5,54.43,53.92,52.57,0.02848,0
APP-0392,生命科学,7,30,5,3,0,省部级重点单位,短期交流,青年,80.77,57.46,55.03,56.94,57.94,85.89,28.03,55.23,91.63,6,44.32,71.7,30.52,0.12636,0
APP-0393,工程技术,10,736,15,16,2,省部级重点单位,长期经历,中青年,84.17,71.16,64.8,63.33,51.01,100.0,28.77,76.32,90.19,11,52.53,98.61,61.88,0.62803,1
APP-0394,管理科学,2,28,8,6,0,普通高校/机构,无,青年,79.88,77.08,69.74,82.76,54.68,82.11,82.02,85.86,97.09,9,14.87,87.72,67.03,0.33356,1
APP-0395,生命科学,12,339,17,17,1,普通高校/机构,短期交流,中青年,69.31,88.1,76.74,72.4,49.36,88.21,67.55,54.54,79.83,2,67.44,68.1,30.79,0.24918,0
APP-0396,信息科学,12,325,15,14,0,普通高校/机构,长期经历,中青年,46.79,100.0,77.0,82.28,87.55,86.82,44.3,65.11,67.44,1,11.05,63.13,65.04,0.19179,0
APP-0397,交叉学科,15,623,14,7,1,省部级重点单位,无,青年,91.26,75.71,70.47,67.41,66.89,67.31,52.09,77.7,91.21,7,41.86,76.07,20.26,0.19576,0
APP-0398,信息科学,16,257,11,14,2,普通高校/机构,无,中青年,46.58,60.74,59.75,69.01,100.0,77.48,54.44,69.9,91.27,8,54.42,86.57,90.28,0.28901,0
APP-0399,信息科学,11,57,16,19,4,普通高校/机构,短期交流,资深,79.62,53.26,58.98,75.49,71.94,62.52,23.1,49.42,88.28,5,64.91,30.31,72.12,0.221,0
APP-0400,信息科学,10,170,19,16,4,普通高校/机构,短期交流,中青年,99.43,57.33,50.13,66.7,75.42,89.48,54.69,63.39,74.56,10,60.78,59.71,50.09,0.50304,1
APP-0401,信息科学,9,167,19,17,3,省部级重点单位,无,中青年,73.94,59.16,76.89,60.88,49.01,60.98,62.25,62.89,71.29,10,55.01,43.06,66.15,0.04414,0
APP-0402,交叉学科,5,32,4,4,0,普通高校/机构,短期交流,青年,75.79,29.38,58.76,49.63,62.51,82.41,64.93,67.44,87.36,3,85.15,58.06,68.25,0.01931,0
APP-0403,管理科学,5,124,9,3,1,双一流/国家级平台,无,青年,76.93,60.54,65.12,61.23,67.16,87.58,42.64,68.08,73.14,4,96.3,39.36,72.21,0.24381,0
APP-0404,生命科学,19,185,28,25,4,普通高校/机构,长期经历,资深,74.58,80.03,71.57,79.87,55.8,68.1,82.0,93.49,78.92,5,56.14,29.49,65.18,0.24938,1
APP-0405,交叉学科,11,348,13,10,2,省部级重点单位,长期经历,中青年,100.0,71.06,68.06,85.39,58.56,65.35,82.14,66.87,100.0,8,54.0,38.25,80.06,0.59592,0
APP-0406,交叉学科,13,225,8,7,0,普通高校/机构,短期交流,中青年,61.04,66.38,67.92,58.95,72.72,71.96,34.62,44.23,100.0,3,52.81,52.04,42.45,0.11689,0
APP-0407,信息科学,15,1073,32,33,4,普通高校/机构,无,资深,59.41,47.29,54.43,46.46,73.04,63.29,24.48,71.37,89.93,4,43.78,72.56,61.8,0.04216,0
APP-0408,交叉学科,7,132,12,2,1,普通高校/机构,无,青年,67.74,84.71,72.03,81.05,44.61,75.88,61.89,96.22,75.38,8,63.52,47.35,94.37,0.40622,0
APP-0409,生命科学,16,421,11,11,1,双一流/国家级平台,无,中青年,94.63,77.17,63.31,69.9,70.54,63.0,45.88,67.49,74.78,4,81.43,46.42,58.02,0.72366,1
APP-0410,交叉学科,6,120,6,2,0,双一流/国家级平台,无,青年,64.5,69.82,66.7,51.49,74.85,63.87,37.2,63.43,89.16,5,6.2,69.12,68.1,0.04839,0
APP-0411,工程技术,8,61,13,6,0,普通高校/机构,短期交流,青年,77.59,39.16,85.37,28.56,56.56,80.56,54.46,65.42,96.97,9,52.61,67.16,47.08,0.03173,0
APP-0412,工程技术,9,168,13,11,2,普通高校/机构,无,中青年,85.92,63.13,75.58,56.48,54.93,81.41,70.43,78.76,76.88,8,85.77,92.64,100.0,0.77317,1
APP-0413,生命科学,8,284,6,9,2,双一流/国家级平台,无,中青年,82.13,76.07,59.44,62.98,73.06,70.48,76.69,65.36,77.43,7,63.86,78.82,68.85,0.30318,1
APP-0414,交叉学科,14,417,20,18,4,省部级重点单位,无,资深,85.23,69.6,65.77,54.03,24.83,54.24,60.87,47.27,82.88,3,64.28,43.53,42.6,0.08365,0
APP-0415,生命科学,9,159,3,1,0,普通高校/机构,无,青年,90.43,72.69,91.99,77.99,66.03,88.05,5.35,59.92,68.11,5,23.98,49.93,82.54,0.38484,0
APP-0416,信息科学,10,81,18,24,4,普通高校/机构,无,资深,76.01,79.6,63.39,58.44,92.15,68.62,69.09,69.03,68.42,5,70.04,75.44,45.76,0.49773,1
APP-0417,生命科学,4,155,4,7,1,省部级重点单位,短期交流,中青年,66.06,72.17,68.6,69.16,24.46,98.75,33.88,78.03,70.24,11,76.18,46.04,75.62,0.25792,0
APP-0418,管理科学,9,252,16,10,2,省部级重点单位,短期交流,中青年,73.91,79.1,77.96,99.86,79.17,72.41,56.17,61.26,87.46,6,60.0,56.16,81.51,0.66585,0
APP-0419,生命科学,12,426,18,21,4,省部级重点单位,无,资深,67.59,58.19,71.23,70.53,74.71,75.63,47.56,65.56,84.72,5,42.89,31.21,98.45,0.22003,0
APP-0420,交叉学科,9,161,18,16,4,双一流/国家级平台,长期经历,中青年,100.0,52.88,62.41,67.5,42.99,68.82,100.0,70.67,93.37,10,64.86,38.48,67.81,0.05128,1
APP-0421,工程技术,7,52,13,9,2,省部级重点单位,长期经历,中青年,65.08,76.68,56.85,67.79,74.33,76.92,91.16,58.34,64.63,8,35.24,84.67,64.83,0.05044,0
APP-0422,生命科学,6,195,6,1,0,普通高校/机构,无,青年,78.28,79.55,67.85,77.7,82.02,100.0,40.81,68.62,66.83,6,32.6,65.01,29.54,0.27367,0
APP-0423,生命科学,4,101,8,4,0,省部级重点单位,短期交流,青年,52.49,77.27,77.87,76.09,47.17,69.81,23.11,77.01,86.56,7,72.04,50.68,56.24,0.16528,0
APP-0424,生命科学,15,741,28,30,4,普通高校/机构,无,资深,73.73,71.84,87.81,55.95,54.68,89.32,24.67,52.2,73.28,10,77.92,53.21,51.86,0.15435,0
APP-0425,工程技术,8,177,16,15,5,普通高校/机构,无,中青年,68.27,65.46,46.02,63.66,66.42,75.09,55.43,74.6,74.01,10,41.15,92.88,60.93,0.42847,0
APP-0426,管理科学,3,82,4,3,2,普通高校/机构,无,青年,80.78,72.95,94.44,60.32,81.64,88.09,54.65,53.65,92.13,4,32.69,50.18,55.16,0.18226,0
APP-0427,信息科学,2,87,5,5,0,普通高校/机构,无,青年,81.12,75.31,63.67,65.33,57.34,50.82,42.55,53.95,76.47,9,38.44,70.52,77.37,0.08754,0
APP-0428,交叉学科,6,94,12,10,0,省部级重点单位,长期经历,中青年,90.42,76.15,81.87,92.75,65.33,97.34,42.31,60.06,77.64,5,59.95,77.69,54.49,0.79226,1
APP-0429,生命科学,10,138,15,14,1,普通高校/机构,长期经历,中青年,89.39,100.0,56.94,77.03,55.36,78.09,65.34,90.48,79.5,8,32.72,88.01,72.08,0.77495,0
APP-0430,管理科学,9,180,8,2,0,普通高校/机构,短期交流,青年,71.14,57.11,43.84,67.96,66.39,70.79,48.43,44.27,80.11,6,81.68,46.68,62.04,0.03394,0
APP-0431,交叉学科,12,135,21,17,1,省部级重点单位,无,中青年,59.72,100.0,48.31,85.18,82.75,84.84,40.35,63.04,88.85,10,46.7,36.81,53.41,0.36255,0
APP-0432,管理科学,7,134,14,12,3,省部级重点单位,无,中青年,61.25,52.4,63.04,71.45,67.69,75.73,42.86,69.6,69.9,8,63.33,42.13,51.87,0.09315,0
APP-0433,管理科学,7,550,8,8,0,省部级重点单位,长期经历,中青年,75.94,75.4,75.86,47.71,60.28,60.23,46.76,87.51,80.12,3,41.14,75.16,67.96,0.32726,1
APP-0434,交叉学科,4,201,1,4,0,双一流/国家级平台,无,青年,74.05,53.27,68.47,90.63,65.48,44.92,54.45,99.22,93.62,8,67.68,97.85,87.3,0.32222,0
APP-0435,生命科学,12,301,15,16,1,省部级重点单位,无,中青年,75.35,74.29,64.25,66.97,53.19,95.91,55.63,63.67,100.0,6,69.32,75.78,51.58,0.36624,0
APP-0436,生命科学,5,329,4,5,1,普通高校/机构,无,青年,65.04,83.75,84.77,39.67,50.09,71.33,17.03,78.09,68.43,8,22.44,50.13,64.81,0.06256,0
APP-0437,生命科学,4,60,5,3,0,省部级重点单位,无,青年,90.68,70.46,68.03,48.2,85.25,66.64,65.02,68.58,85.31,6,42.41,83.38,72.23,0.11292,0
APP-0438,工程技术,9,969,15,13,0,省部级重点单位,无,中青年,52.86,83.62,72.2,83.66,92.2,67.58,42.76,68.49,80.1,5,52.87,53.56,63.66,0.59872,1
APP-0439,管理科学,8,129,16,15,1,普通高校/机构,无,中青年,64.32,64.07,100.0,48.42,37.34,91.57,29.72,74.1,81.01,8,45.5,47.03,34.08,0.04725,0
APP-0440,工程技术,5,441,13,4,1,普通高校/机构,短期交流,青年,58.0,41.3,67.88,86.54,75.31,68.12,42.55,46.22,74.1,6,73.43,56.03,72.14,0.16386,0
APP-0441,交叉学科,14,1034,24,23,1,普通高校/机构,无,资深,69.28,78.77,57.56,70.05,79.74,81.73,73.12,69.28,89.56,7,44.06,51.54,38.39,0.17294,0
APP-0442,生命科学,6,44,13,4,2,省部级重点单位,无,青年,88.21,70.43,75.21,78.28,46.61,69.98,61.95,76.76,89.04,4,70.3,49.37,38.63,0.213,1
APP-0443,管理科学,14,732,19,16,2,普通高校/机构,无,中青年,68.26,63.29,79.01,65.66,58.45,58.94,51.94,57.1,100.0,8,65.69,83.99,41.82,0.19987,0
APP-0444,生命科学,13,220,32,32,3,普通高校/机构,无,资深,73.32,64.25,72.51,75.8,56.77,84.82,32.06,76.86,68.79,4,53.84,52.72,61.25,0.0358,0
APP-0445,信息科学,8,120,14,14,1,双一流/国家级平台,长期经历,中青年,80.64,75.69,70.35,73.12,96.42,87.24,38.66,44.07,64.52,5,71.13,33.43,47.62,0.73055,1
APP-0446,管理科学,9,270,13,16,1,双一流/国家级平台,无,资深,67.64,58.6,90.23,68.5,92.44,65.85,31.16,71.4,100.0,5,25.24,72.55,39.6,0.1072,0
APP-0447,交叉学科,8,90,15,16,1,普通高校/机构,短期交流,中青年,76.97,75.25,88.36,55.15,51.26,73.55,50.24,90.13,81.48,5,54.77,44.82,70.46,0.26674,0
APP-0448,工程技术,15,416,18,17,3,双一流/国家级平台,短期交流,中青年,75.26,86.64,66.24,73.66,42.65,75.16,50.67,66.72,77.43,7,40.52,45.4,63.54,0.31194,0
APP-0449,生命科学,5,65,9,9,2,普通高校/机构,无,中青年,57.3,98.84,58.35,45.38,78.37,79.34,36.97,55.33,83.88,7,53.86,74.62,76.88,0.38709,1
APP-0450,工程技术,6,155,10,12,3,双一流/国家级平台,短期交流,中青年,65.96,89.66,74.44,81.11,74.7,97.66,67.56,48.62,68.05,4,46.61,48.94,51.6,0.20169,0
APP-0451,生命科学,4,243,9,5,0,双一流/国家级平台,短期交流,青年,76.61,72.26,58.26,71.56,85.9,70.11,57.69,75.86,85.76,4,57.2,53.85,62.92,0.11996,0
APP-0452,交叉学科,8,224,6,6,1,普通高校/机构,无,中青年,88.67,73.61,81.28,75.03,49.05,70.04,6.82,83.92,81.2,3,56.19,62.76,77.61,0.78889,0
APP-0453,管理科学,15,237,6,6,2,省部级重点单位,无,青年,88.66,64.4,74.36,34.98,77.58,71.9,60.62,69.16,92.74,8,58.78,56.85,41.67,0.15929,0
APP-0454,生命科学,10,299,14,17,5,双一流/国家级平台,无,资深,99.24,63.48,100.0,54.37,54.29,62.69,71.02,63.04,90.57,7,59.57,54.27,52.75,0.1351,0
APP-0455,生命科学,3,34,5,2,0,双一流/国家级平台,长期经历,青年,78.31,82.21,90.1,62.43,75.97,53.33,54.05,41.04,91.4,5,67.47,19.83,80.88,0.18561,0
APP-0456,生命科学,3,49,4,3,0,双一流/国家级平台,短期交流,青年,66.63,65.69,51.82,77.76,65.41,75.61,61.63,71.86,83.91,9,30.83,58.89,64.33,0.12343,0
APP-0457,交叉学科,15,227,29,33,2,省部级重点单位,长期经历,资深,71.17,75.13,60.22,56.74,96.41,80.33,44.73,59.66,98.04,5,66.19,91.04,61.44,0.32431,0
APP-0458,信息科学,5,200,9,4,1,普通高校/机构,长期经历,青年,70.52,56.52,39.29,100.0,73.16,74.03,48.69,60.52,87.76,5,25.75,73.33,63.34,0.04345,0
APP-0459,管理科学,7,203,10,4,1,双一流/国家级平台,无,青年,66.7,89.18,35.93,65.58,60.98,73.25,49.11,94.25,76.67,9,0.11,55.24,84.79,0.13666,0
APP-0460,工程技术,9,272,13,14,5,省部级重点单位,短期交流,中青年,76.98,65.49,69.71,55.79,68.21,63.22,53.68,42.98,73.91,6,95.45,70.46,63.59,0.61501,1
APP-0461,工程技术,4,100,3,4,1,省部级重点单位,无,青年,77.58,85.23,50.11,66.57,64.39,77.03,38.42,44.98,75.03,5,37.22,73.29,64.77,0.04676,0
APP-0462,生命科学,4,61,8,7,0,普通高校/机构,短期交流,青年,56.74,60.15,92.62,56.64,47.53,76.04,71.85,73.47,87.89,14,47.04,46.84,63.72,0.01556,0
APP-0463,交叉学科,8,458,11,6,1,省部级重点单位,无,中青年,86.15,59.41,85.37,53.6,96.8,79.7,78.9,64.22,68.68,4,18.73,84.63,36.53,0.20429,0
APP-0464,信息科学,7,99,11,4,0,普通高校/机构,无,青年,48.12,88.59,63.93,82.14,91.58,77.88,39.38,62.22,83.55,6,46.91,64.94,72.54,0.09372,0
APP-0465,工程技术,6,181,11,7,0,省部级重点单位,短期交流,青年,69.11,61.24,63.08,75.67,63.18,78.73,26.63,74.09,73.67,5,60.14,56.38,50.04,0.163,1
APP-0466,管理科学,6,128,13,6,0,普通高校/机构,短期交流,青年,86.94,48.05,90.28,75.71,77.2,89.83,33.02,73.84,69.47,5,60.86,90.63,42.54,0.43016,0
APP-0467,工程技术,9,277,15,6,2,省部级重点单位,短期交流,青年,79.9,55.44,93.72,85.6,98.82,80.87,58.1,55.4,71.08,8,31.86,24.77,34.31,0.17085,0
APP-0468,交叉学科,6,93,5,2,0,双一流/国家级平台,无,青年,67.36,81.99,54.01,75.33,85.79,79.77,61.76,61.12,81.76,6,47.13,40.84,37.84,0.20065,1
APP-0469,生命科学,6,274,12,4,0,省部级重点单位,无,青年,97.59,80.65,52.08,55.12,61.08,53.09,65.78,70.74,89.64,4,63.38,73.55,25.42,0.24065,0
APP-0470,工程技术,12,603,11,9,2,省部级重点单位,长期经历,中青年,66.28,59.32,63.48,78.21,64.59,86.64,59.9,72.51,75.24,7,60.77,74.13,46.57,0.19378,1
APP-0471,信息科学,15,571,21,17,2,普通高校/机构,无,中青年,45.97,61.16,74.47,54.35,38.52,70.43,38.63,77.25,61.24,4,58.57,91.64,56.61,0.0345,1
APP-0472,工程技术,3,93,7,1,0,双一流/国家级平台,无,青年,77.89,79.42,60.29,62.79,78.4,74.95,10.2,61.25,100.0,10,71.21,21.39,82.04,0.66798,1
APP-0473,生命科学,9,145,3,5,0,省部级重点单位,无,青年,48.88,88.42,74.78,68.41,85.89,58.73,40.05,75.21,93.18,7,53.82,77.46,65.03,0.39622,0
APP-0474,生命科学,12,1540,23,29,6,普通高校/机构,无,资深,61.19,69.04,97.25,67.09,86.0,99.08,83.08,84.26,91.32,7,83.84,39.58,68.31,0.49711,1
APP-0475,信息科学,8,91,12,15,2,普通高校/机构,无,中青年,80.1,77.76,46.91,45.71,77.22,44.31,67.94,70.7,98.28,2,50.14,69.54,85.75,0.14893,0
APP-0476,信息科学,9,340,4,6,0,普通高校/机构,无,中青年,66.01,82.23,61.31,56.42,71.64,91.86,58.49,68.46,82.92,7,69.89,60.83,15.53,0.18641,0
APP-0477,信息科学,3,104,11,6,1,省部级重点单位,短期交流,中青年,79.55,100.0,47.2,68.71,50.04,79.1,68.09,66.47,80.65,7,70.6,77.3,70.66,0.16641,0
APP-0478,工程技术,11,219,16,6,0,双一流/国家级平台,长期经历,青年,56.94,53.82,55.45,61.06,71.12,51.14,33.2,60.74,95.56,6,23.22,57.76,69.35,0.02664,0
APP-0479,工程技术,2,74,14,15,4,省部级重点单位,长期经历,资深,83.16,60.64,63.58,83.64,55.89,98.44,54.58,55.93,95.49,5,64.82,80.2,78.0,0.46192,1
APP-0480,信息科学,5,86,23,23,1,普通高校/机构,无,资深,50.02,62.91,57.09,85.87,74.4,80.17,60.24,65.53,88.15,7,43.2,47.09,33.46,0.006,0
APP-0481,信息科学,15,396,28,25,6,双一流/国家级平台,无,资深,89.14,81.59,75.8,54.43,53.78,45.7,45.54,76.76,90.82,5,35.82,60.53,54.24,0.27001,0
APP-0482,生命科学,8,214,9,5,0,普通高校/机构,短期交流,青年,65.82,66.47,70.26,69.78,74.3,68.93,57.28,56.66,69.61,4,47.51,65.47,48.17,0.03498,0
APP-0483,工程技术,1,274,5,1,0,双一流/国家级平台,短期交流,青年,91.91,74.37,72.49,89.58,87.17,80.41,78.65,68.87,79.43,6,59.23,92.18,42.11,0.39572,1
APP-0484,信息科学,3,168,5,2,0,普通高校/机构,无,青年,61.07,71.71,63.4,67.26,72.03,94.56,41.99,67.13,99.04,8,24.7,76.99,100.0,0.06911,0
APP-0485,生命科学,9,268,9,3,0,省部级重点单位,短期交流,青年,97.02,70.02,64.78,63.71,71.26,69.09,17.94,96.67,90.04,1,56.54,65.68,54.38,0.67177,0
APP-0486,信息科学,0,44,7,1,0,双一流/国家级平台,短期交流,青年,59.55,71.5,62.74,80.18,80.61,42.24,53.45,80.84,67.38,8,51.65,73.52,79.76,0.05864,0
APP-0487,工程技术,9,635,13,9,0,普通高校/机构,短期交流,中青年,48.68,84.42,64.27,65.44,94.33,91.51,36.87,80.6,76.69,2,76.76,81.55,76.0,0.56187,1
APP-0488,信息科学,5,64,10,6,1,省部级重点单位,短期交流,青年,72.56,56.41,74.29,85.52,64.28,79.98,53.62,83.8,97.41,7,43.33,68.74,39.52,0.21367,0
APP-0489,工程技术,6,123,18,19,2,双一流/国家级平台,无,资深,88.04,67.92,39.15,61.27,74.34,47.21,42.95,61.81,86.55,4,79.8,43.55,55.07,0.18224,0
APP-0490,工程技术,4,30,1,2,0,普通高校/机构,无,青年,82.28,52.99,72.32,62.83,90.18,78.11,55.59,90.65,83.82,5,63.74,73.31,65.02,0.12895,0
APP-0491,管理科学,4,147,10,4,1,普通高校/机构,短期交流,青年,87.12,73.17,54.97,79.27,76.71,79.38,78.57,72.39,84.12,5,55.33,61.49,70.72,0.17396,1
APP-0492,工程技术,18,614,21,26,2,省部级重点单位,无,资深,82.54,67.26,62.92,70.31,33.96,70.1,59.2,69.33,81.16,8,81.47,55.65,69.62,0.0827,0
APP-0493,工程技术,10,110,19,16,1,普通高校/机构,长期经历,中青年,61.34,84.97,44.58,70.41,54.55,64.07,17.02,51.78,76.76,5,94.45,47.87,93.8,0.19731,1
APP-0494,信息科学,9,488,13,7,3,普通高校/机构,短期交流,青年,81.96,69.93,62.62,44.18,78.02,66.68,63.9,63.98,73.66,3,51.79,72.43,79.48,0.44287,0
APP-0495,管理科学,11,143,11,12,3,省部级重点单位,无,中青年,73.21,63.79,72.17,64.41,59.6,70.1,50.4,43.51,92.1,10,41.2,71.22,75.17,0.15355,1
APP-0496,工程技术,10,168,9,7,1,省部级重点单位,短期交流,青年,62.77,66.55,74.86,80.23,89.05,78.26,54.26,66.28,84.38,5,64.58,44.8,80.46,0.38018,1
APP-0497,信息科学,10,227,14,3,0,普通高校/机构,短期交流,青年,74.33,94.13,50.21,58.81,95.73,83.46,69.46,61.36,89.07,8,27.54,42.09,87.0,0.20689,0
APP-0498,工程技术,6,389,16,16,0,普通高校/机构,短期交流,中青年,71.27,48.02,74.13,78.11,56.56,48.23,39.5,64.02,87.47,7,29.98,96.05,53.41,0.08305,0
APP-0499,信息科学,6,79,3,2,0,双一流/国家级平台,无,青年,90.41,61.21,85.1,72.48,49.48,77.07,48.65,49.21,96.09,3,82.14,77.49,37.15,0.19782,1
APP-0500,工程技术,8,210,17,14,1,省部级重点单位,长期经历,中青年,65.31,70.5,60.59,66.4,60.22,79.86,29.41,80.55,86.55,5,67.44,63.56,53.69,0.257,0
APP-0501,管理科学,3,139,4,2,0,双一流/国家级平台,无,青年,64.7,61.09,68.01,86.65,59.3,76.03,53.87,78.89,90.24,6,38.84,72.91,40.65,0.09974,0
APP-0502,交叉学科,7,226,9,14,4,普通高校/机构,无,中青年,62.92,76.87,36.97,64.58,90.58,69.14,53.34,95.35,83.67,7,100.0,53.58,47.29,0.11936,0
APP-0503,交叉学科,8,258,12,7,0,双一流/国家级平台,无,中青年,96.66,69.21,54.54,65.49,49.43,91.04,57.91,94.92,72.53,9,28.36,58.9,65.7,0.2354,0
APP-0504,工程技术,6,226,4,2,0,省部级重点单位,短期交流,青年,63.65,73.58,72.06,66.26,77.88,90.13,64.94,72.34,79.74,5,68.39,62.39,54.59,0.0898,0
APP-0505,工程技术,9,134,9,4,0,普通高校/机构,短期交流,青年,88.86,71.65,82.33,70.05,88.21,69.61,37.54,85.35,87.9,6,40.07,79.36,75.02,0.26884,0
APP-0506,管理科学,11,683,12,13,1,双一流/国家级平台,无,中青年,58.59,68.56,59.01,78.97,79.11,73.0,52.54,73.92,88.78,7,91.62,36.56,69.16,0.34187,0
APP-0507,信息科学,10,195,13,8,2,省部级重点单位,无,中青年,78.59,51.93,100.0,49.86,72.98,83.26,62.02,63.59,96.51,5,45.38,43.64,70.2,0.08141,0
APP-0508,交叉学科,8,148,14,12,1,普通高校/机构,短期交流,中青年,75.41,72.47,72.71,80.28,63.4,89.39,39.16,65.83,77.4,5,50.31,39.95,42.5,0.13776,0
APP-0509,工程技术,11,547,2,6,0,普通高校/机构,短期交流,中青年,88.03,45.31,48.9,69.89,95.58,64.21,23.18,79.58,84.26,4,19.82,77.36,49.08,0.60247,1
APP-0510,生命科学,11,151,18,16,4,省部级重点单位,无,中青年,86.15,60.59,87.31,76.2,62.08,61.45,19.64,100.0,80.71,4,97.65,60.18,31.53,0.90875,1
APP-0511,生命科学,7,192,8,5,0,普通高校/机构,长期经历,青年,73.06,76.85,49.21,100.0,81.17,77.29,53.11,87.5,98.24,7,43.64,45.51,73.66,0.47244,0
APP-0512,交叉学科,9,120,17,11,2,普通高校/机构,短期交流,中青年,65.02,86.66,72.93,62.35,63.46,60.52,83.88,73.7,85.76,8,65.6,58.01,96.68,0.18705,0
APP-0513,生命科学,5,617,11,7,0,普通高校/机构,长期经历,青年,93.12,100.0,54.06,53.08,36.53,50.66,46.95,77.26,85.96,4,56.09,50.63,67.04,0.11633,0
APP-0514,信息科学,8,780,18,15,0,普通高校/机构,长期经历,中青年,63.72,64.0,47.64,71.52,61.69,64.16,59.03,77.12,81.64,5,44.97,36.18,68.55,0.03632,0
APP-0515,信息科学,6,128,7,6,0,普通高校/机构,长期经历,青年,42.52,57.89,82.43,73.58,63.5,79.01,1.49,68.65,79.75,13,11.45,84.69,54.96,0.08053,0
APP-0516,生命科学,4,143,3,1,0,省部级重点单位,短期交流,青年,47.84,77.31,64.1,80.33,63.71,92.64,57.47,81.35,67.51,4,51.43,59.31,60.32,0.0125,0
APP-0517,信息科学,14,283,12,9,1,普通高校/机构,短期交流,中青年,51.0,96.18,93.89,62.0,55.44,65.49,28.23,67.67,69.39,6,50.57,85.1,85.67,0.76363,1
APP-0518,管理科学,7,124,8,6,0,普通高校/机构,无,中青年,79.74,91.46,52.73,58.21,76.01,72.51,42.13,54.83,83.79,10,62.38,35.92,65.54,0.22786,1
APP-0519,生命科学,10,227,18,12,0,省部级重点单位,无,中青年,100.0,55.51,44.61,49.07,77.79,75.87,58.83,77.22,82.54,8,98.91,71.08,74.87,0.18668,0
APP-0520,交叉学科,5,117,13,12,2,普通高校/机构,短期交流,中青年,45.48,68.03,60.81,51.22,61.11,66.22,16.78,79.23,83.84,7,68.89,36.03,86.11,0.13778,1
APP-0521,交叉学科,14,105,24,31,3,省部级重点单位,无,资深,61.83,81.91,100.0,63.59,60.97,65.27,100.0,67.81,91.41,8,73.2,100.0,82.71,0.04335,0
APP-0522,信息科学,11,271,19,22,4,普通高校/机构,长期经历,资深,73.16,82.88,80.51,67.48,49.19,78.02,37.89,74.65,82.93,6,49.9,30.87,64.55,0.21387,1
APP-0523,生命科学,12,239,29,29,6,普通高校/机构,无,资深,92.09,78.29,76.31,95.85,70.07,59.63,65.82,84.41,78.52,5,29.73,94.33,65.8,0.74395,1
APP-0524,工程技术,12,301,17,17,2,普通高校/机构,无,中青年,61.76,63.72,76.8,47.0,88.05,64.79,79.85,69.22,79.9,5,50.41,61.64,57.43,0.03947,0
APP-0525,生命科学,7,148,13,13,4,省部级重点单位,无,中青年,79.68,78.16,60.73,73.36,88.06,71.57,55.86,63.29,84.44,5,41.31,58.71,72.48,0.4815,0
APP-0526,信息科学,7,123,12,6,0,普通高校/机构,无,中青年,68.75,83.01,100.0,59.56,56.41,77.87,25.45,59.36,78.2,5,55.0,72.61,56.97,0.43299,0
APP-0527,交叉学科,17,593,11,10,3,双一流/国家级平台,无,中青年,100.0,56.95,74.87,71.9,97.86,55.82,50.97,66.19,92.64,7,46.12,45.12,69.95,0.61525,1
APP-0528,交叉学科,7,221,2,5,1,普通高校/机构,无,青年,73.88,88.62,73.46,61.81,60.21,72.43,13.25,93.02,81.89,4,22.45,76.13,81.65,0.3716,1
APP-0529,管理科学,6,342,12,14,0,省部级重点单位,短期交流,中青年,76.62,83.89,82.77,82.46,49.74,58.51,43.38,67.02,84.52,6,81.34,77.45,35.34,0.86277,1
APP-0530,信息科学,6,190,8,4,1,省部级重点单位,无,青年,73.1,59.61,48.9,82.38,44.21,65.79,83.54,75.39,73.83,6,53.18,62.21,32.42,0.007,0
APP-0531,管理科学,9,169,7,3,1,普通高校/机构,无,青年,66.61,82.95,54.81,67.53,48.78,83.46,21.78,65.13,92.65,10,49.4,66.5,63.24,0.11988,0
APP-0532,管理科学,6,206,11,15,2,省部级重点单位,无,资深,84.35,81.38,64.32,87.71,71.34,73.11,44.71,63.85,96.39,4,33.9,96.73,75.37,0.73731,1
APP-0533,信息科学,5,33,9,2,0,普通高校/机构,无,青年,56.93,81.92,82.87,78.88,61.88,94.03,87.07,56.81,68.37,7,46.49,73.72,68.88,0.01653,0
APP-0534,工程技术,12,966,13,10,1,普通高校/机构,无,中青年,45.97,92.06,48.53,87.1,55.89,73.13,46.52,71.5,86.01,3,38.73,47.92,43.41,0.14604,0
APP-0535,生命科学,6,165,14,12,1,普通高校/机构,短期交流,中青年,70.05,69.85,66.99,68.44,52.44,85.62,32.13,62.24,80.92,6,32.12,75.51,79.3,0.18921,0
APP-0536,生命科学,9,794,11,6,0,省部级重点单位,短期交流,青年,82.6,74.64,64.87,81.37,48.62,83.54,69.76,89.1,84.84,5,59.25,52.32,96.44,0.36947,0
APP-0537,工程技术,15,170,16,20,4,双一流/国家级平台,无,资深,64.45,33.06,44.38,59.01,51.76,73.84,40.62,68.39,86.52,9,46.62,48.83,49.23,0.03158,0
APP-0538,生命科学,4,49,6,1,0,普通高校/机构,短期交流,青年,74.42,85.62,60.37,57.69,82.25,58.21,0.0,69.33,59.65,4,70.97,71.23,51.67,0.30644,0
APP-0539,生命科学,12,312,32,33,6,省部级重点单位,无,资深,56.13,84.27,76.13,97.34,94.85,72.74,22.79,67.3,89.59,6,48.79,43.83,64.44,0.65852,1
APP-0540,交叉学科,9,243,17,12,2,省部级重点单位,无,中青年,85.81,88.98,45.75,54.88,95.84,67.61,100.0,75.57,93.12,5,58.3,62.84,61.86,0.32088,1
APP-0541,交叉学科,17,419,13,6,1,普通高校/机构,长期经历,青年,80.47,56.89,89.17,63.33,76.99,67.14,62.85,92.36,94.25,4,57.73,74.13,84.45,0.56129,0
APP-0542,工程技术,10,237,10,4,0,省部级重点单位,无,青年,72.26,83.47,75.02,44.33,58.12,75.87,79.27,54.4,72.55,6,63.7,96.37,68.82,0.0371,0
APP-0543,交叉学科,7,104,1,1,0,省部级重点单位,长期经历,青年,74.19,84.26,73.19,58.0,55.31,56.61,29.42,74.17,81.69,3,39.18,73.49,59.04,0.10563,1
APP-0544,交叉学科,7,59,17,17,2,双一流/国家级平台,无,中青年,53.88,60.89,68.12,56.07,78.1,63.51,48.9,46.47,76.61,8,73.98,35.54,53.98,0.06394,0
APP-0545,生命科学,6,166,6,5,0,双一流/国家级平台,无,青年,54.46,84.78,51.62,60.29,62.06,61.86,46.62,88.35,62.85,8,32.4,38.35,38.03,0.07942,0
APP-0546,信息科学,12,107,21,16,1,普通高校/机构,无,资深,70.41,76.48,58.25,72.9,72.59,70.95,39.05,68.38,75.79,4,56.85,93.07,87.28,0.22962,1
APP-0547,信息科学,6,56,12,6,2,普通高校/机构,无,青年,78.68,46.23,73.43,76.03,96.89,64.78,54.2,47.58,71.16,9,31.9,50.58,74.67,0.05947,0
APP-0548,生命科学,14,220,27,34,2,省部级重点单位,长期经历,资深,79.34,78.18,58.23,55.91,69.47,65.57,27.7,50.86,85.35,7,53.59,34.7,62.46,0.12617,0
APP-0549,管理科学,7,206,6,1,0,普通高校/机构,无,青年,67.28,59.26,70.83,58.73,100.0,75.63,74.19,82.21,65.69,6,73.82,43.91,65.85,0.0386,0
APP-0550,信息科学,9,699,26,28,2,普通高校/机构,长期经历,资深,81.69,46.54,54.52,83.09,47.97,68.65,70.06,45.03,72.2,6,67.11,76.29,62.17,0.01485,0
APP-0551,工程技术,5,227,10,3,0,双一流/国家级平台,长期经历,青年,90.47,75.13,74.77,91.17,73.16,74.06,56.56,74.17,76.81,4,77.17,64.03,33.99,0.81979,1
APP-0552,生命科学,5,305,8,12,2,普通高校/机构,无,中青年,70.85,69.09,75.89,85.33,71.02,60.61,52.67,63.57,89.7,6,49.94,73.65,39.84,0.28804,1
APP-0553,生命科学,9,294,5,9,0,省部级重点单位,无,中青年,76.03,89.65,43.58,47.6,50.25,64.06,43.95,67.08,100.0,7,74.18,61.41,60.53,0.26262,0
APP-0554,交叉学科,6,175,6,2,0,双一流/国家级平台,无,青年,69.3,72.54,69.01,84.46,78.83,98.49,15.53,59.89,85.03,5,42.16,42.15,60.24,0.57637,1
APP-0555,生命科学,10,1070,14,23,2,普通高校/机构,无,资深,70.36,80.9,45.17,93.1,90.49,65.63,30.19,55.71,71.68,5,46.83,29.83,63.79,0.3348,0
APP-0556,信息科学,6,58,9,5,0,省部级重点单位,短期交流,青年,74.2,77.12,40.08,46.95,100.0,48.72,46.4,62.69,75.21,7,58.6,46.98,92.86,0.12061,0
APP-0557,信息科学,9,147,16,13,2,双一流/国家级平台,无,中青年,94.14,84.29,59.09,83.08,72.58,78.11,41.11,78.58,88.58,5,73.0,64.19,59.13,0.92941,1
APP-0558,工程技术,12,198,19,13,2,省部级重点单位,长期经历,中青年,83.9,57.59,100.0,71.93,35.6,65.5,71.42,65.61,68.54,5,45.05,40.7,51.03,0.03837,0
APP-0559,工程技术,11,408,16,17,0,普通高校/机构,短期交流,中青年,82.73,72.78,79.63,64.75,73.63,76.93,74.29,76.32,92.97,9,69.9,79.69,64.9,0.7682,1
APP-0560,工程技术,4,54,6,1,0,普通高校/机构,无,青年,66.1,68.03,88.88,70.38,77.87,72.93,38.8,66.37,84.73,5,60.62,44.0,40.25,0.08384,0
APP-0561,生命科学,7,256,9,3,0,双一流/国家级平台,短期交流,青年,60.32,79.15,77.13,74.76,62.24,80.6,30.86,79.17,80.75,4,62.74,32.26,66.64,0.47067,1
APP-0562,信息科学,8,254,6,6,0,普通高校/机构,无,青年,77.06,73.58,71.08,84.05,69.44,72.8,65.1,76.22,65.15,12,38.91,62.01,51.68,0.20125,0
APP-0563,交叉学科,7,265,11,5,2,省部级重点单位,长期经历,青年,88.17,61.4,81.43,83.38,58.27,71.28,64.3,61.89,91.2,6,48.31,75.69,67.83,0.2417,0
APP-0564,工程技术,4,171,7,2,0,普通高校/机构,无,青年,94.4,65.27,58.41,49.41,63.86,87.78,50.01,55.69,74.38,10,54.13,88.87,60.94,0.1676,1
APP-0565,工程技术,8,473,19,23,0,普通高校/机构,长期经历,资深,40.12,93.08,75.06,60.57,82.28,47.38,27.16,84.33,83.54,4,62.75,32.99,61.59,0.11713,0
APP-0566,工程技术,10,203,12,8,0,双一流/国家级平台,短期交流,中青年,100.0,46.28,85.66,70.22,88.22,58.09,43.08,57.8,80.43,8,39.85,87.63,74.65,0.15668,1
APP-0567,管理科学,8,246,12,11,2,省部级重点单位,长期经历,中青年,77.42,79.93,78.49,89.44,45.67,64.1,57.84,77.51,66.16,2,30.16,65.34,76.48,0.22494,0
APP-0568,生命科学,6,85,8,1,0,双一流/国家级平台,无,青年,83.82,87.38,86.64,33.54,57.82,53.69,79.82,70.47,79.69,7,13.34,50.82,98.56,0.00981,0
APP-0569,信息科学,2,35,8,7,2,普通高校/机构,短期交流,青年,49.38,78.1,70.74,61.06,40.58,68.25,45.76,63.05,69.9,6,70.92,74.25,75.8,0.0794,1
APP-0570,工程技术,8,548,11,7,1,省部级重点单位,无,中青年,68.92,97.59,93.38,49.14,95.41,67.06,33.34,76.44,75.48,9,74.88,86.4,59.84,0.87891,1
APP-0571,信息科学,8,103,5,2,0,双一流/国家级平台,短期交流,青年,82.7,83.14,64.88,51.2,79.93,85.7,95.93,90.52,86.33,9,15.81,31.78,53.25,0.06707,0
APP-0572,交叉学科,6,209,5,4,1,普通高校/机构,无,青年,56.73,75.38,99.77,81.81,33.98,72.94,42.56,79.38,89.02,8,57.51,54.24,69.9,0.13355,0
APP-0573,工程技术,10,297,12,8,0,普通高校/机构,无,中青年,34.45,63.47,76.6,62.09,64.97,71.44,34.12,71.94,81.82,4,48.46,52.2,88.84,0.02535,0
APP-0574,管理科学,7,335,7,7,1,双一流/国家级平台,无,中青年,76.36,75.64,62.24,38.66,61.46,69.44,41.85,94.32,73.16,5,80.34,73.27,78.56,0.17695,0
APP-0575,交叉学科,19,127,32,33,8,普通高校/机构,无,资深,71.35,79.54,50.31,66.94,53.9,61.38,40.86,44.89,75.53,10,51.79,88.28,51.89,0.2964,0
APP-0576,工程技术,6,246,12,7,0,省部级重点单位,无,青年,90.74,70.05,55.88,95.47,82.58,84.69,93.84,53.32,75.35,5,66.91,63.32,71.69,0.74556,1
APP-0577,交叉学科,7,150,9,9,3,双一流/国家级平台,短期交流,中青年,69.92,59.6,53.61,45.51,82.21,88.52,16.53,63.03,60.63,6,47.5,56.74,67.77,0.64235,1
APP-0578,工程技术,8,118,8,3,0,普通高校/机构,无,青年,70.87,53.14,66.67,75.93,70.31,59.45,61.89,91.29,82.73,5,42.26,70.02,81.83,0.01947,0
APP-0579,交叉学科,6,117,5,3,0,普通高校/机构,短期交流,青年,81.07,72.6,48.89,89.38,55.73,93.44,49.28,84.14,65.34,12,71.34,57.78,69.12,0.11528,0
APP-0580,信息科学,7,306,12,17,0,普通高校/机构,无,中青年,85.44,49.28,87.39,68.36,55.87,65.95,50.06,44.26,82.76,7,77.57,22.95,68.49,0.05979,0
APP-0581,工程技术,3,135,5,4,0,普通高校/机构,短期交流,青年,62.79,63.4,69.66,94.06,66.7,64.97,43.28,63.45,67.41,5,30.62,71.31,43.92,0.08544,0
APP-0582,工程技术,11,210,15,13,0,普通高校/机构,短期交流,中青年,84.28,35.96,69.05,60.42,58.69,79.67,56.29,50.14,69.94,6,78.85,79.74,77.46,0.34536,1
APP-0583,生命科学,6,66,11,6,1,省部级重点单位,无,中青年,65.22,81.66,50.52,87.8,65.91,80.74,51.76,69.39,88.69,6,36.5,81.33,40.36,0.28065,1
APP-0584,信息科学,10,105,11,7,2,普通高校/机构,短期交流,青年,72.21,86.16,56.46,84.73,74.93,73.14,40.97,83.53,82.25,9,9.36,41.19,65.52,0.33352,0
APP-0585,交叉学科,19,607,32,32,2,省部级重点单位,长期经历,资深,80.72,71.11,34.69,68.58,41.46,69.84,61.17,84.63,63.15,7,56.22,72.93,54.64,0.01289,0
APP-0586,工程技术,5,52,7,7,1,普通高校/机构,短期交流,中青年,82.99,95.64,92.27,49.67,53.87,88.07,33.81,74.02,76.41,5,66.14,89.59,53.63,0.68247,0
APP-0587,生命科学,11,211,12,11,1,普通高校/机构,无,中青年,76.14,88.86,46.73,55.98,65.46,66.52,93.64,63.62,84.62,8,25.69,100.0,73.9,0.07413,0
APP-0588,信息科学,8,994,16,8,1,普通高校/机构,无,中青年,57.95,76.72,47.87,38.53,91.05,73.17,70.19,68.57,75.81,9,16.34,70.62,63.95,0.07427,0
APP-0589,生命科学,19,502,23,32,5,省部级重点单位,短期交流,资深,47.69,68.41,89.2,76.72,79.53,94.33,59.77,80.25,78.57,8,46.1,79.71,23.31,0.09094,0
APP-0590,生命科学,3,136,4,1,0,省部级重点单位,无,青年,69.56,65.11,73.81,75.17,65.94,57.96,41.12,100.0,84.44,6,43.43,44.13,60.64,0.09874,1
APP-0591,交叉学科,9,96,14,17,0,普通高校/机构,短期交流,中青年,84.63,77.87,69.81,70.03,72.44,68.5,75.19,52.22,82.45,7,83.39,41.78,57.4,0.2822,0
APP-0592,信息科学,10,95,17,17,3,双一流/国家级平台,无,中青年,77.85,68.02,73.1,67.4,64.38,86.3,55.99,93.83,72.08,7,56.24,79.77,85.38,0.58474,1
APP-0593,信息科学,5,201,6,3,0,省部级重点单位,短期交流,青年,75.15,77.68,82.31,86.65,83.24,80.34,52.38,73.66,82.22,9,70.69,25.35,42.88,0.37561,1
APP-0594,工程技术,4,85,11,6,1,普通高校/机构,无,青年,71.91,78.71,69.5,72.87,72.94,84.73,39.34,82.3,79.13,5,60.19,64.8,96.59,0.53599,1
APP-0595,生命科学,11,489,29,32,5,双一流/国家级平台,无,资深,76.02,66.79,44.85,61.79,86.46,58.13,55.49,72.78,99.24,7,87.37,87.75,78.56,0.20478,1
APP-0596,信息科学,10,230,8,9,2,普通高校/机构,长期经历,中青年,59.08,85.34,79.0,70.91,44.31,77.85,83.67,91.06,80.97,6,38.17,74.83,59.27,0.04792,0
APP-0597,管理科学,11,2301,11,10,3,普通高校/机构,长期经历,中青年,82.14,66.8,74.34,95.62,53.1,70.58,57.9,74.95,83.35,9,54.24,74.71,56.88,0.69101,1
APP-0598,工程技术,8,128,14,12,0,省部级重点单位,长期经历,中青年,83.0,70.3,85.57,77.09,70.39,100.0,56.88,60.27,84.6,4,24.62,61.11,53.15,0.5617,1
APP-0599,交叉学科,14,363,20,16,3,普通高校/机构,长期经历,资深,67.38,56.31,49.26,63.93,73.9,83.71,51.98,76.75,78.78,4,72.23,54.62,69.43,0.23563,0
APP-0600,工程技术,12,147,27,20,4,普通高校/机构,无,资深,77.68,66.21,57.06,68.42,100.0,73.73,50.88,86.9,74.8,4,78.28,100.0,50.61,0.63972,1
APP-0601,工程技术,11,476,20,17,1,省部级重点单位,无,中青年,49.68,100.0,73.88,75.02,37.08,77.43,39.06,70.0,86.6,6,73.46,84.21,62.01,0.53081,0
APP-0602,管理科学,7,222,3,2,0,普通高校/机构,无,青年,74.34,57.39,53.83,63.53,65.47,74.65,35.18,38.89,86.68,10,53.51,77.23,45.53,0.05711,0
APP-0603,交叉学科,5,69,9,7,0,双一流/国家级平台,无,青年,70.27,76.13,32.71,62.38,64.75,82.39,65.87,68.28,100.0,6,26.21,62.5,76.12,0.12088,1
APP-0604,管理科学,7,135,11,8,2,双一流/国家级平台,无,中青年,88.37,63.64,70.96,68.85,69.81,63.72,89.09,71.47,89.42,9,54.27,51.49,66.88,0.11925,0
APP-0605,交叉学科,16,828,27,32,5,省部级重点单位,长期经历,资深,69.42,39.01,81.43,88.75,93.73,90.38,95.32,69.33,89.59,5,42.45,81.43,56.04,0.10159,0
APP-0606,管理科学,8,419,14,10,1,省部级重点单位,无,中青年,83.29,77.83,66.07,79.28,80.02,58.1,71.5,62.57,89.18,4,74.45,56.48,59.89,0.69351,1
APP-0607,交叉学科,9,82,2,5,2,省部级重点单位,无,青年,66.91,62.21,76.22,63.68,40.34,76.46,52.33,89.85,75.1,4,47.47,63.42,52.22,0.14211,0
APP-0608,生命科学,5,95,8,2,0,双一流/国家级平台,无,青年,42.28,74.47,74.05,80.3,90.54,64.11,68.04,34.41,69.42,8,47.04,73.08,69.33,0.03848,0
APP-0609,管理科学,8,607,8,6,2,普通高校/机构,无,中青年,69.07,83.86,68.16,69.11,90.09,74.51,31.84,71.41,71.96,5,99.48,65.77,42.66,0.86447,1
APP-0610,信息科学,8,167,18,19,3,普通高校/机构,无,资深,74.56,73.28,70.04,73.48,70.21,85.86,62.85,71.62,88.88,8,71.99,89.9,79.33,0.3996,1
APP-0611,工程技术,9,231,14,6,0,省部级重点单位,短期交流,青年,73.96,74.6,88.24,72.3,40.12,53.45,70.78,100.0,96.22,2,77.52,38.24,66.95,0.16053,0
APP-0612,工程技术,7,325,8,10,1,省部级重点单位,无,中青年,74.16,57.85,53.54,41.57,63.57,71.97,70.48,69.78,89.34,10,45.76,63.21,56.37,0.05125,0
APP-0613,交叉学科,8,78,12,9,1,普通高校/机构,短期交流,中青年,65.42,79.9,79.6,29.38,73.5,56.72,83.35,76.68,80.33,7,33.99,100.0,73.99,0.13144,0
APP-0614,交叉学科,23,257,31,30,6,省部级重点单位,长期经历,资深,67.79,67.34,50.29,71.95,81.94,70.65,38.03,71.88,98.77,7,77.34,78.15,70.61,0.32466,0
APP-0615,信息科学,11,197,9,4,0,普通高校/机构,短期交流,青年,57.36,42.02,56.08,57.91,37.67,56.69,40.15,71.42,77.56,9,85.84,58.45,46.22,0.01479,0
APP-0616,管理科学,14,658,16,21,6,双一流/国家级平台,短期交流,资深,46.04,81.58,85.94,47.69,53.69,75.94,45.7,96.44,70.52,3,30.27,76.38,86.23,0.19995,0
APP-0617,管理科学,9,398,21,17,4,普通高校/机构,无,中青年,70.62,85.86,49.85,58.31,83.57,68.89,27.69,53.33,84.53,10,45.65,61.14,21.56,0.29979,0
APP-0618,信息科学,3,143,13,13,0,普通高校/机构,无,中青年,62.31,90.74,64.38,81.02,90.03,82.97,60.77,59.99,94.92,3,37.71,88.39,82.52,0.18527,0
APP-0619,生命科学,8,170,4,1,1,普通高校/机构,无,青年,86.04,100.0,100.0,73.65,72.89,88.74,66.55,81.31,73.56,4,65.63,76.78,61.23,0.86641,1
APP-0620,生命科学,4,227,11,10,2,普通高校/机构,长期经历,中青年,43.63,80.83,83.38,79.03,84.38,74.13,61.23,73.85,64.95,6,77.73,46.4,80.84,0.15494,0
APP-0621,管理科学,11,220,12,11,0,普通高校/机构,短期交流,中青年,75.78,77.2,56.94,74.89,73.28,84.72,52.99,65.75,82.38,6,48.63,66.29,88.49,0.57382,1
APP-0622,工程技术,7,242,3,2,0,普通高校/机构,无,青年,99.58,85.28,59.51,57.06,81.41,90.59,81.14,68.94,89.71,4,48.58,69.54,56.73,0.49647,1
APP-0623,交叉学科,14,544,18,16,1,普通高校/机构,无,中青年,69.62,57.58,65.45,79.1,68.32,62.93,61.5,83.71,52.35,4,16.87,70.43,57.53,0.03484,0
APP-0624,工程技术,5,386,7,6,0,普通高校/机构,短期交流,中青年,71.96,46.59,87.68,76.61,73.68,91.22,37.95,77.28,91.77,7,36.92,67.74,69.35,0.11056,0
APP-0625,交叉学科,5,123,11,6,1,普通高校/机构,短期交流,中青年,77.54,63.32,52.98,67.47,46.45,73.56,0.0,59.31,68.33,10,86.15,72.17,44.73,0.28694,0
APP-0626,信息科学,12,207,12,7,1,普通高校/机构,无,青年,78.56,87.88,52.07,69.76,77.55,62.26,43.38,73.57,89.25,8,65.85,69.54,58.36,0.41347,0
APP-0627,管理科学,3,208,14,7,1,普通高校/机构,长期经历,中青年,66.69,60.74,78.7,79.3,45.96,77.58,50.78,69.25,62.03,8,74.53,49.02,56.92,0.10103,0
APP-0628,生命科学,7,406,6,2,0,普通高校/机构,短期交流,青年,58.89,76.52,42.78,59.26,77.54,73.13,50.95,77.06,67.25,7,48.7,53.78,43.84,0.03667,0
APP-0629,工程技术,12,184,25,31,2,普通高校/机构,短期交流,资深,80.49,78.03,54.33,83.14,58.98,57.12,56.47,65.18,88.19,7,50.54,57.43,56.02,0.02977,0
APP-0630,管理科学,8,91,19,26,2,普通高校/机构,无,资深,47.2,73.42,66.72,76.35,71.92,60.79,39.26,51.88,94.16,4,56.37,63.72,76.8,0.19657,1
APP-0631,交叉学科,7,368,12,1,0,普通高校/机构,无,青年,82.82,52.11,67.49,69.03,50.76,93.65,52.36,80.09,81.91,6,62.48,57.48,75.57,0.07549,0
APP-0632,交叉学科,7,57,10,4,0,省部级重点单位,长期经历,青年,66.91,74.8,47.53,88.91,57.94,77.34,29.34,78.23,100.0,8,83.52,81.85,60.99,0.60376,1
APP-0633,生命科学,6,49,4,1,0,双一流/国家级平台,短期交流,青年,72.04,64.1,73.31,52.17,71.89,91.78,58.7,91.23,71.77,10,42.54,44.72,65.06,0.03513,0
APP-0634,信息科学,6,124,20,14,2,双一流/国家级平台,无,中青年,65.17,93.84,76.31,63.02,78.07,69.0,71.77,50.26,71.65,7,53.24,30.78,58.83,0.1748,0
APP-0635,生命科学,12,263,25,21,2,省部级重点单位,短期交流,资深,90.6,85.92,58.06,60.13,83.5,64.38,41.36,68.94,78.98,3,40.13,97.4,34.06,0.6347,1
APP-0636,生命科学,18,178,15,17,2,省部级重点单位,无,中青年,75.24,64.59,92.91,73.66,47.6,53.8,48.77,66.54,78.5,7,16.64,47.28,46.72,0.06643,0
APP-0637,工程技术,10,243,8,7,2,普通高校/机构,短期交流,青年,67.82,94.72,73.09,84.37,41.98,85.62,65.77,64.06,84.83,8,74.4,81.81,80.3,0.49984,0
APP-0638,管理科学,7,186,7,4,1,省部级重点单位,无,青年,67.45,74.81,52.93,56.22,50.4,78.93,46.22,46.88,74.57,5,90.95,72.95,84.35,0.08835,0
APP-0639,管理科学,4,75,5,5,0,省部级重点单位,短期交流,青年,70.07,46.6,92.31,100.0,48.95,69.11,64.32,54.01,87.68,6,71.31,47.92,49.41,0.05775,0
APP-0640,交叉学科,12,922,22,24,2,双一流/国家级平台,无,资深,100.0,68.9,60.15,60.38,91.07,64.49,71.0,74.06,87.44,8,60.61,59.61,83.02,0.36487,0
APP-0641,管理科学,10,278,13,7,2,双一流/国家级平台,无,中青年,54.88,92.89,70.68,73.69,87.44,87.52,57.89,62.5,98.13,3,93.07,56.92,43.59,0.65473,0
APP-0642,管理科学,11,475,11,13,1,普通高校/机构,无,中青年,86.08,58.52,60.7,69.03,50.05,71.87,48.14,57.6,77.1,4,65.18,68.41,55.21,0.379,0
APP-0643,生命科学,7,61,7,2,0,省部级重点单位,短期交流,青年,79.39,69.04,77.36,69.6,93.36,72.0,76.3,91.46,85.37,6,72.05,48.19,61.98,0.32384,1
APP-0644,信息科学,16,123,28,26,2,双一流/国家级平台,无,资深,92.02,50.96,60.78,58.7,86.49,66.79,55.46,100.0,88.06,6,58.82,58.82,59.36,0.27462,0
APP-0645,工程技术,12,332,11,6,2,普通高校/机构,无,青年,80.18,53.18,61.69,82.88,39.93,69.11,62.59,69.15,81.93,6,61.87,61.33,52.23,0.14546,0
APP-0646,交叉学科,9,641,20,21,2,双一流/国家级平台,短期交流,资深,72.04,58.32,65.6,57.9,49.52,80.6,60.3,47.47,79.88,4,53.34,81.83,66.15,0.06043,0
APP-0647,生命科学,15,156,20,23,1,普通高校/机构,无,资深,85.26,52.82,60.47,46.0,39.45,57.0,53.18,75.95,61.36,8,72.65,54.6,77.2,0.00767,0
APP-0648,工程技术,15,329,17,12,0,双一流/国家级平台,无,中青年,74.99,61.34,84.08,54.41,64.61,74.97,45.52,38.72,82.83,7,34.17,44.44,39.29,0.07556,0
APP-0649,工程技术,13,118,21,26,0,省部级重点单位,无,资深,81.81,94.34,49.13,87.79,66.28,85.47,47.05,49.75,87.95,4,64.39,52.2,66.15,0.52197,1
APP-0650,生命科学,5,75,9,5,0,普通高校/机构,长期经历,青年,90.57,69.49,67.44,85.26,66.25,72.98,56.44,76.2,81.42,9,38.94,68.61,80.4,0.65322,0
APP-0651,信息科学,7,177,12,10,0,省部级重点单位,无,中青年,73.2,81.0,69.34,42.91,33.57,86.65,53.94,49.24,74.18,3,66.2,30.11,56.98,0.0229,0
APP-0652,交叉学科,4,74,9,2,0,普通高校/机构,无,青年,66.48,85.28,66.13,79.58,43.16,90.09,10.55,65.56,65.21,7,100.0,83.55,54.7,0.72994,1
APP-0653,工程技术,8,74,14,15,2,省部级重点单位,无,中青年,63.63,54.48,82.52,43.23,70.16,84.84,48.04,47.75,86.53,5,70.0,62.35,49.54,0.14742,0
APP-0654,信息科学,8,73,8,6,1,省部级重点单位,无,青年,77.86,58.36,45.44,68.65,75.96,67.55,14.7,70.84,82.33,3,79.48,69.8,98.01,0.3519,0
APP-0655,交叉学科,7,46,6,6,4,省部级重点单位,无,青年,60.58,80.72,76.52,53.3,33.68,73.57,41.87,86.85,95.9,7,74.05,65.95,89.38,0.17401,0
APP-0656,信息科学,5,164,10,5,1,双一流/国家级平台,无,青年,67.45,61.12,49.33,80.58,45.5,78.15,56.76,60.81,67.51,4,9.48,49.99,58.99,0.01065,0
APP-0657,交叉学科,4,150,5,2,0,普通高校/机构,无,青年,59.42,79.79,60.37,76.21,82.36,68.36,43.45,69.71,77.3,6,53.37,42.52,84.06,0.1788,0
APP-0658,信息科学,6,203,7,7,0,普通高校/机构,无,中青年,78.61,93.48,47.78,81.73,46.41,67.96,64.06,57.76,68.79,6,64.96,49.39,55.06,0.22573,0
APP-0659,工程技术,15,166,10,9,2,普通高校/机构,长期经历,中青年,62.22,49.62,63.02,65.16,65.76,67.24,56.95,58.81,92.25,8,14.22,34.89,61.35,0.00278,0
APP-0660,信息科学,4,196,8,2,0,普通高校/机构,无,青年,55.27,65.0,59.33,66.51,44.89,100.0,6.88,57.53,94.39,8,50.32,68.27,45.98,0.13693,0
APP-0661,信息科学,13,418,15,18,1,普通高校/机构,无,资深,57.56,67.22,92.57,49.51,79.3,70.75,73.96,81.79,100.0,5,54.42,59.07,32.67,0.06296,0
APP-0662,交叉学科,12,247,27,34,4,普通高校/机构,长期经历,资深,64.58,62.63,71.62,55.6,33.73,86.82,54.99,48.8,87.21,2,31.37,34.38,54.14,0.00254,0
APP-0663,生命科学,5,108,8,1,0,普通高校/机构,长期经历,青年,65.76,61.49,74.6,81.33,61.13,63.57,38.62,65.02,89.89,5,36.61,50.9,56.77,0.06611,0
APP-0664,生命科学,5,79,15,16,0,普通高校/机构,短期交流,中青年,75.27,63.11,51.39,73.77,81.04,94.42,40.6,76.15,86.36,9,82.75,73.74,71.25,0.78043,1
APP-0665,信息科学,13,299,16,10,1,双一流/国家级平台,无,中青年,69.9,69.79,79.1,70.36,75.76,69.46,8.31,83.65,87.73,4,0.0,85.27,75.13,0.36994,0
APP-0666,管理科学,15,858,16,15,0,普通高校/机构,无,中青年,76.81,72.31,92.57,85.41,58.57,74.64,54.36,76.61,82.49,2,61.43,38.89,61.91,0.40224,0
APP-0667,管理科学,6,289,8,4,1,双一流/国家级平台,无,青年,77.86,83.35,81.05,52.1,54.82,52.01,63.02,68.91,88.19,2,79.27,100.0,47.15,0.09869,0
APP-0668,交叉学科,8,147,11,8,0,普通高校/机构,无,中青年,81.63,69.65,48.32,78.36,62.27,87.4,38.91,61.47,100.0,8,55.46,44.73,52.81,0.29629,0
APP-0669,信息科学,8,247,14,6,0,普通高校/机构,无,青年,47.2,85.65,61.04,53.67,45.37,90.0,31.9,83.88,84.19,3,84.17,31.31,91.05,0.08365,0
APP-0670,信息科学,6,67,13,6,0,省部级重点单位,无,青年,57.35,61.71,69.63,88.21,64.4,59.75,52.81,56.99,82.24,1,47.45,93.63,74.7,0.24021,0
APP-0671,生命科学,5,193,18,14,0,普通高校/机构,无,中青年,79.21,53.18,59.34,76.08,64.67,88.1,73.89,57.22,83.98,4,37.9,43.26,88.19,0.06043,0
APP-0672,工程技术,11,133,14,15,6,普通高校/机构,短期交流,中青年,74.75,65.73,100.0,81.54,59.31,57.95,71.82,90.29,80.51,6,55.81,89.43,94.21,0.59329,0
APP-0673,交叉学科,13,413,17,20,1,省部级重点单位,无,资深,84.7,76.47,60.77,59.88,82.01,81.58,79.66,75.4,84.46,3,48.37,50.03,52.82,0.14872,0
APP-0674,管理科学,7,1075,9,3,0,普通高校/机构,无,青年,51.93,82.05,67.35,97.37,48.87,70.54,90.4,75.93,80.17,4,44.56,56.72,77.94,0.03521,0
APP-0675,工程技术,7,108,12,4,0,普通高校/机构,短期交流,青年,65.82,90.44,59.0,94.98,38.73,90.04,68.49,78.98,93.44,5,52.39,38.51,48.66,0.13874,0
APP-0676,信息科学,3,562,10,3,0,省部级重点单位,长期经历,青年,68.15,74.06,71.48,74.59,57.59,76.99,73.13,68.58,92.44,4,40.16,84.99,81.57,0.04702,0
APP-0677,交叉学科,7,215,8,4,1,普通高校/机构,无,青年,74.17,80.54,88.74,84.28,67.98,85.18,51.74,48.43,100.0,5,39.24,82.52,78.07,0.45976,1
APP-0678,工程技术,6,85,8,2,1,双一流/国家级平台,无,青年,72.47,89.16,69.72,65.08,64.29,88.85,43.07,73.77,81.76,5,33.56,50.11,28.06,0.14995,0
APP-0679,生命科学,9,114,19,17,0,普通高校/机构,无,中青年,78.1,59.09,64.71,52.51,63.58,70.51,72.69,69.73,84.89,7,64.33,60.65,70.85,0.06726,0
APP-0680,信息科学,9,893,12,9,2,双一流/国家级平台,无,中青年,70.51,67.06,51.89,79.35,47.98,73.65,30.38,57.11,84.47,4,36.02,73.92,49.44,0.38696,1
APP-0681,生命科学,8,240,13,10,1,省部级重点单位,短期交流,中青年,89.84,100.0,86.13,57.05,50.28,60.67,67.08,53.66,84.0,9,31.16,53.51,58.21,0.11569,0
APP-0682,生命科学,8,120,13,11,1,双一流/国家级平台,无,中青年,93.99,81.99,65.84,86.03,58.19,70.4,52.44,69.3,93.3,4,34.53,86.56,52.79,0.7123,1
APP-0683,生命科学,6,121,7,7,0,双一流/国家级平台,无,青年,57.47,77.15,65.2,82.62,56.92,97.12,56.79,49.63,65.75,9,60.11,60.09,79.44,0.1992,1
APP-0684,信息科学,11,302,12,12,3,普通高校/机构,无,中青年,72.59,82.51,32.92,72.06,83.57,83.07,55.36,67.85,86.61,6,69.39,52.65,52.38,0.24652,0
APP-0685,工程技术,2,66,3,1,1,省部级重点单位,无,青年,82.37,51.3,66.09,71.33,70.22,61.46,69.24,66.04,100.0,7,71.02,33.51,42.26,0.04633,0
APP-0686,信息科学,13,331,12,16,0,普通高校/机构,无,资深,79.61,60.94,61.98,81.86,57.48,93.58,49.65,68.21,95.63,6,60.29,38.71,50.27,0.16666,0
APP-0687,信息科学,5,380,7,3,1,双一流/国家级平台,无,青年,66.7,55.83,40.61,72.57,83.52,78.67,60.65,76.04,94.49,4,66.71,72.59,60.35,0.02771,0
APP-0688,交叉学科,12,118,16,15,1,省部级重点单位,长期经历,中青年,75.31,75.86,82.84,63.74,73.14,83.97,63.86,79.33,90.42,4,54.9,66.24,70.97,0.06615,0
APP-0689,管理科学,19,566,29,28,3,普通高校/机构,短期交流,资深,51.42,64.83,59.97,49.31,44.28,79.89,22.02,59.33,76.04,5,65.11,76.68,84.33,0.03079,0
APP-0690,工程技术,12,235,19,14,3,双一流/国家级平台,无,中青年,71.75,71.34,96.43,81.47,14.13,79.04,49.09,83.05,74.5,6,64.8,51.87,72.73,0.31633,0
APP-0691,信息科学,9,139,14,6,0,普通高校/机构,无,中青年,53.02,65.65,89.22,73.76,44.78,50.03,41.64,66.71,74.58,7,41.41,32.46,73.92,0.03625,0
APP-0692,交叉学科,10,422,16,9,0,省部级重点单位,短期交流,中青年,78.6,47.23,57.2,100.0,75.52,87.28,53.88,96.3,70.62,9,34.49,53.07,76.55,0.38895,1
APP-0693,信息科学,6,53,8,7,0,省部级重点单位,无,青年,57.49,82.39,88.54,67.75,80.26,46.95,41.68,61.22,91.47,4,83.04,98.68,77.89,0.49536,1
APP-0694,信息科学,10,45,9,11,2,普通高校/机构,无,中青年,74.12,45.33,92.16,72.93,39.44,86.19,75.5,45.83,96.68,6,58.51,44.63,81.57,0.02208,0
APP-0695,交叉学科,15,347,32,33,3,省部级重点单位,短期交流,资深,76.15,59.81,59.61,73.23,76.54,75.19,48.63,82.5,86.34,5,77.04,61.34,100.0,0.17437,1
APP-0696,工程技术,11,208,24,20,1,双一流/国家级平台,无,资深,72.99,51.58,52.51,77.46,75.93,84.03,69.73,76.38,90.05,6,34.0,18.56,77.61,0.04911,0
APP-0697,管理科学,8,72,14,6,2,普通高校/机构,无,中青年,63.78,57.68,35.67,56.43,88.32,75.9,30.96,88.02,84.93,3,47.89,52.64,68.87,0.28394,0
APP-0698,工程技术,8,57,9,4,0,省部级重点单位,无,青年,69.27,72.83,73.71,68.0,81.21,86.53,44.39,74.64,87.69,5,28.47,54.55,56.09,0.21985,0
APP-0699,工程技术,11,800,10,15,1,普通高校/机构,无,中青年,87.35,87.29,53.4,79.76,87.63,74.19,44.08,100.0,60.83,3,68.93,67.97,69.27,0.55038,1
APP-0700,信息科学,6,186,10,6,0,省部级重点单位,无,中青年,66.48,48.15,74.16,64.67,73.81,77.37,57.87,67.17,85.15,11,43.71,56.28,83.62,0.05988,0
APP-0701,信息科学,5,122,11,7,3,普通高校/机构,长期经历,青年,72.28,62.2,59.48,79.27,73.28,78.86,26.3,85.69,77.74,8,44.91,34.67,43.29,0.3774,0
APP-0702,信息科学,5,500,13,6,0,双一流/国家级平台,无,青年,64.76,45.51,56.3,70.26,60.6,96.54,15.82,62.12,81.6,9,95.12,50.05,85.4,0.35417,0
APP-0703,生命科学,7,303,13,5,1,双一流/国家级平台,无,青年,85.27,61.52,59.58,74.22,79.12,81.2,47.63,77.38,84.26,3,69.33,58.33,56.75,0.15822,0
APP-0704,交叉学科,10,663,15,9,2,普通高校/机构,短期交流,中青年,73.01,71.01,48.5,83.96,44.68,58.2,61.22,80.17,74.84,9,69.08,44.07,60.06,0.18867,1
APP-0705,信息科学,9,89,4,1,0,普通高校/机构,无,青年,62.07,80.74,59.57,66.04,63.78,67.23,33.81,82.49,71.24,6,31.96,46.68,72.87,0.07885,0
APP-0706,工程技术,7,71,6,6,0,省部级重点单位,无,青年,72.09,40.34,56.95,50.13,74.64,81.18,55.31,81.64,74.54,7,18.85,80.09,55.05,0.01743,0
APP-0707,管理科学,5,179,8,3,0,省部级重点单位,无,青年,68.87,77.71,67.79,65.54,88.53,89.12,37.05,21.45,67.52,4,75.41,50.75,71.8,0.16996,0
APP-0708,管理科学,6,181,19,24,2,普通高校/机构,短期交流,资深,90.1,56.38,69.56,58.27,58.35,65.33,19.31,68.97,70.45,6,11.19,69.92,44.41,0.11569,0
APP-0709,信息科学,3,189,13,6,1,普通高校/机构,无,青年,71.42,52.97,51.93,41.37,81.47,100.0,67.04,61.37,71.82,7,45.97,58.81,78.89,0.00975,0
APP-0710,工程技术,3,29,1,2,0,普通高校/机构,短期交流,青年,54.02,70.94,84.51,67.61,62.85,76.11,62.99,64.33,67.65,10,39.77,39.86,67.33,0.00484,0
APP-0711,交叉学科,14,446,15,10,2,双一流/国家级平台,长期经历,中青年,78.48,78.78,65.61,71.59,81.79,79.05,49.2,65.75,87.29,10,37.5,56.01,63.94,0.45711,0
APP-0712,工程技术,5,228,9,4,1,省部级重点单位,短期交流,青年,95.22,68.59,90.54,82.27,53.18,58.95,59.12,84.66,73.0,10,47.18,67.24,68.67,0.39889,1
APP-0713,管理科学,11,419,20,21,1,双一流/国家级平台,长期经历,资深,87.56,54.7,71.62,54.19,77.62,87.39,50.79,73.04,63.37,10,34.89,93.26,63.66,0.10906,0
APP-0714,交叉学科,10,161,15,18,4,省部级重点单位,短期交流,资深,57.66,68.59,69.04,70.15,64.47,68.65,29.35,62.39,77.99,10,31.68,48.1,71.51,0.13556,0
APP-0715,管理科学,13,370,12,17,4,双一流/国家级平台,长期经历,中青年,68.51,59.85,60.64,83.67,47.04,65.05,76.12,47.98,70.87,6,61.1,60.47,60.48,0.05703,0
APP-0716,生命科学,9,116,12,12,0,普通高校/机构,短期交流,中青年,71.6,78.46,77.22,61.53,63.55,70.19,47.99,93.0,96.59,4,77.33,78.36,59.06,0.54721,0
APP-0717,工程技术,5,99,4,1,0,普通高校/机构,短期交流,青年,71.76,85.06,68.5,75.97,87.15,90.59,57.23,60.29,83.33,3,21.27,84.69,33.94,0.10821,0
APP-0718,生命科学,8,88,11,4,0,双一流/国家级平台,短期交流,青年,76.95,84.16,80.88,89.77,49.69,79.59,40.02,68.04,67.3,5,59.91,50.32,87.2,0.48134,1
APP-0719,工程技术,4,62,6,6,0,双一流/国家级平台,长期经历,青年,67.53,69.72,92.07,44.79,42.25,63.33,58.86,100.0,87.69,5,66.83,59.2,44.23,0.04334,0
APP-0720,交叉学科,8,149,9,4,0,普通高校/机构,无,青年,60.1,85.72,57.1,72.54,72.38,67.64,72.9,60.7,82.85,6,64.93,82.03,91.46,0.25749,0
APP-0721,工程技术,2,48,3,4,0,普通高校/机构,短期交流,青年,84.37,55.71,77.2,84.12,39.16,90.91,70.78,65.86,79.61,10,51.58,71.21,59.88,0.07837,0
APP-0722,信息科学,11,139,19,17,4,省部级重点单位,无,中青年,57.39,94.96,76.78,64.44,91.01,71.16,57.21,73.48,97.75,6,44.06,80.6,84.7,0.72866,1
APP-0723,生命科学,6,59,1,1,0,普通高校/机构,长期经历,青年,61.57,55.63,74.87,87.03,90.61,80.72,67.56,45.91,72.24,5,71.17,83.09,81.72,0.08927,0
APP-0724,交叉学科,7,558,15,5,0,普通高校/机构,无,青年,57.31,41.58,61.5,77.24,82.61,83.66,64.15,44.17,92.35,5,62.71,71.97,80.36,0.05623,0
APP-0725,生命科学,6,100,14,14,0,双一流/国家级平台,短期交流,中青年,79.96,89.12,61.81,92.0,65.82,32.97,70.88,62.78,77.9,2,18.11,64.58,64.79,0.13792,0
APP-0726,生命科学,7,193,6,14,1,普通高校/机构,短期交流,中青年,73.38,60.06,59.24,76.57,92.63,89.17,56.42,63.29,81.82,7,51.58,49.92,43.69,0.13352,0
APP-0727,信息科学,9,61,6,4,2,省部级重点单位,长期经历,青年,83.49,71.63,58.94,93.08,87.53,63.77,60.67,72.01,74.5,4,57.11,57.6,60.91,0.2296,1
APP-0728,生命科学,1,116,2,1,0,普通高校/机构,无,青年,61.79,55.57,55.4,72.9,57.48,69.67,54.79,55.33,75.14,8,34.13,58.8,58.65,0.00846,0
APP-0729,信息科学,7,174,8,7,0,普通高校/机构,短期交流,青年,55.71,100.0,66.43,51.22,89.02,92.47,67.3,76.51,77.64,6,51.13,83.58,62.26,0.10669,0
APP-0730,工程技术,6,103,9,7,0,省部级重点单位,短期交流,青年,66.23,95.51,56.63,60.8,51.41,91.36,41.37,37.65,62.99,7,65.83,65.17,43.13,0.11968,0
APP-0731,信息科学,13,199,24,29,5,普通高校/机构,长期经历,资深,69.63,91.65,74.53,82.24,62.85,79.91,60.61,68.95,85.47,7,39.45,65.34,59.13,0.42391,0
APP-0732,生命科学,22,750,22,24,1,省部级重点单位,长期经历,资深,74.72,71.24,68.85,81.98,37.3,82.74,95.95,75.4,83.15,5,60.66,44.11,14.31,0.03078,0
APP-0733,生命科学,7,23,11,13,0,普通高校/机构,无,中青年,50.13,83.73,70.54,64.96,68.33,85.74,57.18,74.93,67.02,7,36.21,83.68,58.89,0.03397,0
APP-0734,信息科学,9,112,15,10,1,双一流/国家级平台,无,中青年,78.22,69.26,63.9,92.46,61.29,91.16,26.06,67.56,88.6,3,31.27,48.19,66.14,0.55272,0
APP-0735,生命科学,2,61,16,11,1,省部级重点单位,无,中青年,60.37,85.71,69.03,64.4,58.76,92.69,44.2,60.09,96.57,10,68.31,56.87,50.71,0.15966,0
APP-0736,管理科学,13,243,15,14,0,双一流/国家级平台,长期经历,中青年,63.58,64.25,64.29,75.01,63.35,75.29,62.42,67.12,75.35,6,79.48,85.57,59.41,0.35832,0
APP-0737,生命科学,9,978,7,3,2,普通高校/机构,无,青年,87.26,92.19,79.69,74.65,56.73,65.15,61.13,88.51,74.15,4,32.33,77.96,66.76,0.53805,1
APP-0738,信息科学,9,154,5,4,0,普通高校/机构,短期交流,青年,43.62,63.55,61.36,51.7,66.67,70.94,30.44,61.01,93.13,7,75.06,46.7,81.22,0.05057,0
APP-0739,信息科学,4,194,11,9,0,普通高校/机构,短期交流,中青年,76.19,65.14,73.63,67.56,86.54,75.53,22.41,84.67,86.03,5,55.74,42.58,81.93,0.3745,0
APP-0740,信息科学,10,682,15,13,2,省部级重点单位,无,中青年,76.14,63.47,48.4,99.94,49.01,73.36,45.83,87.06,80.64,9,11.73,58.33,69.19,0.12789,0
APP-0741,生命科学,3,130,7,4,1,普通高校/机构,无,青年,61.36,72.69,78.68,57.01,79.8,61.85,82.23,43.96,90.15,5,27.3,51.62,63.5,0.079,0
APP-0742,生命科学,6,89,11,7,0,普通高校/机构,无,青年,66.19,64.57,59.61,77.13,69.44,79.24,39.38,68.08,84.74,8,68.17,35.59,70.04,0.03269,0
APP-0743,交叉学科,6,60,7,2,0,普通高校/机构,长期经历,青年,87.87,76.82,54.32,53.99,71.99,55.19,76.5,55.33,96.29,3,23.52,48.44,94.6,0.00914,0
APP-0744,生命科学,8,282,3,1,0,普通高校/机构,无,青年,97.52,63.27,50.92,56.88,65.51,75.02,50.52,47.47,81.83,5,43.63,12.54,72.53,0.08081,0
APP-0745,工程技术,4,297,14,9,0,普通高校/机构,无,中青年,85.84,81.07,49.73,50.61,54.52,75.79,48.83,81.88,86.26,7,54.37,78.27,68.43,0.34251,0
APP-0746,工程技术,14,402,17,17,4,普通高校/机构,短期交流,中青年,96.52,91.26,60.78,81.23,73.12,75.38,56.7,77.1,92.98,9,64.96,77.14,82.24,0.9461,1
APP-0747,信息科学,5,268,18,12,1,普通高校/机构,无,中青年,63.01,71.09,90.48,57.67,74.3,84.21,19.33,73.95,57.52,4,59.69,87.37,64.82,0.22685,0
APP-0748,信息科学,10,1132,10,5,1,省部级重点单位,长期经历,青年,51.46,100.0,58.35,85.48,53.19,82.62,83.39,53.72,93.34,10,87.37,68.36,49.49,0.23983,0
APP-0749,管理科学,5,207,15,6,0,普通高校/机构,无,青年,71.32,85.79,34.86,62.09,44.58,100.0,60.75,73.16,76.95,8,39.68,53.93,71.81,0.02726,0
APP-0750,交叉学科,11,111,27,25,3,普通高校/机构,无,资深,82.46,99.94,73.48,70.66,67.36,67.79,76.37,50.34,87.0,6,57.97,80.42,66.9,0.40093,0
APP-0751,信息科学,9,198,18,17,2,省部级重点单位,无,中青年,47.89,69.14,51.29,74.35,78.08,77.35,44.84,71.16,98.64,4,65.05,49.37,60.28,0.19985,1
APP-0752,信息科学,2,161,4,2,0,省部级重点单位,无,青年,59.96,46.74,80.22,47.98,82.08,76.58,59.93,60.08,78.94,11,70.25,38.12,73.24,0.04855,0
APP-0753,信息科学,7,133,5,3,1,普通高校/机构,无,青年,61.4,60.11,61.68,71.65,85.25,76.02,68.66,85.76,77.44,8,77.03,59.35,33.19,0.05197,0
APP-0754,工程技术,11,607,26,27,4,省部级重点单位,短期交流,资深,76.64,61.54,63.89,73.55,71.94,58.82,48.19,64.55,81.45,2,47.32,69.4,54.81,0.27703,0
APP-0755,管理科学,10,201,16,15,2,双一流/国家级平台,无,中青年,74.96,56.66,85.96,83.82,61.79,59.8,32.54,73.47,67.48,7,69.03,47.38,49.06,0.55716,1
APP-0756,信息科学,15,373,25,30,3,省部级重点单位,无,资深,61.92,39.26,77.27,56.53,65.97,74.08,31.14,73.5,100.0,5,37.48,43.14,50.83,0.01392,0
APP-0757,信息科学,13,210,20,16,2,双一流/国家级平台,无,中青年,74.34,84.35,49.3,58.38,46.11,55.09,41.54,68.86,81.57,8,54.45,54.5,61.38,0.12446,0
APP-0758,交叉学科,6,153,16,16,1,省部级重点单位,无,中青年,57.12,43.96,51.51,77.57,55.08,69.99,54.54,71.58,98.46,5,66.02,69.41,48.53,0.02311,0
APP-0759,生命科学,7,179,15,11,1,普通高校/机构,长期经历,中青年,66.46,83.0,41.25,87.36,65.15,66.23,46.74,74.56,78.67,11,75.51,59.38,92.51,0.33806,0
APP-0760,工程技术,8,61,5,4,0,普通高校/机构,无,青年,55.56,100.0,100.0,61.3,61.73,70.42,40.21,56.55,82.34,5,67.4,100.0,71.68,0.5742,0
APP-0761,管理科学,6,104,20,17,3,省部级重点单位,长期经历,中青年,70.05,59.1,55.06,52.94,67.47,87.59,63.56,76.04,91.44,10,57.81,59.55,50.5,0.02444,0
APP-0762,生命科学,6,62,14,11,3,双一流/国家级平台,无,中青年,61.59,75.43,85.55,64.88,44.0,61.06,40.78,82.96,70.98,6,54.41,75.51,34.41,0.04448,0
APP-0763,生命科学,4,78,9,1,0,省部级重点单位,无,青年,80.97,64.42,60.02,55.83,47.58,84.44,51.16,75.96,80.97,5,66.98,35.92,54.08,0.0205,0
APP-0764,生命科学,15,179,20,15,3,普通高校/机构,无,资深,71.66,81.58,51.8,74.17,78.41,67.14,68.79,64.69,91.07,8,99.78,72.56,58.39,0.72045,1
APP-0765,交叉学科,6,266,7,3,0,省部级重点单位,无,青年,69.05,53.28,68.32,54.96,52.67,68.64,61.01,72.62,79.87,8,73.09,53.68,53.21,0.0381,0
APP-0766,生命科学,10,408,9,5,2,普通高校/机构,短期交流,青年,94.99,68.15,63.1,81.65,55.18,79.59,32.46,64.54,77.17,7,63.63,61.83,100.0,0.87688,1
APP-0767,生命科学,5,173,13,4,0,省部级重点单位,无,青年,76.98,85.7,80.03,71.76,67.52,70.71,23.38,68.22,93.15,5,28.62,92.36,35.88,0.38348,1
APP-0768,生命科学,15,132,26,29,5,省部级重点单位,无,资深,67.21,69.32,80.22,82.05,51.1,63.29,27.85,52.18,96.01,4,39.11,55.3,64.87,0.08482,0
APP-0769,生命科学,12,231,19,16,2,省部级重点单位,短期交流,资深,64.41,47.2,59.15,37.5,83.7,69.56,49.39,90.7,97.6,6,49.52,38.46,61.79,0.02079,0
APP-0770,工程技术,6,57,10,9,0,双一流/国家级平台,短期交流,中青年,56.64,87.38,46.4,46.14,45.89,52.68,73.57,99.03,75.25,6,74.2,41.26,59.76,0.00761,0
APP-0771,信息科学,18,322,21,28,3,省部级重点单位,长期经历,资深,71.14,51.86,50.04,85.8,66.02,78.57,78.95,59.44,76.21,6,37.26,65.11,31.03,0.01244,0
APP-0772,工程技术,10,320,17,22,2,省部级重点单位,长期经历,资深,76.0,71.1,33.76,59.65,54.02,36.78,65.01,81.79,77.28,6,68.85,64.14,63.27,0.00522,0
APP-0773,工程技术,21,778,29,30,8,省部级重点单位,短期交流,资深,47.11,78.16,63.88,49.94,68.5,84.66,88.26,91.87,89.19,6,58.39,63.39,67.07,0.03268,0
APP-0774,交叉学科,9,261,21,20,3,双一流/国家级平台,短期交流,资深,54.27,71.68,67.82,66.36,58.04,81.38,54.03,55.64,70.03,5,63.1,38.86,76.06,0.06727,0
APP-0775,生命科学,15,680,15,11,3,双一流/国家级平台,短期交流,中青年,65.29,100.0,50.86,72.15,65.62,93.22,72.18,37.62,70.6,11,51.68,98.47,72.21,0.49753,1
APP-0776,交叉学科,5,142,14,8,1,普通高校/机构,无,中青年,57.72,80.27,49.05,66.95,85.54,100.0,38.58,92.75,74.86,6,44.07,88.36,84.71,0.43316,1
APP-0777,工程技术,7,134,13,9,1,省部级重点单位,短期交流,中青年,72.56,67.17,67.76,75.08,55.0,85.23,18.88,69.85,72.62,7,36.52,64.35,29.21,0.26765,0
APP-0778,生命科学,10,371,13,14,1,普通高校/机构,无,中青年,74.37,78.44,58.52,73.32,54.87,66.47,43.83,62.21,90.84,4,68.23,34.62,60.01,0.068,0
APP-0779,管理科学,5,216,9,3,0,双一流/国家级平台,短期交流,青年,70.41,72.94,64.81,72.64,60.95,100.0,47.5,70.71,90.17,8,54.47,90.52,100.0,0.25208,0
APP-0780,交叉学科,6,98,10,7,1,省部级重点单位,长期经历,中青年,79.15,70.62,62.49,86.53,89.58,59.67,100.0,64.46,77.18,7,34.46,82.46,82.02,0.20409,1
APP-0781,信息科学,10,269,15,16,1,普通高校/机构,无,资深,64.4,73.41,71.73,68.82,64.56,51.17,49.99,100.0,80.06,6,60.47,63.85,39.29,0.13944,0
APP-0782,交叉学科,6,114,7,1,1,普通高校/机构,短期交流,青年,71.4,63.92,59.52,68.43,85.75,96.23,29.64,62.04,56.6,5,100.0,83.58,65.5,0.64933,0
APP-0783,信息科学,9,52,22,24,1,普通高校/机构,长期经历,资深,58.96,72.98,60.67,79.44,63.17,81.22,69.29,74.91,77.43,4,51.97,53.1,46.19,0.03394,0
APP-0784,工程技术,8,232,7,5,2,省部级重点单位,无,青年,75.7,62.92,39.77,76.18,85.03,51.49,34.81,89.38,94.44,7,89.08,44.72,56.66,0.30291,0
APP-0785,交叉学科,7,67,9,7,2,普通高校/机构,无,青年,72.99,43.45,67.25,57.26,72.52,57.74,52.87,89.31,76.88,5,4.29,64.83,97.99,0.04342,0
APP-0786,信息科学,4,126,11,3,1,普通高校/机构,长期经历,青年,56.42,85.96,69.33,67.8,74.87,80.62,67.55,86.44,71.07,7,50.59,34.05,80.29,0.06495,0
APP-0787,管理科学,10,77,17,10,0,双一流/国家级平台,长期经历,中青年,69.98,62.08,65.33,74.7,43.03,63.56,31.37,63.61,95.76,11,75.1,42.02,38.16,0.085,0
APP-0788,信息科学,7,98,11,7,3,省部级重点单位,无,中青年,71.51,71.98,96.68,61.37,40.65,65.29,80.35,67.72,70.86,5,56.31,71.79,50.99,0.05008,0
APP-0789,管理科学,5,91,7,3,1,普通高校/机构,无,青年,75.65,59.35,70.44,61.99,83.12,97.6,72.54,37.38,97.46,12,43.15,66.32,64.01,0.06751,0
APP-0790,工程技术,11,498,13,16,1,普通高校/机构,短期交流,中青年,76.14,59.78,65.65,50.91,82.92,99.78,57.07,68.88,100.0,4,55.47,37.13,59.51,0.27106,1
APP-0791,生命科学,6,98,11,1,0,双一流/国家级平台,无,青年,62.62,55.45,75.49,31.52,100.0,75.76,85.03,70.49,80.91,6,75.7,54.64,69.32,0.02749,0
APP-0792,信息科学,9,95,18,14,0,省部级重点单位,无,中青年,81.93,83.28,99.69,64.14,42.22,72.19,51.18,81.13,94.44,3,98.87,37.91,50.84,0.84282,1
APP-0793,信息科学,8,220,24,24,6,省部级重点单位,无,资深,78.8,86.66,71.79,70.65,73.77,84.83,65.88,96.93,65.31,6,77.31,53.21,57.77,0.88642,1
APP-0794,生命科学,7,135,5,10,1,普通高校/机构,无,中青年,62.58,70.36,34.65,54.76,49.62,67.26,55.58,80.67,64.87,7,45.91,51.24,50.64,0.0069,0
APP-0795,生命科学,9,321,12,10,0,普通高校/机构,无,中青年,57.14,62.49,74.48,86.91,54.15,47.23,37.24,86.06,74.03,4,51.34,79.86,57.75,0.25852,0
APP-0796,信息科学,14,146,16,15,0,普通高校/机构,短期交流,中青年,63.57,46.3,54.81,55.39,57.96,40.86,37.84,69.74,90.22,8,51.49,59.18,75.97,0.03062,0
APP-0797,生命科学,13,303,29,30,4,省部级重点单位,短期交流,资深,52.87,81.14,39.16,80.86,72.12,73.12,90.62,89.26,82.02,7,38.66,57.62,69.04,0.02831,0
APP-0798,生命科学,9,956,7,4,2,普通高校/机构,短期交流,青年,74.7,60.53,93.46,74.44,55.38,84.58,71.19,70.17,80.14,4,52.9,54.94,52.08,0.13785,0
APP-0799,管理科学,8,149,7,4,0,普通高校/机构,无,青年,87.39,54.36,90.22,97.29,66.54,74.19,80.96,87.11,69.09,8,50.52,31.03,83.25,0.27783,0
APP-0800,管理科学,4,115,11,6,0,省部级重点单位,无,青年,90.48,70.41,54.42,76.02,79.31,83.72,46.86,82.07,80.73,4,31.99,60.22,82.08,0.37883,0
APP-0801,管理科学,6,47,8,8,3,双一流/国家级平台,无,中青年,57.84,65.32,54.52,50.2,84.05,84.92,64.16,75.89,75.56,7,72.76,70.69,63.98,0.0964,0
APP-0802,信息科学,6,79,12,12,2,省部级重点单位,无,中青年,82.23,48.75,70.4,82.71,77.08,90.63,52.97,46.89,72.78,9,64.42,66.17,59.61,0.24761,0
APP-0803,交叉学科,10,283,10,6,1,省部级重点单位,无,中青年,73.1,50.67,54.72,91.07,73.23,76.24,83.96,86.4,71.93,5,43.18,74.47,93.96,0.04634,0
APP-0804,工程技术,5,97,10,2,0,省部级重点单位,无,青年,40.85,74.71,65.97,45.96,63.73,77.31,74.26,75.67,83.92,2,58.96,75.34,91.32,0.01144,0
APP-0805,生命科学,1,72,7,1,0,普通高校/机构,无,青年,67.68,60.82,57.3,77.31,56.9,73.56,68.39,80.54,74.8,5,36.71,100.0,38.25,0.03499,0
APP-0806,生命科学,15,395,21,17,1,普通高校/机构,无,中青年,66.23,77.14,61.99,80.18,74.62,70.9,66.36,74.7,81.93,7,44.95,41.68,84.3,0.36561,0
APP-0807,管理科学,8,74,21,22,1,省部级重点单位,短期交流,资深,87.74,72.05,46.93,66.23,49.19,55.14,57.95,77.29,64.31,8,69.75,66.22,93.3,0.07262,0
APP-0808,生命科学,6,267,12,4,1,普通高校/机构,短期交流,青年,60.68,84.67,80.4,37.51,67.91,88.06,59.74,89.51,87.03,10,65.42,68.24,75.16,0.12452,0
APP-0809,工程技术,5,54,1,2,0,省部级重点单位,长期经历,青年,79.32,58.35,86.06,65.15,48.79,69.39,80.83,62.89,84.41,6,45.74,56.24,56.06,0.03395,0
APP-0810,交叉学科,6,84,12,2,0,双一流/国家级平台,短期交流,青年,70.61,73.26,66.5,61.45,65.34,68.71,59.33,77.01,79.69,6,62.23,50.62,58.12,0.11657,0
APP-0811,生命科学,12,286,17,7,1,双一流/国家级平台,无,中青年,53.2,78.94,67.46,88.89,49.14,67.5,33.19,58.34,83.62,6,54.51,70.98,93.08,0.10323,0
APP-0812,生命科学,6,382,10,6,0,普通高校/机构,无,青年,64.82,61.23,77.44,67.85,59.59,57.92,75.1,78.65,91.34,7,36.05,69.25,78.2,0.25041,0
APP-0813,交叉学科,3,44,10,5,0,普通高校/机构,无,青年,91.91,85.78,68.03,63.64,55.18,72.97,52.74,73.77,67.51,8,52.66,43.04,73.3,0.21166,1
APP-0814,工程技术,11,251,17,16,3,普通高校/机构,无,中青年,69.75,46.67,93.94,61.38,53.26,80.2,49.41,60.54,82.67,4,64.64,29.64,100.0,0.46349,0
APP-0815,生命科学,2,73,4,1,0,普通高校/机构,无,青年,83.78,58.34,48.25,73.23,64.6,65.54,46.62,71.4,68.95,8,62.12,53.15,46.87,0.03427,0
APP-0816,交叉学科,13,405,16,17,2,普通高校/机构,无,中青年,83.06,46.15,80.91,69.74,27.22,86.45,11.82,61.47,82.88,7,22.15,49.88,62.46,0.05702,0
APP-0817,交叉学科,4,220,7,4,0,普通高校/机构,无,青年,66.17,59.7,66.29,58.73,37.16,69.58,53.51,64.33,79.41,6,59.32,72.85,67.23,0.02887,0
APP-0818,工程技术,11,175,25,25,3,省部级重点单位,无,资深,55.32,67.84,51.18,72.43,78.86,55.61,93.46,75.32,81.75,2,56.51,45.37,60.4,0.00414,0
APP-0819,工程技术,6,266,11,7,0,省部级重点单位,短期交流,中青年,57.03,81.64,100.0,61.76,68.36,90.48,56.4,74.03,90.48,10,18.03,58.8,32.71,0.07695,0
APP-0820,信息科学,6,328,12,2,0,双一流/国家级平台,短期交流,青年,90.87,67.83,100.0,35.3,54.43,76.38,99.36,41.19,90.19,7,39.84,31.28,81.07,0.00871,0
APP-0821,生命科学,5,383,7,3,1,普通高校/机构,短期交流,青年,73.97,61.66,64.88,77.68,81.58,84.36,46.94,75.56,92.87,3,65.83,34.07,51.23,0.1854,0
APP-0822,工程技术,12,341,10,13,1,普通高校/机构,短期交流,中青年,49.46,48.31,74.67,76.45,55.77,84.64,54.43,65.45,78.04,4,83.7,48.15,50.92,0.11668,0
APP-0823,信息科学,15,332,24,18,1,普通高校/机构,无,资深,82.84,53.0,60.93,71.6,56.72,62.65,63.52,63.79,89.03,7,23.19,57.49,57.9,0.04942,0
APP-0824,工程技术,12,181,6,6,1,普通高校/机构,无,青年,48.77,74.34,63.35,63.25,53.47,67.74,51.21,53.09,87.07,7,75.59,47.24,60.09,0.01633,0
APP-0825,交叉学科,8,67,6,4,0,普通高校/机构,短期交流,青年,61.26,82.34,51.01,68.06,96.51,86.41,57.4,69.32,78.29,6,18.39,64.57,61.93,0.06779,0
APP-0826,生命科学,8,145,9,4,0,双一流/国家级平台,无,青年,73.06,64.13,48.8,79.65,69.76,96.02,80.21,62.15,83.17,5,83.95,31.38,80.38,0.02239,0
APP-0827,工程技术,12,265,15,11,1,普通高校/机构,无,中青年,100.0,86.95,95.66,60.79,69.13,74.76,42.66,89.1,80.68,6,51.23,58.13,83.87,0.92494,1
APP-0828,信息科学,19,346,25,32,2,普通高校/机构,无,资深,82.61,56.7,67.42,80.18,73.46,66.47,58.82,43.76,95.95,7,41.71,58.34,59.59,0.04836,0
APP-0829,交叉学科,7,230,7,6,1,省部级重点单位,长期经历,中青年,65.73,64.53,68.76,49.83,36.36,94.19,62.31,55.54,90.1,5,63.09,35.94,53.83,0.01377,0
APP-0830,信息科学,4,40,3,4,2,省部级重点单位,短期交流,青年,72.37,65.71,55.84,71.19,56.5,66.48,75.6,54.53,78.64,5,36.75,66.11,61.82,0.0557,0
APP-0831,工程技术,5,107,11,6,0,省部级重点单位,无,中青年,83.96,91.41,70.85,69.33,73.28,77.95,13.61,73.88,77.95,6,66.32,22.96,48.81,0.73882,0
APP-0832,工程技术,8,636,16,11,2,普通高校/机构,短期交流,中青年,90.48,71.87,45.44,82.03,65.93,68.87,37.22,87.6,91.58,2,53.52,49.67,63.52,0.45659,0
APP-0833,信息科学,9,367,2,1,0,双一流/国家级平台,无,青年,68.78,44.82,56.39,57.05,100.0,77.23,50.81,77.55,95.4,4,0.0,76.17,47.92,0.02524,0
APP-0834,工程技术,4,152,10,4,1,普通高校/机构,无,青年,69.16,83.32,50.0,58.47,57.44,62.65,72.39,53.58,85.16,12,39.79,21.95,100.0,0.01336,0
APP-0835,管理科学,5,155,10,3,0,普通高校/机构,无,青年,61.21,95.84,87.39,50.87,81.09,69.5,40.39,63.56,88.59,8,59.82,74.08,66.17,0.22639,0
APP-0836,工程技术,9,151,9,8,2,省部级重点单位,无,中青年,80.65,66.5,43.22,61.63,78.9,66.47,73.9,57.86,95.03,6,77.33,41.01,54.86,0.17676,0
APP-0837,管理科学,9,61,7,11,1,双一流/国家级平台,短期交流,中青年,85.34,57.44,50.31,72.32,68.29,81.95,96.83,77.62,80.25,6,62.63,51.37,76.0,0.06468,0
APP-0838,交叉学科,11,307,11,12,1,普通高校/机构,无,中青年,46.8,82.1,37.29,45.63,71.19,75.96,50.21,63.26,82.83,6,77.01,87.32,43.06,0.02628,0
APP-0839,信息科学,11,46,19,21,2,省部级重点单位,短期交流,资深,66.84,97.5,54.65,63.24,61.36,84.56,45.44,48.81,86.87,7,38.12,50.72,51.9,0.34167,1
APP-0840,工程技术,8,141,13,5,0,普通高校/机构,无,青年,56.23,81.88,61.11,76.94,34.43,64.09,59.44,78.77,77.71,7,70.55,91.05,71.2,0.07267,1
APP-0841,生命科学,8,174,6,1,0,普通高校/机构,短期交流,青年,73.96,47.28,82.67,67.66,71.59,71.5,53.6,88.95,98.99,6,70.89,56.51,66.3,0.08378,0
APP-0842,管理科学,8,130,4,3,1,普通高校/机构,短期交流,青年,55.91,80.57,64.67,69.98,72.85,81.5,55.1,67.32,77.62,9,23.38,60.48,81.83,0.25732,0
APP-0843,工程技术,15,1231,26,28,4,省部级重点单位,短期交流,资深,54.84,75.66,61.84,49.42,75.37,84.3,46.38,71.81,82.61,4,77.99,77.16,17.6,0.06584,0
APP-0844,信息科学,10,687,10,12,6,普通高校/机构,短期交流,中青年,86.61,56.64,72.5,67.7,67.01,56.65,64.7,47.41,100.0,6,62.55,71.79,77.91,0.25888,1
APP-0845,生命科学,6,270,10,5,1,省部级重点单位,长期经历,青年,69.85,88.04,61.36,69.37,81.53,77.81,29.91,39.11,63.38,12,50.37,64.77,54.76,0.38611,0
APP-0846,交叉学科,13,145,7,5,0,普通高校/机构,无,青年,71.22,76.14,100.0,66.87,52.14,64.24,62.27,42.26,84.16,5,50.03,53.66,44.11,0.10064,0
APP-0847,信息科学,11,795,9,8,1,双一流/国家级平台,短期交流,中青年,77.61,88.41,59.13,70.99,89.49,84.91,29.2,69.33,75.39,10,35.24,34.08,34.71,0.45408,1
APP-0848,管理科学,14,422,16,13,2,双一流/国家级平台,短期交流,中青年,84.62,55.14,74.21,64.98,50.19,96.33,38.58,65.38,82.0,5,68.62,34.96,54.55,0.09417,0
APP-0849,生命科学,17,182,23,16,2,普通高校/机构,无,中青年,66.56,75.58,80.4,63.07,64.27,42.66,26.04,78.19,69.94,5,62.04,85.64,91.03,0.53401,0
APP-0850,交叉学科,9,196,13,1,0,普通高校/机构,无,青年,66.85,57.47,58.7,55.48,76.89,66.13,43.48,67.04,78.29,7,67.66,92.59,80.47,0.05838,0
APP-0851,生命科学,7,291,13,16,3,普通高校/机构,无,资深,66.9,73.47,70.48,81.67,57.76,77.17,50.52,84.82,82.25,4,57.58,64.33,91.78,0.35768,0
APP-0852,生命科学,10,142,8,6,1,双一流/国家级平台,无,中青年,86.06,90.68,60.49,53.05,77.98,73.95,43.52,83.08,84.38,6,60.12,30.07,62.06,0.35858,1
APP-0853,交叉学科,4,112,13,10,1,普通高校/机构,无,中青年,71.11,50.03,72.11,71.05,60.52,85.28,44.67,65.16,90.96,4,50.08,48.1,65.82,0.04393,0
APP-0854,交叉学科,7,192,13,7,1,省部级重点单位,无,中青年,68.22,50.83,69.51,92.57,67.89,74.95,53.23,54.95,58.76,5,77.54,47.21,37.15,0.10336,0
APP-0855,生命科学,16,155,20,29,3,普通高校/机构,短期交流,资深,77.08,83.38,65.9,83.32,63.1,67.64,18.61,41.26,80.74,4,68.13,52.0,37.15,0.21888,1
APP-0856,工程技术,15,252,23,23,3,省部级重点单位,无,资深,95.81,69.8,50.67,75.62,56.77,61.76,36.28,91.5,80.25,3,59.46,46.08,61.51,0.22991,0
APP-0857,管理科学,19,191,17,17,2,省部级重点单位,短期交流,中青年,72.97,86.4,95.96,72.25,100.0,59.74,86.09,55.86,81.36,3,53.31,71.37,40.6,0.59018,0
APP-0858,交叉学科,16,559,13,17,1,省部级重点单位,无,中青年,68.5,58.7,76.8,67.34,52.56,65.09,35.83,47.55,82.32,3,20.64,66.45,49.43,0.02922,0
APP-0859,信息科学,11,126,7,7,1,双一流/国家级平台,短期交流,青年,97.26,70.72,44.17,57.28,29.42,67.22,59.17,71.95,73.7,5,16.31,90.44,64.74,0.05638,0
APP-0860,工程技术,15,363,24,28,6,普通高校/机构,无,资深,89.29,79.63,61.69,65.7,53.14,78.61,46.16,47.69,66.53,7,48.63,55.0,85.63,0.29023,1
APP-0861,管理科学,14,114,14,11,2,双一流/国家级平台,无,中青年,87.4,72.94,44.46,76.47,68.1,72.12,66.74,71.93,84.17,10,81.37,65.6,64.17,0.14826,1
APP-0862,管理科学,8,83,10,3,0,普通高校/机构,无,青年,65.49,44.96,79.43,74.07,59.97,66.19,34.05,64.96,72.06,3,41.9,75.34,40.87,0.01488,0
APP-0863,管理科学,7,72,10,5,0,省部级重点单位,短期交流,青年,64.2,100.0,67.67,79.25,82.3,61.89,11.96,83.86,86.03,4,42.69,80.39,33.03,0.55574,1
APP-0864,工程技术,9,159,26,26,3,双一流/国家级平台,无,资深,48.16,72.97,68.06,84.86,81.71,65.57,41.18,82.55,72.63,7,36.55,39.77,66.04,0.10564,0
APP-0865,生命科学,11,256,27,30,0,省部级重点单位,长期经历,资深,84.54,51.23,55.36,66.94,60.91,67.23,68.4,86.55,88.93,4,30.19,69.29,53.31,0.00731,0
APP-0866,交叉学科,13,335,15,16,3,省部级重点单位,无,资深,73.0,74.4,63.27,71.49,39.08,65.02,63.57,73.09,81.46,8,37.72,64.64,65.97,0.11787,1
APP-0867,交叉学科,14,89,13,10,0,普通高校/机构,无,中青年,48.59,76.01,79.81,44.31,45.47,82.08,52.86,57.12,82.15,10,61.57,67.45,60.53,0.06517,0
APP-0868,管理科学,7,140,14,10,0,普通高校/机构,无,中青年,87.62,83.91,83.84,98.33,65.48,90.42,43.73,54.45,79.54,10,46.16,63.07,62.8,0.79748,1
APP-0869,生命科学,6,85,22,20,1,普通高校/机构,短期交流,资深,67.61,82.98,80.7,63.62,40.97,59.89,68.41,62.04,77.93,4,45.26,92.83,84.43,0.12107,0
APP-0870,生命科学,5,170,8,5,1,省部级重点单位,无,青年,69.22,67.01,44.72,77.47,60.12,87.43,35.56,99.91,79.67,3,43.47,45.96,81.91,0.33437,1
APP-0871,管理科学,6,116,6,5,1,省部级重点单位,无,青年,52.33,45.89,65.21,63.61,88.74,82.32,36.79,66.26,93.82,10,60.74,44.9,70.27,0.12084,0
APP-0872,生命科学,17,319,22,21,2,普通高校/机构,无,资深,78.4,76.46,71.8,63.31,71.49,76.16,30.4,72.42,66.66,8,63.81,47.22,48.78,0.24076,1
APP-0873,交叉学科,7,96,7,1,0,普通高校/机构,无,青年,78.52,47.01,56.98,65.92,66.73,92.32,41.54,92.78,75.52,3,18.62,56.78,54.63,0.02662,0
APP-0874,信息科学,5,368,15,9,1,普通高校/机构,无,中青年,71.38,87.01,43.11,52.81,49.35,71.96,44.09,73.82,92.57,2,40.79,67.28,76.98,0.0465,0
APP-0875,管理科学,18,154,14,13,1,普通高校/机构,长期经历,中青年,66.56,59.74,48.7,36.76,68.91,78.82,55.87,58.77,90.2,4,54.21,53.79,86.12,0.08872,0
APP-0876,交叉学科,14,217,10,9,1,普通高校/机构,无,中青年,100.0,78.89,90.5,84.08,61.86,75.48,31.61,80.95,95.44,3,64.78,80.11,42.35,0.96821,1
APP-0877,信息科学,12,264,13,7,0,双一流/国家级平台,无,青年,56.36,60.81,50.13,76.09,69.82,74.59,40.79,63.57,81.41,8,58.55,61.94,89.97,0.1735,0
APP-0878,信息科学,11,194,9,7,0,省部级重点单位,长期经历,中青年,62.62,63.11,68.71,57.09,77.63,79.51,33.99,74.34,68.82,4,72.46,60.27,50.74,0.42642,0
APP-0879,工程技术,6,84,5,2,0,普通高校/机构,无,青年,81.21,58.79,65.65,74.87,80.37,74.56,70.06,77.68,70.92,7,27.76,38.06,75.37,0.08317,0
APP-0880,工程技术,12,76,28,27,4,省部级重点单位,无,资深,58.81,80.03,65.69,79.71,68.06,79.59,56.05,62.59,79.01,4,64.3,94.78,100.0,0.38884,0
APP-0881,信息科学,9,122,5,6,0,双一流/国家级平台,短期交流,青年,57.85,61.3,63.2,59.99,74.19,65.96,29.41,72.8,89.61,6,97.03,61.15,36.97,0.29266,0
APP-0882,工程技术,13,142,21,12,1,普通高校/机构,长期经历,中青年,86.71,80.76,79.84,74.35,57.81,66.34,68.28,94.0,79.45,6,56.95,91.47,72.59,0.75399,1
APP-0883,交叉学科,7,465,11,11,1,普通高校/机构,短期交流,中青年,79.87,61.67,68.53,82.09,84.12,65.91,48.95,60.6,78.68,2,57.77,50.8,58.66,0.12687,0
APP-0884,工程技术,7,680,13,7,1,普通高校/机构,无,青年,78.29,66.76,58.62,50.3,51.81,69.62,65.86,89.75,85.97,3,66.39,76.95,71.6,0.11924,0
APP-0885,生命科学,7,151,8,5,1,普通高校/机构,长期经历,青年,74.36,70.5,68.77,75.93,62.68,86.16,37.08,61.14,82.28,3,45.09,51.87,53.48,0.27331,0
APP-0886,信息科学,5,48,14,12,2,省部级重点单位,无,中青年,63.0,72.15,48.84,73.74,85.79,68.45,61.81,97.03,77.59,5,37.06,94.74,21.85,0.04423,0
APP-0887,信息科学,6,223,8,6,0,双一流/国家级平台,长期经历,青年,68.72,57.06,75.14,93.45,58.29,81.83,67.3,57.17,71.98,8,57.16,82.17,51.19,0.4305,1
APP-0888,生命科学,5,63,12,6,1,普通高校/机构,短期交流,青年,70.97,79.85,57.79,76.24,44.55,77.19,51.38,64.09,91.47,3,22.92,77.29,69.9,0.16608,0
APP-0889,生命科学,5,84,11,10,3,省部级重点单位,长期经历,中青年,83.0,66.2,58.65,63.66,59.43,68.7,93.66,92.62,92.48,14,63.92,48.96,86.94,0.20851,1
APP-0890,管理科学,15,199,23,26,3,普通高校/机构,无,资深,77.54,77.61,75.7,65.16,88.27,89.71,59.83,93.28,71.42,4,67.29,96.32,70.89,0.71421,1
APP-0891,信息科学,14,204,18,9,0,省部级重点单位,无,中青年,59.94,69.77,61.89,95.3,29.67,82.83,85.26,82.28,77.97,9,23.92,98.68,89.04,0.03113,0
APP-0892,交叉学科,12,195,18,17,0,省部级重点单位,短期交流,中青年,82.26,78.21,62.73,64.39,67.64,74.02,100.0,53.77,88.67,10,59.26,55.17,55.61,0.02982,0
APP-0893,信息科学,15,128,25,29,3,普通高校/机构,无,资深,50.18,64.24,85.51,76.62,55.86,73.03,16.54,71.24,70.62,9,51.67,64.91,54.23,0.12119,0
APP-0894,生命科学,7,99,5,7,2,普通高校/机构,无,中青年,67.83,58.95,53.4,65.9,63.32,75.12,73.03,70.02,85.65,6,85.56,78.68,69.83,0.13675,0
APP-0895,管理科学,9,373,18,10,1,省部级重点单位,长期经历,中青年,57.15,75.98,75.48,83.06,60.42,55.65,60.33,57.16,78.74,9,82.2,26.5,57.62,0.21993,0
APP-0896,交叉学科,18,346,16,16,2,双一流/国家级平台,短期交流,中青年,60.86,63.09,82.24,83.7,81.37,64.1,54.87,80.45,69.83,4,72.83,82.63,83.08,0.87602,1
APP-0897,信息科学,7,169,12,1,0,普通高校/机构,无,青年,97.05,90.42,85.5,68.71,66.86,79.55,48.73,58.35,99.77,6,80.21,80.43,40.1,0.76215,1
APP-0898,生命科学,5,28,9,5,1,普通高校/机构,无,青年,52.88,70.95,100.0,63.71,82.17,55.0,32.17,50.64,78.59,5,48.7,51.86,78.67,0.10735,0
APP-0899,生命科学,11,422,17,15,2,普通高校/机构,无,中青年,61.35,50.77,58.37,63.4,86.55,65.03,28.94,45.69,87.24,2,61.2,22.54,84.54,0.12881,0
APP-0900,工程技术,9,123,10,6,0,省部级重点单位,无,青年,78.64,61.8,54.98,46.55,66.48,69.29,94.47,95.68,70.79,6,50.95,68.0,70.21,0.00835,0
APP-0901,工程技术,5,249,16,7,0,省部级重点单位,无,中青年,65.89,56.01,80.26,70.31,60.25,100.0,59.75,62.34,97.52,7,36.06,41.59,79.52,0.22463,0
APP-0902,信息科学,4,113,1,3,0,省部级重点单位,短期交流,青年,74.02,85.02,82.1,70.05,72.03,82.08,22.82,62.66,100.0,3,57.65,33.41,52.96,0.38476,0
APP-0903,生命科学,7,108,13,10,2,省部级重点单位,短期交流,中青年,90.58,80.83,56.14,58.39,75.12,87.17,35.41,54.54,66.98,4,54.34,68.67,49.87,0.56427,0
APP-0904,工程技术,4,34,5,2,0,双一流/国家级平台,无,青年,80.51,69.15,75.27,45.15,47.55,64.34,19.24,90.52,80.35,3,51.95,85.72,69.99,0.26007,0
APP-0905,交叉学科,11,937,16,16,0,双一流/国家级平台,无,中青年,65.91,74.06,100.0,71.68,69.78,78.34,73.82,49.3,95.28,7,54.82,58.06,51.72,0.18949,0
APP-0906,工程技术,7,263,10,6,0,普通高校/机构,短期交流,中青年,70.26,68.77,69.57,73.32,61.94,52.88,50.91,51.94,77.32,7,57.22,83.33,69.11,0.14769,0
APP-0907,工程技术,12,431,8,4,2,省部级重点单位,短期交流,青年,78.9,82.05,81.85,74.13,59.27,70.03,60.18,65.17,86.09,7,73.76,73.95,69.13,0.60723,1
APP-0908,生命科学,8,568,7,2,0,普通高校/机构,长期经历,青年,80.25,77.28,91.65,56.13,54.94,80.06,65.01,69.68,65.2,4,44.31,37.28,62.85,0.16505,0
APP-0909,信息科学,4,118,6,2,0,普通高校/机构,无,青年,72.27,79.8,100.0,74.16,55.99,56.99,68.96,79.88,74.12,6,30.41,52.03,68.8,0.05104,0
APP-0910,信息科学,15,723,24,31,4,双一流/国家级平台,短期交流,资深,76.69,67.31,71.69,66.68,86.09,78.72,42.06,59.87,85.05,6,69.56,81.43,74.79,0.1109,0
APP-0911,管理科学,7,114,11,7,0,省部级重点单位,无,青年,76.7,61.16,86.8,80.24,60.18,79.71,55.91,93.17,76.11,10,73.13,51.88,62.3,0.21524,1
APP-0912,交叉学科,10,339,15,10,0,双一流/国家级平台,无,中青年,70.8,79.31,56.17,56.33,84.3,66.77,55.48,59.97,78.39,7,63.16,76.74,55.89,0.10433,0
APP-0913,交叉学科,7,104,8,6,0,普通高校/机构,长期经历,青年,64.13,91.72,68.37,83.95,68.1,63.98,26.79,54.87,66.84,4,33.22,54.62,77.99,0.58751,1
APP-0914,交叉学科,7,112,13,4,0,省部级重点单位,无,青年,81.65,85.48,61.3,88.63,47.88,65.42,45.79,53.44,88.54,5,53.37,74.98,68.65,0.56613,0
APP-0915,交叉学科,8,185,13,6,0,省部级重点单位,无,中青年,75.79,92.14,39.72,70.51,69.05,69.84,43.94,58.39,68.6,2,61.7,69.72,71.67,0.06492,0
APP-0916,交叉学科,6,61,12,6,1,普通高校/机构,无,中青年,44.95,72.27,43.95,74.25,46.99,70.2,56.42,52.47,97.41,9,34.63,57.53,73.9,0.00686,0
APP-0917,生命科学,11,282,12,6,1,普通高校/机构,无,青年,61.26,56.42,74.45,79.19,75.71,80.12,77.77,81.26,75.17,9,40.71,74.47,66.53,0.03603,0
APP-0918,生命科学,8,142,17,17,4,省部级重点单位,无,资深,65.75,57.66,74.75,55.67,62.68,67.59,52.31,54.99,90.01,10,53.07,23.12,58.15,0.07915,0
APP-0919,信息科学,8,48,9,1,0,普通高校/机构,短期交流,青年,69.39,89.31,52.38,62.68,79.68,93.23,48.25,68.01,89.02,4,79.66,42.46,53.51,0.11495,0
APP-0920,工程技术,4,76,13,5,0,双一流/国家级平台,无,青年,87.65,43.93,91.36,71.39,88.94,93.14,71.41,54.56,72.15,5,60.5,53.65,62.5,0.14343,0
APP-0921,生命科学,6,110,16,12,3,普通高校/机构,无,中青年,100.0,91.07,51.35,95.35,38.23,76.83,53.29,52.38,76.24,6,44.55,83.11,72.19,0.38224,0
APP-0922,交叉学科,10,366,12,12,2,普通高校/机构,长期经历,中青年,40.04,58.97,71.86,53.45,58.62,69.86,49.55,86.6,77.43,8,51.97,35.97,72.98,0.06301,0
APP-0923,工程技术,9,231,17,17,0,省部级重点单位,无,中青年,75.96,96.93,61.77,90.29,46.65,67.6,80.32,94.04,78.1,5,42.67,61.38,66.45,0.06631,0
APP-0924,工程技术,11,584,12,6,3,普通高校/机构,长期经历,青年,72.9,69.01,69.6,66.49,100.0,77.8,45.54,89.04,69.02,5,47.76,67.71,69.99,0.90593,1
APP-0925,生命科学,13,370,22,20,4,双一流/国家级平台,无,资深,69.65,80.12,81.48,68.55,58.96,79.9,55.24,47.93,87.34,11,70.45,66.46,45.22,0.75357,1
APP-0926,信息科学,7,109,14,13,2,省部级重点单位,无,中青年,79.06,100.0,79.36,84.83,44.96,71.59,37.1,50.01,75.11,11,17.6,60.23,56.1,0.80686,1
APP-0927,生命科学,12,237,26,32,3,普通高校/机构,无,资深,73.95,65.38,78.62,95.28,100.0,69.28,75.22,99.68,80.86,3,82.3,50.83,75.41,0.46235,1
APP-0928,交叉学科,23,354,33,29,4,省部级重点单位,短期交流,资深,67.3,65.14,76.7,74.5,54.38,78.23,31.77,66.19,92.06,5,99.78,57.56,49.83,0.75385,1
APP-0929,工程技术,10,288,19,24,3,省部级重点单位,无,资深,72.38,60.27,48.91,84.14,40.05,74.83,48.56,49.38,87.72,3,59.25,79.55,66.4,0.14595,1
APP-0930,管理科学,7,162,13,15,0,省部级重点单位,长期经历,中青年,79.24,55.98,85.02,57.04,47.47,67.13,69.65,86.23,75.79,8,39.38,49.61,64.88,0.0182,0
APP-0931,信息科学,12,163,4,3,1,双一流/国家级平台,无,青年,78.0,65.38,52.1,62.12,68.29,75.36,32.68,71.01,92.41,7,79.26,23.13,62.06,0.16676,1
APP-0932,信息科学,4,103,6,6,0,省部级重点单位,短期交流,中青年,74.45,62.23,66.41,51.42,66.73,66.74,67.36,78.54,88.66,5,61.56,70.39,75.54,0.09596,0
APP-0933,信息科学,8,235,20,16,1,省部级重点单位,无,中青年,64.42,52.5,62.73,62.3,52.62,64.98,9.02,36.43,74.94,4,45.48,88.93,67.86,0.2452,0
APP-0934,管理科学,12,128,19,14,2,普通高校/机构,无,中青年,100.0,67.05,73.25,76.35,58.24,73.94,30.93,65.11,76.86,5,36.56,43.08,43.64,0.35303,1
APP-0935,管理科学,11,280,17,16,2,省部级重点单位,无,中青年,76.67,76.3,60.73,71.76,66.85,67.1,48.12,84.23,92.01,9,47.88,86.49,72.77,0.59,1
APP-0936,生命科学,6,49,11,6,1,双一流/国家级平台,无,青年,81.91,57.46,65.62,91.45,87.18,65.2,100.0,60.39,89.79,6,59.85,71.37,55.38,0.06805,0
APP-0937,交叉学科,16,652,28,31,2,省部级重点单位,无,资深,65.4,67.73,92.28,95.71,71.33,86.55,52.91,88.53,66.97,4,73.91,41.19,40.81,0.25421,0
APP-0938,生命科学,5,169,6,7,0,省部级重点单位,短期交流,青年,74.46,89.69,48.57,67.23,56.99,69.29,53.34,50.25,71.94,6,61.68,49.33,76.62,0.04382,0
APP-0939,交叉学科,12,709,28,22,2,普通高校/机构,无,资深,74.36,50.13,67.96,60.16,62.35,96.12,72.95,68.31,88.95,5,65.08,48.54,43.84,0.09293,1
APP-0940,生命科学,12,119,15,7,0,省部级重点单位,无,青年,47.14,97.04,51.29,84.08,78.32,81.52,28.27,94.67,70.26,11,49.33,65.04,57.97,0.29626,1
APP-0941,信息科学,13,552,11,6,1,双一流/国家级平台,无,青年,62.68,60.56,78.12,85.43,92.88,64.15,0.0,52.74,90.05,5,73.1,58.74,68.99,0.63265,0
APP-0942,交叉学科,12,452,22,27,4,普通高校/机构,无,资深,62.44,72.81,57.1,74.74,48.33,87.92,84.68,74.07,100.0,3,51.87,81.9,62.75,0.03343,0
APP-0943,生命科学,9,171,18,19,0,普通高校/机构,无,资深,64.19,87.91,68.58,78.17,83.83,65.4,62.09,78.78,85.73,3,92.76,77.29,53.39,0.52094,1
APP-0944,信息科学,6,108,8,8,2,省部级重点单位,短期交流,中青年,58.09,92.18,48.13,76.14,61.0,97.68,41.09,71.37,72.77,3,42.94,34.18,47.11,0.21743,1
APP-0945,信息科学,16,157,23,24,6,省部级重点单位,无,资深,72.57,76.58,87.37,56.15,40.01,76.71,51.15,66.25,83.77,6,63.9,36.46,51.08,0.20689,0
APP-0946,信息科学,6,58,11,7,0,省部级重点单位,长期经历,青年,90.17,60.28,69.09,53.16,36.84,80.51,77.64,56.86,92.35,8,99.79,73.06,45.68,0.18997,0
APP-0947,管理科学,17,206,26,29,3,普通高校/机构,无,资深,73.7,59.04,70.07,68.34,87.35,74.37,47.41,72.95,82.99,6,76.84,52.72,61.85,0.46137,1
APP-0948,交叉学科,9,85,4,4,1,普通高校/机构,无,青年,56.64,61.95,80.44,66.39,89.25,77.19,52.9,68.46,86.84,9,70.91,58.85,54.73,0.17881,0
APP-0949,交叉学科,8,491,20,12,1,省部级重点单位,长期经历,中青年,58.6,96.45,49.23,72.6,56.89,71.25,90.71,48.46,74.01,7,61.94,71.84,40.56,0.09424,0
APP-0950,信息科学,8,66,15,13,4,省部级重点单位,无,中青年,67.1,64.64,58.77,67.29,62.61,62.89,25.13,86.5,74.76,4,57.06,77.45,59.08,0.22046,0
APP-0951,工程技术,3,93,7,1,0,省部级重点单位,无,青年,53.6,74.53,70.55,46.86,37.48,78.08,60.34,56.35,91.06,5,52.52,39.8,53.07,0.00228,0
APP-0952,信息科学,6,183,9,7,2,省部级重点单位,长期经历,中青年,75.96,55.39,41.57,41.54,78.19,86.3,25.56,48.85,74.88,6,44.76,22.01,68.56,0.03575,0
APP-0953,信息科学,15,378,11,14,0,省部级重点单位,长期经历,中青年,89.59,53.81,43.18,78.59,65.55,59.71,85.36,61.06,56.14,5,25.29,59.96,70.16,0.01352,0
APP-0954,生命科学,11,305,10,6,0,省部级重点单位,短期交流,青年,64.51,70.37,55.68,60.38,41.16,92.49,55.86,56.61,78.94,8,68.81,46.61,86.81,0.05932,0
APP-0955,交叉学科,10,388,22,25,3,省部级重点单位,无,资深,72.99,65.45,50.89,65.98,69.28,81.21,36.26,66.13,85.14,4,25.24,63.19,75.01,0.43434,0
APP-0956,交叉学科,9,144,14,9,0,省部级重点单位,短期交流,中青年,66.42,66.48,62.84,61.75,43.77,68.76,19.99,51.36,92.59,5,69.03,60.4,45.5,0.09309,0
APP-0957,管理科学,5,127,10,4,0,省部级重点单位,长期经历,青年,63.81,49.29,75.84,57.13,74.92,68.54,43.0,76.72,98.46,3,49.82,44.44,27.06,0.02646,0
APP-0958,工程技术,9,159,13,8,0,普通高校/机构,长期经历,中青年,74.46,68.97,79.25,56.78,48.68,96.37,53.71,90.72,82.85,2,36.89,99.56,38.18,0.16395,0
APP-0959,工程技术,7,364,10,3,0,普通高校/机构,无,青年,63.38,91.69,95.14,82.26,71.39,85.26,73.17,71.59,88.59,3,84.11,62.31,55.46,0.29909,0
APP-0960,工程技术,11,893,13,3,2,省部级重点单位,无,青年,61.49,58.06,67.66,65.89,55.55,87.68,28.13,48.34,83.21,4,27.02,51.67,36.66,0.06328,0
APP-0961,工程技术,9,88,18,17,2,双一流/国家级平台,无,中青年,50.95,82.56,70.32,77.25,28.15,70.99,33.51,56.3,85.54,8,42.68,63.83,53.53,0.13236,0
APP-0962,信息科学,7,42,13,6,1,省部级重点单位,无,青年,72.84,21.5,67.63,79.0,81.94,80.67,40.06,73.32,80.13,8,44.55,71.54,64.55,0.237,0
APP-0963,生命科学,4,148,7,1,0,普通高校/机构,短期交流,青年,85.87,58.77,72.8,73.12,82.81,78.19,40.24,40.5,85.86,5,58.99,50.61,54.43,0.33836,0
APP-0964,生命科学,8,349,5,8,0,省部级重点单位,无,中青年,81.2,43.25,73.98,79.43,57.65,71.9,49.86,51.51,74.7,5,43.75,100.0,68.74,0.14392,0
APP-0965,交叉学科,4,364,9,7,2,普通高校/机构,无,青年,91.4,87.31,81.83,69.19,70.39,75.31,36.12,45.29,100.0,4,85.23,34.59,53.66,0.77333,1
APP-0966,工程技术,18,572,27,33,4,省部级重点单位,无,资深,63.23,82.3,81.77,86.73,73.01,87.32,58.34,71.73,58.09,8,28.57,35.84,51.05,0.06682,0
APP-0967,交叉学科,14,699,16,13,1,双一流/国家级平台,无,中青年,83.06,55.52,75.79,79.7,73.53,93.2,47.84,100.0,87.71,12,100.0,33.21,93.04,0.90549,1
APP-0968,生命科学,5,353,7,6,2,省部级重点单位,无,青年,57.67,74.05,90.65,81.43,93.61,70.98,50.22,51.09,85.2,6,34.82,62.07,63.44,0.27903,0
APP-0969,工程技术,11,591,18,15,1,省部级重点单位,无,中青年,81.22,86.82,68.4,56.8,72.67,58.24,63.45,82.24,85.71,2,100.0,70.51,65.9,0.61984,1
APP-0970,生命科学,3,149,12,7,1,普通高校/机构,无,青年,93.37,89.0,58.83,72.42,60.28,93.72,35.1,61.54,70.17,9,77.86,56.05,78.35,0.57912,1
APP-0971,信息科学,8,76,18,13,4,普通高校/机构,长期经历,中青年,78.48,64.32,61.28,45.14,72.85,93.87,61.87,50.2,65.22,5,53.79,70.46,78.91,0.28111,0
APP-0972,生命科学,8,173,15,7,1,双一流/国家级平台,无,青年,93.6,39.08,66.41,87.21,59.12,78.8,60.65,93.46,88.06,8,60.53,70.22,57.78,0.26319,0
APP-0973,生命科学,15,365,23,31,5,省部级重点单位,无,资深,64.22,57.42,51.75,60.9,48.95,95.51,54.21,100.0,95.41,2,48.42,55.51,81.78,0.02873,0
APP-0974,交叉学科,8,163,3,2,0,省部级重点单位,无,青年,70.25,80.73,58.8,62.7,85.52,77.93,47.33,76.18,84.2,10,62.94,69.69,56.37,0.55077,0
APP-0975,信息科学,5,117,22,12,4,普通高校/机构,无,中青年,60.1,99.38,50.9,51.22,74.55,63.09,44.61,75.44,90.05,5,41.26,58.46,81.28,0.27691,0
APP-0976,工程技术,4,282,11,5,0,普通高校/机构,无,青年,72.45,69.24,73.16,68.53,36.21,58.25,51.08,70.93,77.42,6,70.18,54.64,43.03,0.01719,0
APP-0977,工程技术,8,106,9,4,0,普通高校/机构,无,青年,75.51,61.5,73.31,65.51,55.06,58.14,51.91,67.78,85.32,5,59.64,53.03,58.79,0.1055,0
APP-0978,信息科学,6,232,13,11,0,普通高校/机构,无,中青年,72.34,100.0,41.47,92.7,78.12,74.05,26.4,75.1,94.26,8,36.21,66.19,67.78,0.56061,1
APP-0979,工程技术,4,125,11,10,1,普通高校/机构,无,中青年,65.84,75.68,58.19,80.17,40.98,68.41,81.51,80.14,78.86,4,64.54,83.92,70.13,0.03988,0
APP-0980,生命科学,17,192,23,32,5,双一流/国家级平台,短期交流,资深,65.62,52.81,95.38,62.31,53.95,67.05,36.08,94.95,93.86,6,63.31,40.31,49.66,0.10811,0
APP-0981,交叉学科,5,60,5,3,1,省部级重点单位,无,青年,76.49,68.34,77.45,47.34,100.0,72.72,51.33,62.16,65.65,4,41.66,53.35,35.97,0.15664,0
APP-0982,管理科学,5,40,6,2,0,普通高校/机构,无,青年,69.93,84.0,74.82,39.31,60.7,84.3,73.3,71.91,75.87,4,47.45,64.93,71.83,0.03152,0
APP-0983,管理科学,9,263,7,5,1,普通高校/机构,短期交流,青年,57.03,69.01,58.04,55.66,83.32,67.44,43.16,68.67,87.46,8,66.25,93.62,60.49,0.26149,1
APP-0984,工程技术,4,98,6,5,0,普通高校/机构,无,青年,47.34,81.12,72.31,51.69,90.01,65.42,54.74,85.36,100.0,6,77.81,69.77,57.36,0.04709,0
APP-0985,生命科学,6,81,27,20,5,双一流/国家级平台,无,资深,64.26,47.53,67.78,73.53,51.46,68.23,6.18,100.0,82.14,5,53.15,47.37,92.12,0.2107,1
APP-0986,交叉学科,9,57,16,16,1,普通高校/机构,无,资深,54.03,49.92,56.05,67.12,70.26,85.05,10.36,85.88,71.66,5,74.61,45.37,59.02,0.1919,0
APP-0987,信息科学,14,374,22,21,2,省部级重点单位,无,资深,61.14,59.71,60.59,69.23,98.94,73.16,49.49,81.97,100.0,4,79.34,79.73,55.21,0.32849,0
APP-0988,生命科学,6,123,7,2,1,双一流/国家级平台,无,青年,66.5,66.05,60.93,56.66,73.35,77.36,53.79,83.62,80.74,3,82.07,56.35,33.4,0.07964,0
APP-0989,信息科学,8,109,11,6,0,普通高校/机构,长期经历,中青年,70.1,74.68,45.67,70.98,100.0,92.64,72.12,89.01,88.65,6,64.34,39.84,45.59,0.28114,0
APP-0990,管理科学,9,103,12,11,3,省部级重点单位,长期经历,中青年,63.34,78.91,48.15,50.53,55.81,100.0,66.02,100.0,78.66,6,37.97,80.25,78.89,0.09431,0
APP-0991,工程技术,3,72,9,1,0,双一流/国家级平台,长期经历,青年,100.0,100.0,65.01,67.85,94.75,81.68,17.75,44.72,83.42,7,73.83,67.55,51.67,0.87794,1
APP-0992,管理科学,14,383,19,17,2,普通高校/机构,无,中青年,55.61,59.66,55.28,79.79,66.27,80.5,75.37,78.99,76.38,11,52.17,40.51,74.68,0.06354,0
APP-0993,管理科学,6,111,5,5,0,普通高校/机构,无,青年,87.72,65.6,63.49,64.25,60.76,59.79,32.8,31.28,100.0,3,66.13,37.87,42.03,0.01589,0
APP-0994,生命科学,9,89,8,4,1,双一流/国家级平台,无,青年,69.89,60.05,43.92,74.77,76.24,78.42,67.26,84.27,93.91,8,43.42,22.98,49.22,0.08874,0
APP-0995,交叉学科,11,220,22,24,4,双一流/国家级平台,无,资深,63.45,85.11,80.02,43.3,64.22,74.74,40.97,78.27,99.68,5,44.0,50.8,48.79,0.22862,0
APP-0996,信息科学,3,166,7,4,1,省部级重点单位,无,青年,79.64,85.88,99.21,42.26,64.65,84.71,100.0,61.8,74.12,5,41.97,67.48,72.1,0.06787,0
APP-0997,工程技术,10,216,20,18,1,省部级重点单位,无,资深,66.11,63.73,83.41,73.25,73.76,69.3,38.19,29.95,63.75,4,29.5,79.29,60.4,0.0869,0
APP-0998,生命科学,9,201,9,3,0,普通高校/机构,无,青年,61.51,98.92,84.96,82.61,37.08,76.41,48.52,69.78,79.07,4,44.27,69.65,45.12,0.22201,0
APP-0999,交叉学科,8,141,8,2,0,双一流/国家级平台,无,青年,95.27,60.08,77.39,65.9,53.22,81.26,60.33,73.34,100.0,3,35.34,38.51,76.15,0.08952,1
APP-1000,信息科学,9,108,10,5,0,省部级重点单位,无,青年,43.47,84.42,71.98,96.89,77.56,96.78,45.15,69.05,78.78,6,67.33,56.89,72.4,0.63498,1
APP-1001,生命科学,6,76,9,5,0,普通高校/机构,短期交流,青年,68.82,90.36,69.3,50.24,81.86,92.77,30.06,60.68,92.52,5,34.7,87.73,69.79,0.15996,0
APP-1002,信息科学,11,77,8,12,2,省部级重点单位,无,中青年,74.47,50.94,54.28,60.16,71.72,89.19,94.08,56.55,71.75,7,42.61,52.78,69.02,0.02162,0
APP-1003,生命科学,6,297,8,1,0,双一流/国家级平台,长期经历,青年,90.3,78.09,78.35,70.82,70.41,82.73,52.96,69.22,73.71,8,56.06,75.84,49.48,0.49885,1
APP-1004,生命科学,11,308,16,12,2,双一流/国家级平台,无,中青年,66.82,31.85,77.46,75.04,72.44,68.82,37.07,57.97,81.2,6,92.25,73.62,85.4,0.53197,0
APP-1005,工程技术,22,449,28,34,4,普通高校/机构,无,资深,100.0,81.54,61.05,61.41,81.32,82.72,59.32,82.14,100.0,6,42.16,75.68,62.28,0.62101,0
APP-1006,信息科学,8,211,10,5,0,普通高校/机构,无,青年,81.87,54.58,75.89,55.23,43.18,64.73,65.43,68.82,93.0,10,28.36,69.76,68.56,0.00843,0
APP-1007,交叉学科,13,329,11,4,1,双一流/国家级平台,无,青年,41.23,77.94,57.59,77.06,57.85,71.53,36.3,44.13,61.47,4,29.76,75.62,70.51,0.01939,0
APP-1008,信息科学,9,119,18,13,0,双一流/国家级平台,无,中青年,53.1,80.57,58.55,70.73,64.81,95.34,69.07,72.65,88.67,1,38.79,35.33,47.94,0.03663,0
APP-1009,管理科学,12,199,17,14,3,省部级重点单位,无,中青年,75.08,85.68,79.63,64.52,69.13,80.46,53.05,76.21,70.51,7,42.86,89.28,96.24,0.34354,1
APP-1010,工程技术,9,141,15,12,4,省部级重点单位,短期交流,中青年,57.13,82.46,74.46,75.48,32.25,76.72,50.4,94.27,75.18,8,100.0,29.48,63.54,0.78747,1
APP-1011,工程技术,9,982,10,2,0,省部级重点单位,无,青年,79.12,70.78,64.52,67.23,45.88,78.27,61.16,83.92,87.1,4,75.33,67.61,64.57,0.30267,0
APP-1012,工程技术,10,408,9,6,0,普通高校/机构,无,中青年,66.1,64.67,62.79,67.18,65.73,72.87,33.03,56.52,95.98,9,49.7,61.13,56.99,0.19128,0
APP-1013,工程技术,7,174,13,9,2,普通高校/机构,长期经历,中青年,56.45,68.96,70.62,66.7,82.21,48.13,38.3,91.39,95.49,7,93.06,50.74,83.55,0.6262,0
APP-1014,交叉学科,8,423,8,7,1,普通高校/机构,无,青年,59.46,54.38,40.47,58.33,59.3,58.83,49.56,49.21,85.32,7,43.75,44.45,84.27,0.04112,0
APP-1015,信息科学,5,269,9,2,0,普通高校/机构,无,青年,83.07,67.04,56.63,57.0,55.33,81.41,78.11,70.42,85.46,7,47.77,71.9,66.69,0.02434,0
APP-1016,生命科学,19,152,24,31,5,双一流/国家级平台,无,资深,45.7,65.93,49.02,62.17,74.46,62.95,45.12,81.31,95.46,10,46.58,76.42,39.08,0.0275,0
APP-1017,工程技术,5,104,11,5,0,普通高校/机构,无,青年,85.59,58.96,68.18,69.42,60.75,72.71,54.54,91.88,66.24,3,76.54,60.14,61.2,0.17952,0
APP-1018,交叉学科,8,172,9,5,0,普通高校/机构,无,青年,85.97,45.62,84.33,44.67,80.09,59.27,8.77,98.33,100.0,6,54.6,56.79,62.9,0.25552,0
APP-1019,生命科学,6,205,13,7,0,省部级重点单位,无,青年,67.69,52.12,75.16,81.28,62.46,65.38,36.13,89.12,74.64,4,86.15,85.07,56.32,0.21928,1
APP-1020,信息科学,6,119,7,6,0,普通高校/机构,短期交流,中青年,53.74,25.9,60.33,69.24,48.16,73.95,16.99,67.95,84.61,5,64.68,54.41,47.28,0.01764,0
APP-1021,交叉学科,12,231,17,15,0,普通高校/机构,无,中青年,79.23,65.69,57.4,55.15,88.73,85.09,21.97,78.7,77.04,4,74.18,61.24,37.58,0.54012,0
APP-1022,管理科学,6,102,9,6,0,省部级重点单位,无,青年,65.68,75.05,56.69,90.02,85.8,87.49,57.32,73.37,70.44,8,19.68,58.34,89.01,0.3256,0
APP-1023,交叉学科,10,415,15,11,1,普通高校/机构,无,中青年,52.3,32.44,97.99,69.54,50.71,65.18,100.0,59.36,86.62,3,22.02,100.0,76.61,0.00244,0
APP-1024,工程技术,7,61,12,15,2,省部级重点单位,长期经历,中青年,96.82,73.31,69.02,51.64,72.33,77.68,61.55,68.27,84.37,4,22.68,46.88,64.59,0.15908,0
APP-1025,工程技术,7,118,11,6,0,双一流/国家级平台,短期交流,青年,60.5,68.29,71.0,89.43,60.77,56.89,56.66,96.97,80.95,9,47.44,76.97,52.95,0.13735,0
APP-1026,信息科学,16,96,20,28,5,普通高校/机构,长期经历,资深,52.86,53.53,36.33,86.61,75.91,74.68,34.79,79.69,80.47,4,25.22,31.41,70.12,0.01718,0
APP-1027,交叉学科,9,98,5,2,0,双一流/国家级平台,短期交流,青年,75.71,63.96,50.29,57.19,51.99,85.44,29.03,100.0,97.26,9,80.81,44.76,67.47,0.27554,0
APP-1028,信息科学,7,192,5,6,1,双一流/国家级平台,短期交流,青年,71.12,84.71,67.34,64.8,79.95,73.2,91.12,53.76,100.0,8,52.02,56.43,57.18,0.10759,0
APP-1029,管理科学,12,306,22,19,1,双一流/国家级平台,无,资深,91.32,56.36,60.53,63.05,85.12,89.79,45.48,64.28,94.53,5,68.31,59.64,70.62,0.3274,0
APP-1030,信息科学,12,201,18,15,2,省部级重点单位,长期经历,资深,67.05,71.1,70.0,44.44,50.84,84.04,10.0,76.23,84.77,7,46.15,57.06,72.71,0.29252,1
APP-1031,工程技术,5,249,7,1,0,省部级重点单位,无,青年,67.19,74.85,69.8,73.22,67.08,76.9,54.91,81.14,65.63,2,72.5,60.21,75.69,0.22899,0
APP-1032,管理科学,16,767,24,19,1,省部级重点单位,无,资深,76.36,58.49,77.01,79.99,85.46,71.0,41.4,68.25,88.27,7,16.7,49.6,48.9,0.35771,0
APP-1033,工程技术,11,218,17,17,1,省部级重点单位,短期交流,中青年,74.59,84.12,39.96,77.54,49.98,67.59,61.92,82.01,88.71,5,55.02,85.18,71.33,0.26027,0
APP-1034,交叉学科,12,289,12,6,1,普通高校/机构,无,青年,74.99,75.65,51.42,69.43,55.3,56.5,81.35,81.89,89.71,4,66.01,43.99,84.02,0.22937,0
APP-1035,信息科学,12,183,19,18,2,双一流/国家级平台,无,资深,75.54,66.47,66.51,81.25,76.59,58.46,57.38,49.18,70.59,5,67.7,75.4,69.04,0.54355,1
APP-1036,工程技术,7,234,14,13,1,省部级重点单位,无,中青年,74.14,100.0,58.29,54.24,63.43,85.94,54.54,81.3,90.5,4,49.65,74.2,100.0,0.63846,1
APP-1037,信息科学,6,64,13,6,1,省部级重点单位,无,青年,66.59,84.18,63.35,92.64,40.8,92.16,63.19,86.1,97.62,1,21.78,44.94,60.93,0.05594,0
APP-1038,信息科学,6,443,22,16,1,普通高校/机构,短期交流,中青年,82.82,46.39,69.64,58.96,60.88,61.03,100.0,74.44,72.17,11,76.23,55.39,34.8,0.0368,0
APP-1039,信息科学,3,176,5,3,0,普通高校/机构,无,青年,67.32,64.55,56.83,60.41,93.94,74.82,95.57,42.4,88.85,10,48.15,61.96,49.57,0.00712,0
APP-1040,生命科学,11,105,10,3,0,省部级重点单位,短期交流,青年,82.46,100.0,70.88,61.52,99.01,55.11,48.78,65.85,73.88,3,49.89,92.16,52.62,0.73942,1
APP-1041,生命科学,14,169,27,28,0,省部级重点单位,无,资深,90.04,56.25,76.16,60.57,55.81,62.28,76.37,76.57,80.96,4,100.0,55.35,73.5,0.01568,0
APP-1042,工程技术,7,205,17,16,2,普通高校/机构,短期交流,中青年,63.19,70.93,68.98,66.49,51.39,77.12,85.72,57.01,72.51,7,57.93,100.0,78.14,0.05405,0
APP-1043,工程技术,7,125,15,13,3,普通高校/机构,无,中青年,100.0,87.23,78.81,65.99,58.67,67.78,75.5,83.77,78.49,3,45.62,75.82,66.31,0.27856,1
APP-1044,工程技术,13,376,17,17,0,普通高校/机构,长期经历,中青年,62.74,79.13,35.41,70.69,94.83,51.01,48.67,80.94,78.57,5,44.42,68.18,68.97,0.13468,0
APP-1045,生命科学,11,181,2,10,3,省部级重点单位,无,中青年,62.83,81.15,59.21,58.36,79.47,94.63,40.04,72.02,86.12,3,68.9,77.92,96.56,0.35908,0
APP-1046,信息科学,4,275,10,1,0,普通高校/机构,无,青年,79.02,80.33,81.38,71.17,89.43,73.41,51.97,70.26,90.9,6,39.58,31.07,49.87,0.2025,0
APP-1047,生命科学,17,338,16,17,0,双一流/国家级平台,无,资深,77.74,70.36,55.03,54.82,81.98,60.75,27.2,72.89,94.16,6,66.23,83.09,62.76,0.597,0
APP-1048,管理科学,6,666,10,8,0,普通高校/机构,无,中青年,72.93,58.91,53.0,78.52,44.89,75.54,67.91,69.94,75.48,5,78.03,38.19,56.31,0.021,0
APP-1049,交叉学科,11,337,16,16,1,普通高校/机构,无,中青年,82.64,76.09,66.11,78.36,50.82,73.03,89.25,50.72,85.6,4,54.23,77.65,44.04,0.07188,0
APP-1050,信息科学,8,72,13,14,0,普通高校/机构,短期交流,中青年,75.28,64.36,67.74,68.92,54.86,79.06,42.06,63.55,71.02,5,75.76,51.33,29.58,0.14307,0
APP-1051,工程技术,6,536,7,2,0,省部级重点单位,长期经历,青年,98.85,63.26,59.98,60.55,57.65,69.92,52.11,71.09,80.89,6,54.62,47.61,86.04,0.14897,0
APP-1052,生命科学,5,245,10,7,1,省部级重点单位,短期交流,青年,71.31,90.75,95.65,73.04,55.15,77.77,28.88,91.28,82.43,7,42.25,93.91,51.01,0.86262,1
APP-1053,信息科学,11,292,5,2,1,省部级重点单位,无,青年,60.89,64.67,72.3,57.46,57.01,85.32,59.34,80.38,72.77,8,22.71,60.21,59.74,0.01962,0
APP-1054,生命科学,6,210,7,3,0,双一流/国家级平台,无,青年,64.83,93.89,54.46,69.45,76.25,58.18,49.78,92.08,87.59,8,61.5,34.44,71.32,0.284,1
APP-1055,信息科学,8,80,12,10,2,普通高校/机构,短期交流,中青年,78.13,73.59,46.41,67.03,68.17,65.68,21.13,48.93,80.44,5,61.92,79.55,43.77,0.33545,0
APP-1056,工程技术,16,98,29,29,3,省部级重点单位,短期交流,资深,78.32,67.77,74.08,100.0,85.52,84.07,100.0,64.66,83.54,8,75.63,40.03,49.81,0.05259,0
APP-1057,交叉学科,4,99,1,1,0,普通高校/机构,无,青年,74.68,44.55,54.1,53.05,70.03,67.38,14.43,100.0,94.25,5,73.7,86.49,63.63,0.13211,0
APP-1058,生命科学,8,426,6,4,0,普通高校/机构,长期经历,青年,60.96,99.68,100.0,34.32,55.18,73.02,21.2,58.86,77.72,4,97.35,61.71,56.55,0.61873,0
APP-1059,工程技术,8,225,15,11,1,省部级重点单位,无,中青年,86.41,69.92,74.42,60.71,69.02,68.36,76.74,58.56,90.5,4,44.38,39.07,42.31,0.0557,0
APP-1060,管理科学,8,528,4,1,0,普通高校/机构,短期交流,青年,97.18,38.21,76.4,46.7,41.82,69.1,70.08,65.92,96.43,1,63.12,76.78,74.32,0.07052,0
APP-1061,交叉学科,7,368,13,15,1,省部级重点单位,长期经历,资深,72.38,83.83,71.73,59.55,29.01,68.08,35.71,100.0,95.82,12,42.25,71.38,56.11,0.48581,0
APP-1062,工程技术,2,67,4,2,0,省部级重点单位,短期交流,青年,95.54,69.3,84.82,52.13,76.29,58.9,44.99,59.93,80.12,4,74.6,23.78,66.32,0.11893,0
APP-1063,信息科学,8,376,7,3,0,省部级重点单位,无,青年,83.26,56.96,32.07,57.24,82.29,79.51,67.85,78.36,72.27,8,37.46,60.86,64.97,0.06804,0
APP-1064,工程技术,11,613,10,7,1,省部级重点单位,短期交流,青年,100.0,83.04,49.95,55.16,67.15,86.75,64.62,75.88,74.9,7,74.27,67.38,80.48,0.73515,1
APP-1065,信息科学,8,165,16,17,2,省部级重点单位,无,资深,78.14,34.32,83.51,81.52,59.74,71.88,35.92,41.07,66.13,9,41.27,66.33,70.0,0.12396,0
APP-1066,交叉学科,8,151,6,5,0,普通高校/机构,短期交流,青年,73.78,60.0,90.51,68.37,44.53,85.39,69.88,69.76,88.86,7,71.33,58.67,49.34,0.05548,0
APP-1067,信息科学,12,270,19,15,5,普通高校/机构,无,中青年,82.95,65.81,49.47,82.98,84.67,68.11,67.91,61.71,89.48,3,80.13,75.41,83.76,0.39495,1
APP-1068,管理科学,3,18,9,1,0,普通高校/机构,短期交流,青年,66.36,81.93,40.72,69.53,73.88,67.4,76.73,80.17,83.17,6,24.92,72.24,55.95,0.02314,0
APP-1069,生命科学,3,101,2,4,0,省部级重点单位,长期经历,青年,77.29,100.0,70.51,81.07,70.66,78.93,49.0,96.09,68.24,4,29.06,62.56,50.16,0.449,0
APP-1070,信息科学,7,249,11,15,3,双一流/国家级平台,无,资深,89.3,66.57,75.28,65.07,65.92,79.13,77.3,64.83,78.35,6,60.7,57.75,47.65,0.21748,0
APP-1071,交叉学科,7,171,11,4,0,普通高校/机构,无,青年,82.65,76.44,70.21,89.73,58.49,72.65,55.04,64.83,95.8,7,58.57,64.67,24.16,0.46191,0
APP-1072,工程技术,3,105,11,2,1,省部级重点单位,短期交流,青年,71.6,100.0,67.11,75.12,48.19,82.12,60.82,100.0,88.1,6,50.16,51.13,53.66,0.45057,0
APP-1073,信息科学,7,152,6,10,3,省部级重点单位,无,中青年,74.61,70.07,40.22,58.86,70.04,58.56,57.16,59.33,89.83,4,46.47,43.59,70.74,0.17579,0
APP-1074,交叉学科,18,97,25,23,1,双一流/国家级平台,无,资深,81.85,76.55,62.37,77.05,57.38,70.35,71.53,49.85,100.0,11,38.9,41.77,40.85,0.21166,0
APP-1075,交叉学科,8,513,15,7,1,省部级重点单位,无,青年,81.42,52.68,64.61,69.35,59.22,85.58,61.77,90.66,85.28,3,62.62,60.2,93.05,0.2389,0
APP-1076,信息科学,7,123,6,5,0,省部级重点单位,无,青年,81.75,97.43,59.78,66.37,93.49,85.55,18.53,69.24,60.41,5,36.71,46.56,25.91,0.31625,0
APP-1077,工程技术,15,201,34,33,4,省部级重点单位,短期交流,资深,76.41,60.02,39.22,70.25,65.23,84.03,37.47,74.25,70.99,8,63.32,59.14,50.69,0.04498,0
APP-1078,工程技术,8,421,13,12,0,双一流/国家级平台,无,中青年,61.28,73.76,76.77,78.77,26.75,86.25,51.66,100.0,85.06,3,44.51,85.94,38.71,0.12737,1
APP-1079,工程技术,13,499,20,19,3,普通高校/机构,无,资深,63.35,73.36,80.99,41.47,57.43,69.53,59.33,48.96,82.19,6,47.55,58.27,79.61,0.05352,0
APP-1080,信息科学,9,229,9,8,2,双一流/国家级平台,无,中青年,78.0,71.19,56.08,64.44,49.98,53.54,66.5,67.07,80.28,7,80.32,64.49,75.09,0.11446,0
APP-1081,信息科学,7,257,14,8,0,普通高校/机构,无,中青年,82.81,63.92,65.21,77.87,63.77,70.89,69.53,51.46,80.46,8,75.09,57.88,59.48,0.06906,0
APP-1082,交叉学科,13,125,15,10,0,双一流/国家级平台,无,中青年,81.13,73.38,60.55,72.23,43.21,81.63,39.35,75.03,74.16,3,36.06,85.52,39.83,0.31134,1
APP-1083,交叉学科,2,63,11,2,0,普通高校/机构,短期交流,青年,63.22,94.6,60.69,54.36,72.94,83.59,68.36,61.7,85.74,4,38.54,91.84,43.63,0.15387,1
APP-1084,交叉学科,8,404,16,9,0,普通高校/机构,无,中青年,70.03,100.0,75.4,38.22,61.26,67.68,33.82,52.41,95.94,5,71.56,53.55,68.25,0.79926,1
APP-1085,交叉学科,7,100,10,7,2,普通高校/机构,无,中青年,56.73,67.55,75.76,91.11,58.39,62.38,75.27,80.98,99.32,3,27.32,75.1,52.51,0.05953,0
APP-1086,管理科学,17,176,38,31,8,普通高校/机构,长期经历,资深,53.91,63.71,84.12,66.57,68.39,63.58,76.6,70.15,99.04,8,85.08,99.64,54.45,0.18739,0
APP-1087,管理科学,5,126,19,15,2,普通高校/机构,无,中青年,73.06,58.68,83.81,88.68,64.77,67.48,49.8,51.23,72.44,8,58.7,41.11,62.75,0.18095,1
APP-1088,管理科学,5,128,9,4,0,普通高校/机构,短期交流,青年,89.66,100.0,65.42,79.33,63.84,51.23,44.62,52.14,81.8,4,44.44,79.65,56.99,0.65736,1
APP-1089,工程技术,4,155,10,12,1,省部级重点单位,无,中青年,73.3,71.8,100.0,58.68,62.41,67.67,36.08,73.12,78.86,5,56.21,30.67,34.26,0.41668,1
APP-1090,信息科学,6,56,9,13,2,普通高校/机构,无,中青年,96.81,85.61,91.25,36.48,65.67,74.57,38.74,44.94,87.92,5,83.22,62.53,41.37,0.66813,1
APP-1091,信息科学,6,26,10,13,2,省部级重点单位,无,中青年,69.87,79.75,58.13,62.99,71.49,72.83,31.55,73.41,81.17,5,13.38,59.48,41.79,0.26302,0
APP-1092,工程技术,11,415,15,17,5,双一流/国家级平台,短期交流,中青年,72.41,100.0,69.9,68.52,69.49,70.04,46.39,90.09,79.74,5,76.53,31.27,51.63,0.79334,0
APP-1093,信息科学,8,86,18,13,2,省部级重点单位,短期交流,中青年,59.12,66.53,38.21,74.86,84.03,65.73,38.81,80.01,96.55,10,79.89,81.61,65.53,0.22893,0
APP-1094,信息科学,6,93,7,1,0,普通高校/机构,无,青年,67.49,54.5,68.41,54.56,57.25,67.13,17.8,60.65,82.98,4,49.58,64.66,64.83,0.04232,0
APP-1095,工程技术,11,55,8,6,0,普通高校/机构,无,中青年,56.53,96.03,93.11,71.31,69.81,67.34,40.33,74.12,83.24,7,54.57,45.31,84.17,0.68069,1
APP-1096,信息科学,4,198,8,6,1,双一流/国家级平台,无,中青年,51.91,82.65,100.0,71.31,100.0,82.47,51.86,51.23,86.13,7,58.73,67.91,40.08,0.60042,1
APP-1097,生命科学,10,264,19,20,2,普通高校/机构,短期交流,资深,56.75,76.39,66.18,81.82,65.34,73.99,43.22,72.04,88.76,5,70.67,78.27,69.21,0.30189,0
APP-1098,管理科学,14,345,20,16,1,普通高校/机构,短期交流,中青年,73.11,91.49,73.02,65.01,65.97,100.0,32.1,65.1,88.82,5,41.41,30.16,50.63,0.64462,0
APP-1099,交叉学科,8,212,10,10,0,双一流/国家级平台,短期交流,中青年,62.42,77.19,77.08,74.76,45.79,70.01,2.18,54.41,97.52,7,55.71,5.33,97.58,0.52622,1
APP-1100,生命科学,16,83,17,13,1,双一流/国家级平台,长期经历,中青年,65.5,91.98,97.7,72.75,54.59,79.25,72.91,79.36,69.14,5,54.0,61.24,62.2,0.34078,0
APP-1101,生命科学,5,63,11,8,0,普通高校/机构,无,中青年,77.33,73.45,53.26,80.38,64.3,70.28,49.21,40.34,85.24,14,69.58,48.17,54.45,0.07137,0
APP-1102,信息科学,6,103,7,7,1,省部级重点单位,短期交流,青年,51.87,82.63,100.0,58.34,74.54,69.99,56.41,52.21,80.98,8,100.0,86.09,68.66,0.41644,0
APP-1103,管理科学,10,129,26,22,1,省部级重点单位,无,资深,73.05,77.37,63.24,29.08,76.39,92.75,53.62,54.02,78.99,3,41.32,55.33,67.35,0.02233,0
APP-1104,交叉学科,28,448,28,30,6,省部级重点单位,无,资深,83.02,65.45,50.45,65.92,71.22,85.97,74.72,62.43,89.58,4,57.58,67.57,57.54,0.08857,0
APP-1105,生命科学,7,183,7,7,0,普通高校/机构,长期经历,中青年,84.15,67.12,63.27,66.0,78.87,52.94,67.67,89.49,94.97,2,40.78,58.63,74.1,0.10561,0
APP-1106,管理科学,17,646,20,16,4,普通高校/机构,无,中青年,78.72,64.5,55.86,53.95,50.01,61.73,51.97,81.31,76.08,8,46.22,34.17,89.68,0.25779,0
APP-1107,生命科学,6,53,10,7,1,省部级重点单位,短期交流,青年,71.32,73.72,74.29,49.4,73.82,72.37,65.27,71.58,98.87,8,34.48,62.55,79.61,0.19287,0
APP-1108,信息科学,11,227,15,11,1,普通高校/机构,短期交流,中青年,63.89,63.62,43.21,61.53,66.21,67.79,69.56,70.87,67.68,6,25.39,38.13,61.47,0.019,0
APP-1109,交叉学科,14,448,10,10,2,省部级重点单位,长期经历,中青年,70.93,76.1,70.12,67.51,68.0,55.9,77.67,69.82,87.9,5,79.66,37.25,94.2,0.09157,0
APP-1110,生命科学,9,105,16,12,2,普通高校/机构,无,中青年,93.5,75.63,77.96,70.24,60.2,75.39,48.25,90.58,73.09,5,63.12,42.24,72.2,0.64773,1
APP-1111,生命科学,5,106,12,1,1,双一流/国家级平台,无,青年,75.55,72.87,90.24,39.29,50.75,51.46,54.99,42.76,75.58,5,57.86,40.66,45.34,0.00764,0
APP-1112,信息科学,7,211,9,11,0,双一流/国家级平台,短期交流,中青年,70.61,73.12,78.21,46.2,46.56,75.52,17.89,81.57,82.6,7,38.52,58.21,64.93,0.34502,0
APP-1113,工程技术,5,121,9,4,1,省部级重点单位,短期交流,青年,79.33,62.07,89.32,83.68,71.13,82.76,40.37,62.38,78.01,6,54.5,54.94,60.32,0.56219,1
APP-1114,交叉学科,4,158,6,6,1,省部级重点单位,无,中青年,72.65,66.05,58.91,66.54,73.97,84.47,46.06,77.54,53.37,4,32.87,67.11,54.8,0.10382,0
APP-1115,交叉学科,12,262,24,15,4,普通高校/机构,短期交流,中青年,74.94,46.61,73.91,68.97,63.93,72.27,64.82,77.62,88.11,4,55.45,33.66,69.34,0.21434,0
APP-1116,生命科学,6,113,10,2,0,省部级重点单位,无,青年,68.79,68.32,34.56,51.67,65.76,92.13,47.64,81.0,89.8,1,62.67,57.47,32.06,0.06377,0
APP-1117,生命科学,11,106,17,15,5,普通高校/机构,短期交流,中青年,66.61,56.2,66.29,68.94,54.48,77.98,63.46,93.75,80.39,7,45.15,53.34,91.25,0.17343,0
APP-1118,管理科学,11,268,22,29,3,双一流/国家级平台,长期经历,资深,84.95,71.4,73.8,64.12,74.05,84.15,49.6,49.43,79.6,7,40.86,65.63,74.4,0.22402,1
APP-1119,信息科学,8,186,8,8,1,双一流/国家级平台,无,中青年,46.65,60.0,75.16,60.96,66.97,65.16,38.45,85.08,78.27,9,46.15,66.49,32.7,0.02713,0
APP-1120,交叉学科,4,53,8,2,0,双一流/国家级平台,无,青年,78.22,41.29,44.39,50.0,60.15,92.26,33.96,69.04,64.89,6,72.3,64.81,74.2,0.03021,0
APP-1121,工程技术,9,280,7,8,0,双一流/国家级平台,长期经历,中青年,65.8,100.0,62.15,57.71,79.86,73.96,63.81,63.09,63.83,6,60.03,44.18,71.54,0.12955,0
APP-1122,生命科学,7,356,4,4,0,双一流/国家级平台,短期交流,青年,47.23,66.76,64.24,94.64,76.32,92.92,42.43,100.0,90.04,7,23.86,62.44,88.91,0.15024,0
APP-1123,交叉学科,9,125,14,12,1,普通高校/机构,长期经历,中青年,59.33,90.26,61.56,64.46,41.43,90.3,1.47,80.53,92.65,5,70.47,52.76,93.31,0.4978,0
APP-1124,生命科学,8,108,12,9,0,双一流/国家级平台,无,中青年,71.53,62.62,78.88,79.27,66.79,77.09,62.71,63.74,87.97,6,66.87,85.66,96.17,0.14253,0
APP-1125,信息科学,7,95,7,1,0,省部级重点单位,长期经历,青年,73.32,93.77,64.75,66.45,50.67,78.87,31.41,84.36,85.79,8,59.74,63.99,59.28,0.55252,0
APP-1126,工程技术,13,89,12,10,0,普通高校/机构,无,中青年,81.62,53.88,69.49,64.94,68.23,71.84,51.39,69.31,89.83,7,88.91,63.43,73.19,0.33477,0
APP-1127,工程技术,11,839,18,14,4,省部级重点单位,无,中青年,82.5,72.46,60.66,60.73,15.57,64.17,33.72,63.51,89.16,4,56.48,38.94,55.83,0.27669,0
APP-1128,管理科学,11,170,12,13,3,普通高校/机构,无,中青年,51.89,54.71,83.97,86.49,69.15,81.14,50.29,60.91,74.15,5,64.61,51.37,80.63,0.40429,0
APP-1129,工程技术,7,89,10,5,0,普通高校/机构,短期交流,青年,76.91,100.0,85.09,73.85,77.39,80.53,0.0,74.57,84.22,5,65.39,66.66,27.26,0.92045,1
APP-1130,交叉学科,7,75,8,4,0,普通高校/机构,长期经历,青年,81.47,66.51,63.37,58.74,64.23,54.58,56.49,60.79,79.04,9,73.55,60.58,42.32,0.11998,0
APP-1131,交叉学科,7,121,16,13,2,普通高校/机构,短期交流,中青年,74.85,81.6,100.0,63.88,47.36,73.01,32.5,72.33,79.17,9,51.54,60.39,56.62,0.53297,0
APP-1132,工程技术,9,122,12,5,0,省部级重点单位,短期交流,青年,78.53,76.31,56.5,82.99,97.3,84.42,24.65,83.31,93.4,2,43.1,30.43,62.98,0.78721,1
APP-1133,生命科学,14,718,16,16,2,双一流/国家级平台,无,中青年,46.88,69.64,83.11,32.1,84.5,91.59,65.28,71.66,97.75,6,75.46,47.35,66.78,0.17934,0
APP-1134,管理科学,2,29,6,5,1,省部级重点单位,无,青年,59.13,77.25,53.73,73.04,57.5,82.7,47.63,99.65,58.54,8,74.43,57.05,85.66,0.11921,0
APP-1135,交叉学科,8,64,4,6,0,省部级重点单位,无,青年,89.76,89.03,79.6,75.99,61.82,55.79,58.8,70.2,79.45,4,81.5,83.63,52.95,0.56904,0
APP-1136,信息科学,12,352,12,17,3,普通高校/机构,无,中青年,68.36,79.35,78.43,59.25,34.3,61.35,35.51,90.24,78.93,11,64.31,27.96,42.03,0.48852,1
APP-1137,工程技术,3,78,7,5,0,省部级重点单位,无,青年,100.0,72.27,52.82,71.01,73.57,69.85,78.08,84.64,93.61,3,23.02,43.21,57.41,0.04478,0
APP-1138,信息科学,9,166,13,11,0,普通高校/机构,长期经历,中青年,55.38,77.27,66.04,75.53,44.09,90.79,41.31,92.88,67.5,7,59.28,27.83,53.7,0.2564,0
APP-1139,生命科学,2,95,5,6,0,双一流/国家级平台,短期交流,青年,92.33,96.81,96.02,53.0,76.66,66.72,82.84,99.58,52.1,4,56.67,67.86,73.4,0.25987,1
APP-1140,工程技术,10,230,9,9,2,普通高校/机构,短期交流,中青年,64.06,64.16,55.79,79.95,82.42,86.7,74.59,43.58,90.21,4,80.59,83.35,89.93,0.31005,0
APP-1141,信息科学,9,186,16,8,0,省部级重点单位,无,中青年,83.21,44.05,74.03,72.87,64.88,66.52,86.32,73.98,91.63,7,77.17,68.49,88.4,0.10559,0
APP-1142,管理科学,8,70,12,6,0,省部级重点单位,无,中青年,68.16,54.65,73.03,67.01,48.97,80.39,69.36,68.32,64.16,7,68.26,72.39,82.52,0.02913,0
APP-1143,交叉学科,6,47,11,14,1,省部级重点单位,无,中青年,73.5,55.69,67.37,70.36,85.98,62.72,37.87,71.67,80.76,4,14.54,43.42,54.32,0.04417,0
APP-1144,交叉学科,6,88,6,4,1,双一流/国家级平台,无,青年,79.74,57.66,42.03,78.19,66.03,71.67,51.05,64.04,97.3,8,39.5,68.65,61.25,0.12911,0
APP-1145,信息科学,10,104,14,11,1,普通高校/机构,无,中青年,64.03,58.14,80.43,99.11,67.49,60.42,45.94,61.85,71.22,8,48.71,48.1,71.22,0.15888,0
APP-1146,信息科学,7,186,7,5,0,双一流/国家级平台,无,青年,82.41,69.67,68.17,76.93,51.1,91.32,67.21,53.51,83.01,3,49.17,63.08,50.9,0.05853,0
APP-1147,管理科学,13,82,15,17,1,省部级重点单位,无,中青年,68.54,73.46,84.56,79.54,69.09,65.66,49.79,71.46,87.08,6,59.34,71.04,52.48,0.53964,0
APP-1148,管理科学,2,49,7,5,1,省部级重点单位,短期交流,青年,74.31,73.31,71.48,71.52,62.75,55.43,45.14,84.01,67.72,7,85.6,56.75,70.37,0.23932,1
APP-1149,工程技术,12,220,20,15,0,省部级重点单位,无,中青年,37.61,59.78,68.97,93.72,44.74,54.48,83.16,62.59,76.36,3,71.59,76.76,40.8,0.01974,0
APP-1150,交叉学科,13,257,12,4,1,双一流/国家级平台,无,青年,67.61,83.91,73.59,49.94,87.44,72.97,43.45,65.07,65.09,7,37.62,59.06,82.57,0.51156,0
APP-1151,生命科学,9,249,14,16,0,双一流/国家级平台,无,资深,88.43,77.48,53.19,46.41,94.15,68.5,43.26,59.53,80.35,6,39.43,66.93,57.17,0.60865,1
APP-1152,交叉学科,8,141,14,10,0,普通高校/机构,无,中青年,81.03,92.14,91.37,70.99,82.29,81.78,40.49,55.08,74.09,9,37.62,96.04,73.19,0.3956,0
APP-1153,生命科学,16,206,11,7,2,双一流/国家级平台,无,中青年,83.53,81.85,62.37,77.58,79.9,71.18,83.64,66.46,84.08,6,53.66,70.95,67.52,0.39389,0
APP-1154,生命科学,7,350,5,4,1,省部级重点单位,无,青年,72.69,65.11,62.56,35.53,94.24,87.99,53.76,75.15,88.35,6,72.11,48.51,85.32,0.08352,0
APP-1155,工程技术,2,54,8,7,0,省部级重点单位,短期交流,青年,93.79,88.28,87.38,68.96,49.24,69.38,68.61,88.86,95.89,3,75.28,53.35,27.82,0.82311,1
APP-1156,生命科学,6,347,5,6,2,双一流/国家级平台,无,青年,75.75,73.83,71.71,66.65,49.05,86.32,54.72,52.12,100.0,4,48.48,77.72,85.43,0.31204,0
APP-1157,生命科学,6,112,26,25,1,普通高校/机构,长期经历,资深,63.42,81.17,64.45,78.67,59.37,62.57,6.14,69.54,84.08,6,55.4,80.77,85.05,0.58738,0
APP-1158,生命科学,7,154,16,9,2,省部级重点单位,无,中青年,83.12,80.09,74.21,74.57,70.77,55.96,32.44,87.67,78.83,7,89.48,61.34,68.78,0.7516,1
APP-1159,信息科学,4,93,4,1,0,普通高校/机构,无,青年,83.99,68.26,77.39,45.49,61.32,64.12,57.78,52.32,78.25,5,26.3,34.51,72.86,0.01126,0
APP-1160,管理科学,9,223,11,11,1,普通高校/机构,无,中青年,80.18,71.45,66.22,54.96,49.68,60.46,60.55,89.01,72.35,4,68.76,44.9,74.14,0.20849,1
APP-1161,生命科学,11,174,18,13,2,双一流/国家级平台,无,中青年,66.76,68.16,81.83,58.51,66.09,59.11,30.31,63.42,86.48,6,66.6,65.25,48.68,0.47213,1
APP-1162,工程技术,7,166,13,6,1,普通高校/机构,无,青年,75.66,58.06,48.94,78.61,64.49,78.96,29.7,80.67,77.05,3,50.07,72.45,64.92,0.4569,0
APP-1163,交叉学科,6,373,6,6,2,普通高校/机构,长期经历,中青年,90.11,39.97,71.93,73.87,79.46,70.83,53.45,66.73,87.18,5,55.63,80.09,79.13,0.16007,0
APP-1164,生命科学,7,308,8,5,0,普通高校/机构,无,青年,78.21,60.29,80.0,60.93,66.71,75.7,76.53,76.88,72.67,9,64.4,25.42,33.61,0.0368,0
APP-1165,生命科学,7,310,8,5,0,省部级重点单位,短期交流,青年,52.79,72.79,77.33,70.88,35.53,80.33,6.94,94.14,77.34,6,50.11,77.69,72.01,0.37203,0
APP-1166,交叉学科,4,43,9,10,1,双一流/国家级平台,无,中青年,63.83,85.2,34.38,55.25,72.17,53.77,0.0,68.18,86.32,2,43.25,87.69,65.48,0.35182,0
APP-1167,交叉学科,8,81,8,2,0,双一流/国家级平台,无,青年,63.22,81.14,66.1,95.65,91.31,80.84,84.71,84.95,80.75,8,41.74,18.92,74.66,0.16545,0
APP-1168,工程技术,11,263,22,26,1,普通高校/机构,无,资深,62.19,66.09,49.79,76.47,66.46,59.54,19.39,74.12,62.8,8,93.24,61.9,42.38,0.0506,0
APP-1169,管理科学,7,257,12,12,1,省部级重点单位,无,中青年,44.55,60.48,87.29,79.22,81.79,67.08,41.89,58.21,81.85,6,47.19,75.64,51.36,0.08953,0
APP-1170,生命科学,5,86,16,17,2,省部级重点单位,无,资深,96.58,67.48,62.14,86.9,57.92,51.29,24.19,67.82,73.98,9,60.03,36.59,40.27,0.40155,0
APP-1171,信息科学,13,168,13,17,5,省部级重点单位,长期经历,中青年,60.61,56.35,85.62,82.21,75.05,81.85,43.95,66.88,93.81,3,71.71,53.01,40.08,0.28046,1
APP-1172,管理科学,18,876,22,31,5,普通高校/机构,短期交流,资深,61.55,40.39,49.74,69.41,54.09,53.73,47.28,48.82,91.71,6,51.77,72.08,78.13,0.00778,0
APP-1173,信息科学,5,187,10,4,0,普通高校/机构,长期经历,青年,46.76,48.37,73.86,66.6,62.06,59.6,82.21,76.89,59.17,5,56.72,52.59,53.99,0.00634,0
APP-1174,管理科学,9,382,12,13,1,省部级重点单位,无,中青年,83.26,89.25,68.12,85.75,62.18,60.47,81.7,79.87,90.01,5,66.05,55.45,52.74,0.23641,0
APP-1175,工程技术,12,185,24,17,1,省部级重点单位,短期交流,中青年,70.82,96.0,100.0,69.34,73.63,72.45,24.34,82.19,85.89,7,39.04,65.97,82.54,0.86306,1
APP-1176,管理科学,9,137,24,18,1,省部级重点单位,无,资深,67.44,80.56,85.67,59.26,52.81,72.09,11.84,91.45,67.16,6,25.27,40.94,58.16,0.19746,0
APP-1177,工程技术,9,356,8,6,0,省部级重点单位,短期交流,青年,68.13,69.19,84.71,94.57,42.56,83.74,59.99,84.31,90.78,6,41.39,42.8,80.38,0.11834,0
APP-1178,信息科学,0,25,16,7,1,双一流/国家级平台,长期经历,中青年,79.64,50.5,98.42,56.83,73.52,72.75,39.61,60.95,69.2,6,90.57,70.43,46.16,0.22836,0
APP-1179,生命科学,6,93,18,14,3,省部级重点单位,短期交流,中青年,65.76,67.74,72.26,46.45,72.92,85.59,35.54,64.15,93.45,6,44.5,79.08,58.11,0.51005,0
APP-1180,生命科学,8,96,6,4,0,普通高校/机构,长期经历,青年,46.14,78.57,66.51,81.91,67.8,78.55,73.7,82.58,75.54,10,58.61,69.17,48.6,0.07568,0
APP-1181,管理科学,7,112,9,17,3,双一流/国家级平台,短期交流,资深,55.21,81.62,64.8,59.49,80.93,62.65,14.87,75.85,66.82,7,29.48,86.5,73.31,0.40819,0
APP-1182,生命科学,5,212,8,2,0,双一流/国家级平台,无,青年,54.53,79.64,72.92,74.66,62.76,65.99,42.67,69.73,100.0,3,82.84,69.55,60.48,0.2412,0
APP-1183,生命科学,5,45,9,6,0,普通高校/机构,短期交流,青年,75.58,86.93,26.45,92.62,70.5,92.13,62.62,56.88,66.54,6,49.98,95.25,76.43,0.12936,0
APP-1184,生命科学,6,208,12,9,0,省部级重点单位,无,中青年,84.09,97.2,68.03,51.13,60.4,88.73,30.61,62.04,73.94,5,46.9,63.18,66.6,0.43932,1
APP-1185,生命科学,6,87,13,13,1,普通高校/机构,长期经历,中青年,91.06,64.33,71.4,68.47,61.86,83.89,79.19,78.74,75.9,7,53.33,66.55,30.92,0.02232,0
APP-1186,交叉学科,7,136,4,4,0,省部级重点单位,短期交流,青年,50.75,100.0,65.66,88.28,71.44,85.47,29.77,40.74,77.44,10,100.0,69.26,59.51,0.47803,1
APP-1187,信息科学,8,158,6,3,1,普通高校/机构,无,青年,80.06,41.72,45.04,77.86,100.0,79.58,62.5,34.9,88.99,1,64.83,50.7,37.9,0.0248,0
APP-1188,交叉学科,4,88,11,6,1,省部级重点单位,无,青年,64.0,59.1,65.75,66.66,77.88,78.02,36.13,80.4,82.58,7,52.86,48.03,69.89,0.2368,0
APP-1189,生命科学,10,174,11,10,0,普通高校/机构,无,中青年,100.0,72.8,44.99,100.0,74.78,74.6,4.64,62.0,92.04,5,0.0,45.8,73.44,0.56732,1
APP-1190,工程技术,8,130,15,15,3,省部级重点单位,无,资深,89.99,77.69,94.61,67.76,78.38,94.39,52.84,77.03,85.72,4,83.06,52.0,75.2,0.95687,1
APP-1191,信息科学,10,145,11,14,3,双一流/国家级平台,无,中青年,94.12,67.46,64.14,74.16,28.44,68.42,75.48,93.65,65.27,3,42.1,99.27,61.91,0.14452,0
APP-1192,信息科学,14,665,8,3,1,普通高校/机构,短期交流,青年,82.43,63.06,37.06,90.44,71.11,76.88,47.47,54.8,87.5,8,38.95,94.79,36.25,0.23279,0
APP-1193,交叉学科,8,177,6,6,1,双一流/国家级平台,无,中青年,76.96,100.0,64.9,81.75,80.57,53.5,37.44,44.96,84.34,10,40.74,56.1,67.56,0.56298,0
APP-1194,交叉学科,6,127,19,16,2,双一流/国家级平台,短期交流,资深,66.77,62.39,81.43,86.18,67.35,56.83,39.67,65.85,75.75,8,85.3,54.43,70.92,0.67214,1
APP-1195,交叉学科,12,162,13,14,3,双一流/国家级平台,无,中青年,64.21,55.73,70.64,57.31,65.31,95.78,60.72,59.73,100.0,4,55.16,23.36,60.9,0.23158,0
APP-1196,生命科学,2,51,5,2,0,普通高校/机构,无,青年,61.6,93.67,54.29,84.97,50.96,81.4,42.81,69.62,88.08,8,25.56,44.1,65.45,0.02729,0
APP-1197,信息科学,5,79,13,3,0,双一流/国家级平台,无,青年,80.03,81.89,57.83,71.2,59.07,71.45,66.76,78.07,91.42,7,51.92,47.43,31.91,0.25604,0
APP-1198,工程技术,11,375,22,24,3,普通高校/机构,长期经历,资深,92.29,85.33,63.7,59.3,52.66,74.94,57.73,74.9,91.77,4,39.37,54.09,65.13,0.16304,0
APP-1199,信息科学,14,173,18,19,0,普通高校/机构,无,资深,67.36,72.74,61.41,71.89,81.99,57.7,39.53,70.69,77.8,8,63.19,51.75,62.16,0.20964,0
APP-1200,管理科学,8,40,9,3,0,双一流/国家级平台,无,青年,62.61,50.74,49.11,71.47,90.03,68.86,83.79,85.87,88.33,7,48.27,65.87,43.38,0.01276,0
APP-1201,工程技术,15,312,22,30,4,省部级重点单位,无,资深,52.71,71.18,66.99,93.29,96.96,56.5,29.49,80.06,85.16,7,24.61,75.95,72.98,0.52598,0
APP-1202,工程技术,7,130,10,1,0,省部级重点单位,短期交流,青年,75.18,48.81,47.99,73.96,52.4,70.46,64.06,67.28,76.43,4,54.35,48.9,55.6,0.0053,0
APP-1203,交叉学科,6,94,12,6,0,普通高校/机构,无,青年,87.98,73.39,82.24,58.85,55.31,82.16,76.64,79.53,69.78,6,54.86,87.86,67.9,0.29753,0
APP-1204,管理科学,10,380,12,7,0,双一流/国家级平台,短期交流,中青年,88.63,79.15,84.07,55.85,54.0,79.44,59.58,46.82,82.24,6,30.93,68.22,72.3,0.04974,1
APP-1205,生命科学,12,42,4,12,1,省部级重点单位,短期交流,中青年,89.92,85.06,52.95,68.38,49.7,93.07,59.23,85.96,87.87,6,16.8,77.99,69.59,0.47437,0
APP-1206,生命科学,14,786,17,17,1,省部级重点单位,短期交流,中青年,77.4,68.71,57.25,51.5,49.96,77.54,60.61,70.33,82.16,6,61.65,54.09,41.21,0.07504,0
APP-1207,工程技术,10,417,12,15,1,双一流/国家级平台,无,资深,73.17,80.47,61.65,59.7,57.75,44.26,42.57,51.99,80.18,4,50.39,71.84,57.47,0.10639,0
APP-1208,工程技术,15,199,30,29,6,普通高校/机构,无,资深,88.67,57.35,67.53,65.83,79.99,97.41,6.4,63.75,82.27,5,51.7,70.16,100.0,0.63153,1
APP-1209,信息科学,8,130,13,6,0,普通高校/机构,无,青年,57.57,83.53,71.85,63.52,54.51,63.91,45.01,85.56,79.13,5,70.92,88.42,87.72,0.24985,1
APP-1210,信息科学,4,142,13,11,3,省部级重点单位,无,中青年,66.27,79.44,74.95,78.45,82.85,75.95,82.92,58.49,97.49,6,17.23,73.75,78.19,0.12818,0
APP-1211,管理科学,7,220,13,16,2,双一流/国家级平台,短期交流,中青年,94.24,58.8,74.6,59.41,87.88,75.22,75.37,76.16,84.7,4,57.21,77.37,68.66,0.16581,0
APP-1212,交叉学科,11,151,17,10,2,普通高校/机构,无,中青年,58.03,77.43,91.31,36.89,70.56,76.89,51.54,83.18,77.14,5,69.25,52.48,47.2,0.13917,0
APP-1213,工程技术,10,73,26,30,2,普通高校/机构,无,资深,71.55,85.26,68.91,47.08,85.67,74.58,65.12,70.37,63.92,3,52.35,83.53,61.24,0.12357,0
APP-1214,信息科学,12,972,21,14,0,普通高校/机构,无,中青年,80.21,71.1,48.46,68.77,44.22,74.79,56.63,57.03,80.03,3,27.68,39.03,56.82,0.03177,0
APP-1215,信息科学,5,223,6,1,1,双一流/国家级平台,无,青年,73.08,58.48,43.86,61.37,57.07,58.14,50.59,69.04,76.23,4,42.78,51.69,62.56,0.00952,0
APP-1216,工程技术,8,193,8,2,0,普通高校/机构,无,青年,86.94,72.49,92.54,52.92,69.03,100.0,52.85,48.86,75.86,6,46.97,67.06,39.41,0.21339,1
APP-1217,信息科学,14,316,17,18,0,省部级重点单位,短期交流,资深,91.83,77.73,75.64,94.46,69.57,81.82,71.56,62.67,91.43,7,24.42,41.25,80.23,0.51692,1
APP-1218,工程技术,15,449,29,27,0,双一流/国家级平台,无,资深,78.24,58.38,71.1,79.77,88.87,74.62,39.28,53.39,82.8,6,63.43,45.38,18.33,0.25512,1
APP-1219,工程技术,7,253,9,3,1,普通高校/机构,长期经历,青年,90.07,55.89,74.74,68.24,50.02,96.1,55.96,69.3,65.18,6,56.06,45.39,78.57,0.17669,1
APP-1220,生命科学,7,40,10,1,0,省部级重点单位,短期交流,青年,59.93,77.3,70.4,72.03,57.41,61.14,67.58,50.96,88.19,9,43.14,68.82,78.9,0.08148,1
APP-1221,生命科学,9,153,14,12,0,省部级重点单位,无,中青年,69.95,81.53,74.5,65.55,64.64,84.42,46.11,71.25,66.18,6,75.71,59.14,100.0,0.56247,0
APP-1222,生命科学,6,103,9,6,0,双一流/国家级平台,无,青年,100.0,100.0,62.41,52.7,57.7,67.34,61.62,86.99,88.93,7,45.56,79.35,59.75,0.50235,0
APP-1223,交叉学科,6,124,9,3,0,普通高校/机构,无,青年,97.26,79.32,83.83,82.4,49.32,78.83,79.34,87.93,77.25,4,85.6,95.85,55.16,0.73547,1
APP-1224,工程技术,12,406,24,20,3,普通高校/机构,无,资深,55.4,53.07,60.13,80.07,58.38,79.09,48.47,51.32,82.87,4,50.62,66.87,66.05,0.04988,0
APP-1225,生命科学,12,77,32,33,1,普通高校/机构,无,资深,71.83,98.56,54.45,43.29,62.07,45.96,43.01,60.01,81.75,9,36.91,52.79,73.52,0.0138,0
APP-1226,交叉学科,9,80,29,33,1,省部级重点单位,长期经历,资深,73.77,84.77,42.64,71.94,89.16,56.82,23.6,82.79,80.52,5,37.51,68.63,62.47,0.04363,0
APP-1227,工程技术,9,123,7,10,1,省部级重点单位,短期交流,中青年,77.41,41.93,64.43,73.38,49.68,93.04,28.07,80.56,84.1,6,57.82,45.88,43.89,0.37784,0
APP-1228,工程技术,8,192,8,1,0,普通高校/机构,无,青年,88.56,55.58,87.01,64.82,79.04,70.97,72.02,60.77,82.82,6,34.59,60.85,73.5,0.24731,0
APP-1229,交叉学科,16,546,25,33,6,普通高校/机构,无,资深,95.91,63.12,61.14,96.26,86.35,98.02,64.49,62.7,100.0,6,58.89,100.0,63.99,0.58905,1
APP-1230,生命科学,8,502,10,7,1,双一流/国家级平台,无,青年,72.49,81.73,47.32,94.85,57.8,89.72,30.2,71.23,84.24,5,47.99,58.34,46.86,0.60354,1
APP-1231,生命科学,7,130,9,6,0,普通高校/机构,长期经历,青年,86.59,36.69,72.27,64.09,70.16,71.36,64.12,42.5,84.47,9,47.53,67.45,36.38,0.04054,0
APP-1232,工程技术,23,762,26,33,6,普通高校/机构,无,资深,80.43,68.33,58.23,66.1,75.21,70.3,67.39,77.88,74.9,7,55.17,59.09,100.0,0.16065,1
APP-1233,生命科学,12,390,19,17,2,省部级重点单位,短期交流,中青年,71.73,80.93,91.22,64.58,72.58,93.78,68.71,86.25,85.81,6,76.09,54.63,78.14,0.8865,1
APP-1234,工程技术,16,452,31,26,1,普通高校/机构,短期交流,资深,49.92,30.32,84.12,61.05,67.31,99.24,93.31,64.16,71.76,6,45.14,70.66,73.51,0.00394,0
APP-1235,生命科学,3,83,5,2,0,普通高校/机构,无,青年,85.24,80.45,48.94,57.03,55.14,70.56,79.41,48.71,93.5,5,59.68,39.12,62.05,0.01657,0
APP-1236,生命科学,12,190,23,21,4,省部级重点单位,无,资深,79.87,82.14,65.39,75.59,76.6,92.46,36.18,91.19,67.16,7,64.89,59.01,75.73,0.52461,0
APP-1237,生命科学,8,87,20,11,2,普通高校/机构,无,中青年,77.06,58.15,56.67,94.5,60.01,86.36,64.87,73.29,73.56,11,31.8,37.57,46.11,0.03822,0
APP-1238,信息科学,13,127,20,16,2,省部级重点单位,长期经历,中青年,59.24,53.85,50.59,89.15,66.46,88.43,29.16,80.63,65.71,7,66.46,89.8,67.39,0.19386,1
APP-1239,生命科学,9,241,18,21,2,省部级重点单位,无,资深,97.47,57.93,67.16,79.26,68.81,75.21,100.0,50.18,86.2,7,72.31,79.77,68.13,0.04293,0
APP-1240,生命科学,10,203,18,17,0,省部级重点单位,短期交流,中青年,73.98,32.59,80.27,37.71,79.7,65.93,25.47,50.24,77.76,7,75.32,48.17,46.53,0.06439,0
APP-1241,交叉学科,6,105,14,11,3,普通高校/机构,短期交流,中青年,57.16,65.43,66.77,44.76,96.85,61.35,58.77,76.21,88.86,1,33.82,28.6,62.22,0.05772,0
APP-1242,信息科学,6,213,16,9,2,双一流/国家级平台,短期交流,中青年,55.07,73.07,60.26,82.83,54.2,58.35,50.04,85.41,72.24,9,35.22,70.83,56.98,0.06547,0
APP-1243,信息科学,10,184,13,6,1,普通高校/机构,无,中青年,80.81,52.93,34.91,90.05,66.84,96.93,48.67,53.06,87.31,5,54.91,61.21,51.01,0.08684,0
APP-1244,生命科学,16,176,16,26,3,省部级重点单位,无,资深,81.19,83.61,58.01,76.2,42.25,74.13,52.82,68.47,87.8,7,53.78,100.0,54.84,0.19193,0
APP-1245,信息科学,8,146,14,16,4,普通高校/机构,短期交流,中青年,65.98,71.44,76.28,65.03,89.7,60.26,77.24,46.19,84.12,6,56.39,87.23,34.98,0.18648,1
APP-1246,信息科学,1,82,5,1,1,省部级重点单位,无,青年,78.01,73.64,47.87,86.58,66.7,86.03,61.33,59.48,82.31,9,48.87,73.43,82.07,0.08714,0
APP-1247,工程技术,1,25,2,1,0,普通高校/机构,长期经历,青年,80.68,64.37,87.24,78.8,61.21,68.25,62.13,66.14,83.37,8,59.72,52.49,90.56,0.05004,0
APP-1248,生命科学,12,282,7,18,2,普通高校/机构,无,资深,73.82,80.4,59.25,83.79,66.84,66.19,84.64,77.33,72.89,4,4.92,57.29,48.25,0.08046,0
APP-1249,交叉学科,11,220,27,33,3,省部级重点单位,无,资深,62.88,88.07,70.91,44.86,67.64,98.82,47.63,38.41,71.25,8,69.16,67.44,82.87,0.06468,0
APP-1250,交叉学科,16,194,29,33,3,普通高校/机构,短期交流,资深,84.5,64.29,62.01,73.46,54.29,58.03,67.18,89.81,87.44,7,85.44,68.39,63.46,0.03192,0
APP-1251,生命科学,9,159,5,2,0,普通高校/机构,无,青年,82.89,80.65,50.36,92.07,85.01,76.82,32.7,67.44,78.31,7,44.94,49.26,63.83,0.58178,0
APP-1252,生命科学,8,63,7,7,0,省部级重点单位,无,中青年,79.38,80.81,74.6,75.86,76.32,66.91,24.26,89.42,86.53,7,60.05,37.45,41.98,0.25525,0
APP-1253,生命科学,11,245,10,6,1,双一流/国家级平台,无,中青年,61.16,75.85,59.03,81.33,78.55,64.99,64.2,80.48,97.51,5,89.61,96.71,54.52,0.66433,1
APP-1254,工程技术,10,86,11,6,2,普通高校/机构,无,中青年,54.7,93.48,55.5,69.47,55.12,56.43,56.16,82.78,77.43,3,56.67,62.61,73.06,0.04,0
APP-1255,生命科学,9,386,7,4,1,双一流/国家级平台,短期交流,青年,72.99,59.83,32.36,70.38,54.25,74.72,92.93,100.0,76.0,4,62.11,69.64,47.42,0.01781,0
APP-1256,交叉学科,15,283,22,17,0,省部级重点单位,无,中青年,84.08,64.1,87.54,87.23,64.18,63.51,40.85,58.28,78.76,7,92.83,46.57,51.39,0.50929,1
APP-1257,管理科学,5,83,7,3,0,双一流/国家级平台,无,青年,85.52,59.12,68.09,60.29,78.8,81.1,69.43,72.03,82.39,7,96.73,86.59,55.36,0.27468,0
APP-1258,管理科学,8,370,10,11,0,省部级重点单位,无,中青年,79.6,80.15,84.6,59.02,74.03,73.44,45.09,55.14,88.14,14,34.78,80.72,6.08,0.16956,0
APP-1259,工程技术,4,52,3,3,0,省部级重点单位,长期经历,青年,66.14,66.19,77.3,62.78,53.56,70.25,66.96,68.47,81.72,4,47.77,63.09,69.58,0.01403,0
APP-1260,交叉学科,7,96,8,5,0,省部级重点单位,无,青年,61.55,60.26,84.6,69.3,76.68,63.58,65.38,80.8,100.0,4,73.87,65.78,74.83,0.07171,0
APP-1261,生命科学,9,58,12,5,0,省部级重点单位,长期经历,青年,71.78,93.28,59.54,48.07,50.45,91.17,49.45,86.91,86.21,12,65.94,67.13,70.2,0.22025,0
APP-1262,信息科学,13,618,22,27,10,双一流/国家级平台,长期经历,资深,71.9,95.33,47.41,78.5,55.41,82.83,35.19,64.27,89.81,9,70.12,63.77,80.03,0.86645,1
APP-1263,信息科学,14,953,17,13,1,普通高校/机构,无,中青年,86.39,65.4,79.44,66.86,68.52,65.82,57.26,51.93,81.63,3,3.57,72.04,56.45,0.15182,0
APP-1264,交叉学科,17,113,30,33,3,普通高校/机构,短期交流,资深,65.76,50.86,69.95,80.1,47.26,57.69,27.74,71.1,92.12,5,16.92,68.78,94.79,0.01448,0
APP-1265,工程技术,13,155,21,13,2,普通高校/机构,短期交流,中青年,66.84,96.09,61.0,41.45,50.58,51.34,57.3,57.22,79.95,4,91.68,58.83,49.64,0.0772,0
APP-1266,管理科学,13,276,19,17,3,双一流/国家级平台,无,中青年,98.71,76.59,79.14,80.15,90.83,87.65,6.95,61.33,75.56,2,71.48,40.97,60.18,0.96394,1
APP-1267,生命科学,10,150,7,5,2,普通高校/机构,无,青年,92.17,75.89,72.62,86.38,87.86,84.91,42.85,80.08,91.05,7,63.07,61.54,58.51,0.84837,1
APP-1268,交叉学科,3,82,11,6,2,省部级重点单位,短期交流,中青年,60.52,71.47,77.58,74.7,100.0,86.56,68.08,77.28,81.43,6,31.15,75.5,67.17,0.24587,0
APP-1269,工程技术,3,78,8,2,0,双一流/国家级平台,短期交流,青年,91.09,58.8,52.66,69.39,73.21,72.56,71.02,82.51,84.45,6,47.7,74.1,59.93,0.05371,0
APP-1270,工程技术,11,297,9,7,2,双一流/国家级平台,短期交流,中青年,57.42,64.21,82.66,80.25,76.32,83.67,17.76,64.94,91.82,8,67.39,85.62,62.25,0.73696,1
APP-1271,交叉学科,10,112,13,16,0,普通高校/机构,长期经历,资深,66.36,79.49,67.93,85.53,63.52,86.33,61.66,85.13,83.39,4,28.34,87.53,52.47,0.1794,0
APP-1272,信息科学,10,238,23,23,4,省部级重点单位,无,资深,67.84,63.73,84.27,75.8,60.39,73.16,27.18,70.22,80.51,3,41.89,74.63,56.55,0.07567,0
APP-1273,信息科学,5,58,8,4,1,双一流/国家级平台,短期交流,青年,70.99,76.06,82.52,76.77,79.95,69.7,42.43,65.74,76.65,5,63.51,65.37,26.02,0.28485,0
APP-1274,工程技术,14,216,10,12,2,普通高校/机构,长期经历,中青年,80.06,70.19,78.29,90.54,87.79,62.28,76.97,53.52,92.62,5,67.79,68.18,77.64,0.70996,1
APP-1275,生命科学,6,45,11,7,1,省部级重点单位,无,青年,73.38,55.2,66.33,78.9,78.59,79.11,30.5,38.65,78.58,10,45.54,51.66,46.63,0.3263,1
APP-1276,信息科学,8,134,7,5,1,普通高校/机构,无,青年,79.99,92.7,78.64,58.6,52.56,80.71,78.54,46.54,81.49,8,75.65,76.39,55.66,0.47454,0
APP-1277,生命科学,7,108,8,11,3,省部级重点单位,无,中青年,66.78,78.32,84.66,85.47,72.27,69.12,55.14,73.23,84.87,4,75.0,85.83,45.98,0.65615,0
APP-1278,生命科学,7,288,8,6,2,省部级重点单位,长期经历,中青年,76.86,74.63,77.1,67.39,53.68,70.54,59.25,56.39,84.83,5,20.14,80.75,73.68,0.05919,0
APP-1279,交叉学科,6,133,16,11,0,普通高校/机构,无,中青年,73.03,77.77,71.04,69.43,60.81,71.39,71.54,45.32,92.14,6,88.76,72.01,54.76,0.15304,0
APP-1280,工程技术,7,169,11,3,0,普通高校/机构,短期交流,青年,53.95,44.9,78.68,70.39,92.18,83.49,67.81,63.71,81.3,7,79.33,57.67,22.47,0.03983,0
APP-1281,信息科学,13,260,21,18,1,普通高校/机构,无,资深,78.28,63.1,60.11,81.6,46.81,57.51,66.06,74.2,95.76,7,60.13,55.59,68.77,0.0386,0
APP-1282,信息科学,14,71,21,20,3,普通高校/机构,无,资深,73.25,48.62,90.71,91.74,100.0,60.74,36.85,76.23,79.51,7,53.25,59.12,51.3,0.37304,0
APP-1283,信息科学,5,33,12,8,0,省部级重点单位,短期交流,中青年,62.72,71.75,42.77,69.32,74.79,60.97,27.78,69.57,85.71,6,71.79,48.86,63.6,0.07498,0
APP-1284,工程技术,12,200,20,20,1,普通高校/机构,无,资深,66.48,74.56,68.52,91.51,58.54,72.22,44.35,69.09,80.16,5,66.67,66.94,78.15,0.17284,0
APP-1285,交叉学科,6,165,5,5,1,普通高校/机构,长期经历,青年,66.8,71.98,61.91,71.14,67.09,77.78,59.49,61.92,100.0,9,50.57,11.66,47.21,0.10561,0
APP-1286,交叉学科,8,149,8,8,0,省部级重点单位,无,中青年,68.82,86.5,58.39,87.23,55.04,61.17,24.29,79.51,78.49,6,88.13,52.3,63.14,0.6216,1
APP-1287,信息科学,15,171,24,28,3,省部级重点单位,长期经历,资深,94.87,49.04,72.58,71.58,57.25,84.91,71.7,67.35,79.4,6,13.91,63.23,50.88,0.02965,0
APP-1288,信息科学,10,180,24,21,1,省部级重点单位,无,资深,99.17,58.81,51.12,62.6,67.17,91.55,72.84,68.86,83.15,10,42.7,100.0,80.77,0.29276,0
APP-1289,信息科学,15,243,30,30,4,双一流/国家级平台,长期经历,资深,36.56,75.8,100.0,93.99,60.74,78.97,46.36,85.57,79.33,8,64.96,62.08,65.34,0.38884,0
APP-1290,工程技术,10,348,13,16,0,普通高校/机构,短期交流,中青年,78.35,73.7,47.72,61.36,51.07,87.47,51.23,81.88,85.14,4,54.96,62.74,63.61,0.08938,0
APP-1291,工程技术,14,451,25,27,1,双一流/国家级平台,无,资深,84.41,51.58,53.73,60.49,62.46,63.02,67.53,67.23,94.29,6,69.99,47.0,42.9,0.0922,0
APP-1292,工程技术,10,147,15,16,0,普通高校/机构,无,中青年,69.19,86.75,52.31,52.67,44.97,63.3,58.83,65.09,83.47,7,28.11,92.95,76.75,0.03302,0
APP-1293,工程技术,4,99,5,1,0,省部级重点单位,无,青年,84.07,91.61,70.98,85.47,45.65,80.18,70.2,64.98,83.84,8,50.91,47.36,78.91,0.06371,0
APP-1294,信息科学,8,208,4,1,1,双一流/国家级平台,短期交流,青年,93.5,75.96,83.22,88.54,45.49,73.54,100.0,39.68,79.71,4,79.01,98.59,50.98,0.24375,0
APP-1295,信息科学,9,253,19,13,1,双一流/国家级平台,短期交流,中青年,54.17,48.87,75.89,73.85,92.74,63.28,53.38,86.45,76.95,7,26.13,48.68,66.62,0.15568,0
APP-1296,信息科学,11,667,12,9,0,省部级重点单位,无,中青年,73.74,72.24,90.09,56.21,72.49,91.1,37.12,59.73,82.97,4,51.19,78.95,74.0,0.52217,1
APP-1297,生命科学,14,277,16,13,3,省部级重点单位,无,中青年,97.44,74.76,55.59,68.91,75.53,77.59,32.74,82.82,82.08,5,45.38,60.98,100.0,0.92773,1
APP-1298,生命科学,19,795,29,31,3,普通高校/机构,短期交流,资深,55.91,66.19,77.88,65.07,66.18,82.43,21.84,70.62,93.73,6,63.27,51.88,70.65,0.2444,0
APP-1299,管理科学,6,65,7,8,0,省部级重点单位,无,中青年,70.5,88.86,63.45,55.6,74.1,65.91,34.85,90.88,72.41,6,63.86,80.17,63.99,0.24961,0
APP-1300,信息科学,14,186,17,15,0,省部级重点单位,短期交流,中青年,66.17,68.38,71.42,62.64,84.81,94.16,63.79,77.94,96.55,5,57.94,85.91,61.35,0.30936,0
APP-1301,生命科学,7,39,20,17,5,双一流/国家级平台,无,中青年,85.67,99.46,84.63,75.57,72.53,72.13,48.21,83.68,80.53,2,50.2,58.66,62.36,0.87683,1
APP-1302,工程技术,10,232,18,12,3,省部级重点单位,短期交流,中青年,87.49,80.96,42.62,61.13,92.25,86.23,67.73,61.12,83.49,6,57.27,61.56,77.04,0.55179,0
APP-1303,管理科学,6,210,8,10,4,普通高校/机构,长期经历,中青年,74.11,73.87,97.87,72.79,65.41,67.01,35.36,50.72,71.35,8,52.71,54.57,49.01,0.68657,0
APP-1304,信息科学,8,33,7,9,1,省部级重点单位,无,中青年,72.42,82.89,65.82,45.91,75.58,76.02,59.11,72.21,87.62,7,55.35,66.03,79.86,0.36293,0
APP-1305,交叉学科,8,197,11,8,1,普通高校/机构,无,中青年,49.65,91.43,43.9,90.83,77.26,80.69,67.45,41.24,72.4,6,85.14,42.3,37.8,0.02534,0
APP-1306,交叉学科,4,151,14,9,2,普通高校/机构,无,中青年,90.5,82.59,57.61,63.91,51.09,97.94,47.15,62.98,85.73,5,31.95,13.52,75.33,0.19487,0
APP-1307,工程技术,7,223,16,14,1,普通高校/机构,无,中青年,67.41,68.94,69.53,80.31,66.68,68.72,58.7,52.16,84.76,6,62.83,28.34,80.06,0.0587,0
APP-1308,工程技术,17,154,31,32,2,省部级重点单位,无,资深,70.15,60.76,57.6,71.45,36.54,76.43,41.19,57.41,78.74,10,37.16,58.02,77.7,0.05177,0
APP-1309,生命科学,7,258,3,3,1,普通高校/机构,长期经历,青年,84.63,54.29,37.28,74.23,63.92,81.1,41.19,78.94,61.35,8,95.1,42.74,68.6,0.06117,0
APP-1310,交叉学科,6,139,12,12,0,普通高校/机构,短期交流,中青年,74.57,35.83,69.45,54.28,61.53,57.02,61.07,77.95,100.0,6,57.78,59.88,70.71,0.03392,0
APP-1311,信息科学,10,308,9,15,1,普通高校/机构,无,中青年,85.05,72.44,57.17,59.11,60.58,47.91,63.81,67.57,71.46,2,30.64,52.78,57.2,0.0245,0
APP-1312,交叉学科,9,177,7,3,0,双一流/国家级平台,短期交流,青年,79.84,64.57,77.77,59.41,59.48,62.05,61.87,74.8,84.73,6,51.36,49.29,44.88,0.01625,0
APP-1313,工程技术,6,177,3,6,0,省部级重点单位,无,中青年,74.65,65.32,51.97,69.33,74.19,85.61,69.11,61.89,74.7,4,26.82,50.32,68.25,0.01616,0
APP-1314,生命科学,8,358,21,17,1,普通高校/机构,短期交流,中青年,76.04,84.4,100.0,86.24,51.83,94.6,45.02,100.0,92.48,8,43.34,79.41,65.17,0.77116,0
APP-1315,生命科学,12,215,20,14,7,普通高校/机构,无,中青年,57.4,68.43,75.7,74.63,95.76,62.92,46.5,74.51,78.21,6,68.32,66.24,79.7,0.79798,1
APP-1316,管理科学,10,253,14,12,1,省部级重点单位,短期交流,中青年,70.06,96.53,70.95,57.3,75.08,59.4,44.3,61.15,74.48,7,83.22,90.17,61.6,0.73952,0
APP-1317,工程技术,10,473,4,4,2,普通高校/机构,长期经历,青年,86.09,61.98,77.35,70.14,53.15,92.42,64.19,83.13,87.95,6,77.61,63.86,66.7,0.21378,0
APP-1318,生命科学,8,160,11,6,2,省部级重点单位,短期交流,青年,60.32,56.41,40.68,67.95,76.36,67.21,47.23,88.6,69.28,2,53.9,27.62,68.89,0.05672,0
APP-1319,管理科学,4,49,12,2,0,普通高校/机构,长期经历,青年,62.7,52.39,60.55,64.44,81.92,69.54,52.52,58.39,77.87,7,67.4,43.21,73.73,0.06786,0
APP-1320,交叉学科,9,298,12,8,0,双一流/国家级平台,无,中青年,60.56,80.12,94.75,68.8,71.91,91.51,35.59,48.72,88.9,9,72.17,64.07,80.13,0.81107,1
APP-1321,工程技术,17,854,21,15,1,普通高校/机构,短期交流,中青年,73.99,86.12,63.2,78.93,49.91,89.54,29.45,51.69,97.07,7,100.0,66.36,47.79,0.73247,0
APP-1322,工程技术,14,652,20,22,1,省部级重点单位,无,资深,90.23,61.68,67.06,59.64,100.0,85.21,38.81,59.95,72.38,5,43.92,51.45,75.93,0.46656,0
APP-1323,生命科学,5,191,8,9,0,普通高校/机构,短期交流,中青年,79.11,55.1,61.0,64.5,76.23,53.46,58.33,69.19,75.88,5,86.19,47.68,60.93,0.0949,0
APP-1324,管理科学,7,34,10,7,1,双一流/国家级平台,无,青年,43.7,91.42,89.97,81.77,46.04,58.9,49.14,45.56,85.52,6,34.16,51.06,74.92,0.12071,0
APP-1325,信息科学,11,151,2,3,1,双一流/国家级平台,无,青年,80.43,49.69,64.33,75.1,69.35,87.45,51.55,63.73,62.03,4,79.6,59.4,89.13,0.53581,1
APP-1326,交叉学科,5,82,12,1,0,省部级重点单位,无,青年,66.25,84.14,49.22,85.63,62.47,77.81,63.27,66.88,95.58,10,43.59,61.12,28.16,0.0894,0
APP-1327,信息科学,9,198,11,7,1,省部级重点单位,无,中青年,78.62,62.01,100.0,87.67,66.1,64.67,79.16,74.87,72.01,6,42.33,42.24,84.65,0.18258,0
APP-1328,工程技术,8,521,12,6,1,普通高校/机构,短期交流,青年,70.06,75.56,47.37,51.31,46.9,69.87,40.1,79.18,77.63,6,50.31,66.43,61.99,0.07591,0
APP-1329,信息科学,8,86,13,13,3,双一流/国家级平台,短期交流,中青年,60.81,85.08,66.54,72.75,66.87,87.33,28.32,76.02,84.61,7,40.48,66.27,49.46,0.51099,0
APP-1330,生命科学,9,825,10,13,2,省部级重点单位,长期经历,中青年,71.07,76.67,55.37,62.4,52.7,92.33,68.9,96.88,82.51,6,64.52,60.02,56.56,0.26703,0
APP-1331,管理科学,11,178,17,10,1,普通高校/机构,无,中青年,66.26,65.87,57.48,53.42,60.41,73.93,50.31,86.41,72.36,7,80.53,49.56,46.47,0.06318,0
APP-1332,工程技术,7,95,6,6,0,省部级重点单位,长期经历,青年,76.0,89.55,52.1,58.74,72.2,65.76,46.33,73.33,99.21,7,13.77,74.09,72.63,0.51822,0
APP-1333,工程技术,10,364,11,6,2,省部级重点单位,无,青年,60.48,74.05,59.9,65.09,58.37,70.69,70.36,55.44,56.25,4,52.51,85.83,46.41,0.0258,1
APP-1334,交叉学科,3,153,11,8,0,双一流/国家级平台,无,中青年,57.38,100.0,82.76,65.17,61.35,90.12,44.75,59.87,70.78,5,34.27,53.93,84.47,0.42254,1
APP-1335,交叉学科,6,211,10,7,1,省部级重点单位,短期交流,中青年,81.52,46.13,39.47,61.11,79.12,89.88,72.84,48.57,75.63,7,74.1,50.69,75.76,0.00994,0
APP-1336,交叉学科,9,116,6,4,0,省部级重点单位,无,青年,86.41,45.92,86.91,68.82,51.78,76.33,69.89,72.3,72.5,6,84.41,70.39,67.86,0.13288,1
APP-1337,生命科学,18,491,29,32,4,省部级重点单位,无,资深,79.54,83.92,84.33,100.0,55.63,67.65,100.0,74.97,94.2,5,52.51,40.93,29.39,0.05069,0
APP-1338,工程技术,4,52,9,11,1,普通高校/机构,无,中青年,63.57,69.56,75.64,46.57,45.93,86.99,47.31,83.39,65.42,3,41.93,39.02,41.52,0.02683,0
APP-1339,交叉学科,5,71,13,8,1,普通高校/机构,无,中青年,62.38,81.1,69.89,83.78,52.83,93.48,68.74,74.01,97.57,7,23.7,50.32,62.64,0.06441,0
APP-1340,信息科学,6,130,11,6,2,普通高校/机构,短期交流,青年,63.13,54.62,72.15,68.76,68.07,56.56,44.99,85.81,79.22,6,94.98,67.57,63.56,0.49587,1
APP-1341,生命科学,3,49,5,1,1,省部级重点单位,无,青年,83.58,70.76,89.35,63.31,76.23,71.21,73.79,86.12,68.39,6,82.38,46.15,79.98,0.25159,0
APP-1342,管理科学,7,309,5,3,0,普通高校/机构,无,青年,61.27,76.4,41.81,42.76,53.1,87.87,46.08,54.58,60.99,5,16.43,61.66,14.49,0.0027,0
APP-1343,工程技术,2,45,12,2,1,普通高校/机构,无,青年,83.49,62.39,78.91,78.92,75.76,74.88,71.34,62.23,79.85,8,69.11,25.83,51.09,0.04347,0
APP-1344,工程技术,5,104,6,8,3,普通高校/机构,无,中青年,80.28,73.25,56.81,50.27,67.68,68.14,53.54,69.83,74.98,5,33.76,73.1,78.23,0.08646,0
APP-1345,交叉学科,11,129,6,7,1,普通高校/机构,短期交流,中青年,88.09,50.94,80.39,79.76,43.88,76.22,71.64,59.41,84.36,8,45.83,87.93,58.27,0.16088,0
APP-1346,工程技术,20,766,25,26,5,省部级重点单位,长期经历,资深,85.82,75.53,58.8,91.64,68.79,78.45,42.39,66.35,77.49,7,31.03,45.62,56.06,0.65579,1
APP-1347,信息科学,16,206,18,18,4,普通高校/机构,短期交流,资深,79.05,90.24,78.6,52.32,85.11,60.48,34.07,74.52,91.56,3,15.98,69.99,36.59,0.26527,0
APP-1348,信息科学,3,176,11,4,0,普通高校/机构,长期经历,青年,52.91,52.67,44.77,84.19,35.73,75.09,12.36,68.15,80.58,5,55.09,58.25,81.99,0.02679,0
APP-1349,信息科学,7,312,10,5,0,省部级重点单位,无,青年,79.93,51.83,42.61,69.33,98.08,78.41,57.32,70.0,77.76,5,93.91,63.91,55.76,0.08898,0
APP-1350,生命科学,8,130,15,14,3,普通高校/机构,短期交流,中青年,73.5,86.66,66.3,41.78,56.23,68.11,37.02,55.86,91.73,6,37.48,57.57,82.59,0.18383,1
APP-1351,管理科学,18,361,32,34,5,普通高校/机构,无,资深,67.15,51.58,89.53,53.34,39.61,64.65,93.91,77.6,84.28,6,73.83,56.54,88.92,0.01982,0
APP-1352,交叉学科,17,247,30,32,5,普通高校/机构,无,资深,89.71,81.77,76.04,71.32,68.21,67.55,54.53,76.5,89.75,6,76.97,47.0,86.39,0.57073,0
APP-1353,信息科学,2,94,13,3,0,双一流/国家级平台,短期交流,青年,70.03,70.77,75.94,74.22,79.3,62.35,74.93,58.56,93.49,6,70.43,42.33,63.45,0.14794,0
APP-1354,信息科学,4,90,8,4,0,普通高校/机构,无,青年,65.12,64.15,80.9,48.45,61.51,84.21,72.89,50.6,79.06,7,95.93,81.79,55.77,0.15304,0
APP-1355,交叉学科,11,174,9,7,0,省部级重点单位,长期经历,青年,86.61,90.53,62.05,69.41,70.99,62.2,55.13,88.45,82.38,5,75.1,31.78,54.61,0.38515,0
APP-1356,生命科学,10,216,24,26,2,双一流/国家级平台,短期交流,资深,66.73,82.99,77.16,79.71,99.92,76.27,35.27,96.22,90.44,4,92.09,61.66,97.46,0.81022,0
APP-1357,工程技术,5,43,3,9,0,省部级重点单位,长期经历,中青年,64.47,73.92,59.3,81.98,69.29,69.51,47.31,73.52,57.49,9,33.06,60.85,60.4,0.05766,0
APP-1358,工程技术,15,286,15,13,1,普通高校/机构,无,中青年,57.35,39.86,63.29,63.63,100.0,65.53,72.7,64.57,80.98,11,70.91,61.16,81.9,0.17043,0
APP-1359,管理科学,13,403,21,17,2,省部级重点单位,无,中青年,61.34,79.97,65.15,74.7,86.23,90.46,95.71,85.69,79.75,5,86.22,73.97,72.2,0.48453,1
APP-1360,生命科学,6,151,10,4,0,省部级重点单位,短期交流,青年,62.45,55.01,59.82,82.94,66.82,72.43,25.3,77.06,85.74,9,40.56,55.33,57.0,0.12631,0
APP-1361,工程技术,16,590,19,17,3,普通高校/机构,无,中青年,80.07,66.9,67.01,80.08,70.66,65.97,57.67,66.84,73.99,4,0.0,73.75,59.7,0.24885,0
APP-1362,信息科学,8,136,11,5,1,省部级重点单位,无,青年,58.75,70.1,64.18,80.59,60.89,64.82,37.91,84.52,92.95,9,30.65,97.75,84.12,0.26618,0
APP-1363,工程技术,7,116,17,12,1,普通高校/机构,短期交流,中青年,47.85,96.56,57.39,70.48,69.99,78.07,42.77,57.86,74.62,3,41.5,59.26,64.53,0.08709,0
APP-1364,生命科学,9,93,19,13,2,普通高校/机构,长期经历,中青年,75.94,66.45,65.89,67.77,74.98,83.92,84.14,59.64,77.41,7,67.22,25.42,56.29,0.03116,0
APP-1365,工程技术,7,120,16,14,2,普通高校/机构,短期交流,中青年,63.76,50.08,70.33,72.54,59.53,89.25,34.61,75.45,75.36,7,44.67,59.43,50.28,0.28035,1
APP-1366,工程技术,6,495,7,5,1,普通高校/机构,无,青年,71.79,90.58,51.5,59.07,43.92,71.99,17.85,71.71,94.3,3,56.06,57.67,69.44,0.23529,0
APP-1367,生命科学,16,380,13,19,1,普通高校/机构,无,资深,88.67,80.16,74.26,83.46,87.14,71.27,60.08,79.56,61.14,5,43.91,69.24,55.22,0.49054,0
APP-1368,生命科学,9,131,13,7,0,省部级重点单位,短期交流,中青年,72.93,80.68,60.59,49.1,81.58,75.57,57.59,87.9,99.87,7,53.43,26.11,74.1,0.18637,0
APP-1369,生命科学,2,34,9,4,0,双一流/国家级平台,无,青年,91.63,90.84,70.97,62.44,43.33,76.01,43.83,46.71,96.73,4,54.68,67.84,100.0,0.65698,0
APP-1370,信息科学,7,55,7,2,0,普通高校/机构,无,青年,71.11,94.12,58.02,68.53,68.74,64.74,36.37,70.58,76.35,5,43.35,54.41,72.81,0.30682,0
APP-1371,生命科学,10,122,11,11,2,省部级重点单位,无,中青年,85.09,57.52,83.76,75.11,82.43,91.55,56.75,98.52,92.27,5,72.43,76.45,94.67,0.80009,0
APP-1372,交叉学科,8,285,10,3,1,省部级重点单位,无,青年,64.88,50.53,82.34,77.55,80.78,74.27,23.0,61.05,83.3,7,83.61,52.67,51.85,0.55998,1
APP-1373,信息科学,3,64,4,1,0,普通高校/机构,无,青年,73.4,81.79,52.26,88.36,54.9,80.42,58.44,59.28,98.53,8,33.02,77.62,75.63,0.21149,1
APP-1374,管理科学,9,103,10,7,1,普通高校/机构,无,青年,59.87,66.33,75.87,70.01,81.71,79.09,43.05,36.39,91.51,3,60.35,34.81,85.35,0.21109,0
APP-1375,交叉学科,7,90,9,6,0,普通高校/机构,短期交流,青年,61.42,67.6,89.69,59.67,66.24,78.85,77.74,71.53,100.0,6,27.41,62.32,87.46,0.05276,0
APP-1376,生命科学,9,293,14,10,0,普通高校/机构,无,中青年,69.08,54.3,53.78,67.11,72.22,61.95,56.37,78.71,66.38,6,20.95,44.51,85.75,0.00701,0
APP-1377,工程技术,4,97,6,7,0,普通高校/机构,短期交流,中青年,54.73,78.17,54.97,64.85,51.29,73.92,46.93,78.68,83.91,4,76.73,53.21,64.28,0.13086,0
APP-1378,交叉学科,11,152,10,4,0,普通高校/机构,无,青年,74.07,75.63,79.03,75.76,0.0,100.0,45.41,54.44,64.76,7,96.15,100.0,79.13,0.20838,1
APP-1379,工程技术,10,172,11,11,0,省部级重点单位,长期经历,中青年,68.06,67.82,48.39,55.13,53.56,93.05,11.33,69.87,76.81,3,49.43,44.91,46.7,0.03676,0
APP-1380,信息科学,5,503,5,4,0,普通高校/机构,无,青年,75.05,50.56,56.34,66.72,74.59,75.88,47.52,73.32,100.0,5,92.67,55.29,91.32,0.06289,0
APP-1381,信息科学,5,265,11,5,2,普通高校/机构,无,青年,54.93,86.93,52.78,90.09,62.71,69.6,45.94,70.78,86.68,5,43.04,41.41,47.81,0.05375,0
APP-1382,生命科学,4,265,4,4,1,普通高校/机构,无,青年,81.12,73.58,79.21,71.34,76.4,47.39,58.93,53.58,91.85,5,51.31,56.47,85.32,0.24492,0
APP-1383,工程技术,11,73,18,14,2,省部级重点单位,无,中青年,94.07,85.65,57.61,55.31,83.7,68.03,50.76,71.16,87.14,4,89.35,59.3,81.74,0.88882,1
APP-1384,交叉学科,12,223,29,32,3,普通高校/机构,无,资深,91.32,40.56,63.73,64.58,60.71,73.06,72.57,57.78,86.5,7,37.75,48.78,81.63,0.01271,0
APP-1385,交叉学科,14,185,12,16,2,省部级重点单位,短期交流,中青年,96.75,70.8,56.78,39.97,59.14,70.19,58.1,41.92,76.78,7,74.33,90.37,99.11,0.69871,0
APP-1386,生命科学,5,171,14,7,1,普通高校/机构,长期经历,青年,72.55,59.96,85.23,68.23,31.01,71.03,33.12,80.22,74.91,9,49.03,82.79,81.89,0.14999,1
APP-1387,管理科学,8,347,11,7,0,普通高校/机构,无,青年,67.42,70.51,55.11,90.42,41.24,81.47,16.71,72.1,76.51,4,41.59,44.96,41.45,0.10365,0
APP-1388,信息科学,6,171,10,6,1,双一流/国家级平台,无,青年,78.34,83.2,46.89,53.57,44.56,62.0,41.08,78.88,54.7,11,45.82,76.7,74.03,0.03472,0
APP-1389,交叉学科,24,262,32,31,5,普通高校/机构,短期交流,资深,68.9,75.18,46.3,50.07,74.91,77.27,29.06,61.98,81.18,10,12.63,53.36,31.88,0.03419,0
APP-1390,生命科学,4,66,12,4,0,普通高校/机构,短期交流,青年,49.37,70.25,78.4,60.51,60.87,72.68,24.04,79.4,84.4,5,81.22,39.87,62.45,0.03399,0
APP-1391,交叉学科,5,180,17,17,1,普通高校/机构,无,资深,82.65,70.18,79.49,80.98,57.45,63.41,56.86,85.33,75.81,5,60.53,49.08,56.82,0.10773,0
APP-1392,交叉学科,8,278,16,13,1,双一流/国家级平台,短期交流,中青年,68.95,48.16,86.73,91.16,55.62,94.09,72.77,96.31,80.69,5,53.04,39.39,74.84,0.31558,0
APP-1393,生命科学,8,191,17,15,0,省部级重点单位,无,中青年,52.92,57.31,49.09,74.83,53.54,82.97,68.7,82.21,87.25,4,42.14,78.94,50.01,0.00784,0
APP-1394,生命科学,11,248,24,27,2,省部级重点单位,短期交流,资深,65.39,85.7,64.53,52.28,80.78,64.56,24.36,75.77,90.85,3,62.24,46.22,50.52,0.08516,0
APP-1395,交叉学科,12,254,4,4,1,双一流/国家级平台,无,青年,69.25,62.92,100.0,68.71,67.49,80.21,50.73,49.3,70.02,6,73.67,85.19,72.52,0.23352,0
APP-1396,生命科学,11,272,13,10,3,普通高校/机构,无,中青年,72.15,85.97,63.47,92.26,81.86,57.33,58.46,68.4,74.05,5,50.51,64.54,83.97,0.68528,1
APP-1397,工程技术,6,220,12,4,0,双一流/国家级平台,无,青年,72.31,81.57,59.55,64.96,30.91,66.04,61.69,48.66,89.53,4,75.27,54.74,64.04,0.15587,0
APP-1398,交叉学科,17,506,24,23,1,普通高校/机构,短期交流,资深,89.8,82.31,67.68,70.83,74.52,89.93,80.6,57.72,87.89,11,61.5,52.96,100.0,0.51412,1
APP-1399,工程技术,6,140,9,10,2,省部级重点单位,无,中青年,55.25,74.66,75.95,72.13,58.26,78.22,26.61,99.33,95.44,2,54.13,93.55,58.16,0.62701,1
APP-1400,信息科学,4,99,11,4,0,普通高校/机构,短期交流,青年,70.02,63.9,75.7,48.9,61.5,77.25,32.28,54.65,95.03,2,74.25,62.19,75.56,0.07286,0
APP-1401,信息科学,12,232,20,21,3,普通高校/机构,短期交流,资深,60.57,67.88,58.78,81.97,87.65,85.84,36.75,34.86,100.0,8,45.84,52.92,69.8,0.57009,0
APP-1402,生命科学,8,105,1,2,1,双一流/国家级平台,短期交流,青年,88.33,78.97,59.22,80.1,59.76,81.34,65.56,82.2,79.07,6,30.97,77.36,58.17,0.14436,1
APP-1403,交叉学科,9,115,11,3,1,普通高校/机构,无,青年,64.7,40.24,63.55,43.08,73.87,70.81,0.0,59.9,97.79,5,54.94,72.54,86.29,0.23247,0
APP-1404,信息科学,3,120,8,9,3,双一流/国家级平台,无,中青年,67.53,87.41,57.05,51.7,49.71,85.24,45.43,81.52,72.8,3,56.71,44.21,48.86,0.1221,1
APP-1405,生命科学,11,143,17,9,2,普通高校/机构,无,中青年,85.65,63.0,49.48,56.39,66.58,53.73,21.42,52.45,100.0,6,51.55,62.09,28.71,0.03938,0
APP-1406,信息科学,16,540,24,20,3,省部级重点单位,短期交流,资深,89.22,68.79,95.12,78.73,40.54,65.99,52.72,63.61,86.55,4,79.8,29.44,61.86,0.41452,1
APP-1407,交叉学科,12,238,10,7,0,双一流/国家级平台,长期经历,中青年,91.14,68.91,61.9,59.24,65.08,72.84,100.0,87.94,87.42,6,66.01,61.4,59.63,0.12201,0
APP-1408,生命科学,10,358,16,13,2,普通高校/机构,无,中青年,50.64,69.44,62.75,74.22,72.17,80.57,68.02,50.17,91.9,5,53.7,67.66,82.07,0.03378,0
APP-1409,交叉学科,6,209,14,3,1,双一流/国家级平台,长期经历,青年,78.28,51.61,63.21,66.64,83.7,70.1,25.48,67.46,68.45,5,55.89,70.06,42.75,0.27105,0
APP-1410,管理科学,7,270,11,4,0,省部级重点单位,无,青年,75.51,72.12,66.79,69.93,52.91,52.59,41.63,74.37,71.25,6,57.61,44.01,72.9,0.0378,1
APP-1411,交叉学科,20,286,32,34,5,省部级重点单位,无,资深,71.33,78.32,74.52,75.45,57.54,50.91,32.2,59.21,83.16,4,66.52,48.71,70.85,0.21614,0
APP-1412,交叉学科,8,227,17,4,1,普通高校/机构,无,青年,72.87,41.38,61.02,72.54,55.69,73.18,75.89,73.63,85.46,9,57.05,66.45,69.49,0.01152,0
APP-1413,交叉学科,7,252,14,12,0,省部级重点单位,短期交流,中青年,88.72,51.79,85.09,68.75,61.94,68.27,22.25,70.23,100.0,5,52.91,84.51,81.75,0.64942,0
APP-1414,交叉学科,7,57,8,2,0,省部级重点单位,无,青年,85.5,82.54,76.97,73.25,50.58,63.08,54.11,78.02,72.51,12,29.32,63.66,63.6,0.22094,0
APP-1415,生命科学,5,363,5,4,1,省部级重点单位,无,青年,83.66,79.94,65.14,71.82,31.48,61.07,35.45,97.63,97.4,4,41.8,51.95,64.89,0.17111,1
APP-1416,管理科学,10,916,11,15,4,普通高校/机构,短期交流,中青年,74.69,74.18,58.01,66.27,49.32,75.61,26.54,100.0,79.34,6,61.54,79.46,71.65,0.58792,1
APP-1417,工程技术,9,355,16,16,3,普通高校/机构,无,中青年,100.0,60.45,84.27,63.39,65.22,89.63,91.95,76.95,79.2,8,59.76,64.32,62.27,0.5606,1
APP-1418,工程技术,5,203,10,7,3,双一流/国家级平台,无,中青年,66.79,80.02,65.57,93.45,63.63,75.61,18.68,68.34,80.36,3,26.29,65.22,40.99,0.27144,0
APP-1419,交叉学科,14,413,21,20,1,普通高校/机构,无,资深,50.99,53.16,49.36,63.24,74.83,89.79,26.11,76.61,78.95,7,44.76,76.36,57.02,0.09513,0
APP-1420,交叉学科,6,112,2,2,0,省部级重点单位,无,青年,68.55,68.08,83.32,86.77,79.48,69.51,81.91,66.52,86.87,7,37.4,60.27,59.6,0.1031,0
APP-1421,管理科学,14,263,16,12,0,双一流/国家级平台,无,中青年,72.75,51.71,57.11,60.09,58.81,79.32,48.01,46.19,78.05,6,83.29,45.2,54.44,0.10507,1
APP-1422,工程技术,8,326,4,2,2,普通高校/机构,无,青年,88.94,67.73,81.03,79.53,40.63,90.22,54.39,69.3,67.9,7,61.02,59.22,58.62,0.23332,0
APP-1423,信息科学,7,83,12,8,1,普通高校/机构,短期交流,中青年,65.36,55.57,30.29,92.19,72.45,72.11,37.49,86.23,79.32,4,64.61,82.02,67.05,0.07426,0
APP-1424,信息科学,5,60,12,6,0,省部级重点单位,无,青年,78.39,80.58,62.47,64.61,65.84,74.31,49.96,48.03,86.57,6,54.67,96.07,59.34,0.4013,0
APP-1425,信息科学,10,162,14,14,3,普通高校/机构,短期交流,中青年,52.8,76.06,85.4,60.32,61.86,69.51,41.42,55.23,67.98,5,43.47,40.06,78.52,0.05264,0
APP-1426,信息科学,6,211,4,3,0,省部级重点单位,无,青年,86.06,62.01,68.08,63.42,85.53,81.11,44.16,61.27,87.82,14,47.09,91.47,78.78,0.77595,1
APP-1427,生命科学,20,222,33,31,2,省部级重点单位,无,资深,72.89,85.26,76.97,68.75,73.21,84.83,21.97,75.59,93.81,5,65.85,55.4,23.56,0.23978,1
APP-1428,生命科学,16,275,28,27,8,省部级重点单位,无,资深,68.35,56.61,54.47,73.18,67.97,78.22,50.81,100.0,96.8,5,50.8,62.37,39.64,0.10428,1
APP-1429,管理科学,8,162,19,19,2,普通高校/机构,无,资深,99.71,69.51,73.22,68.48,68.62,71.25,45.03,57.86,85.38,2,66.06,92.6,23.12,0.53657,1
APP-1430,信息科学,7,81,13,5,0,省部级重点单位,无,青年,85.91,61.39,68.06,63.54,79.6,56.0,48.79,71.37,63.95,6,58.86,54.63,59.35,0.19369,0
APP-1431,交叉学科,16,65,18,16,2,省部级重点单位,无,资深,58.48,80.39,71.65,94.41,54.97,73.42,63.19,70.09,88.48,4,61.91,57.06,58.29,0.14124,0
APP-1432,工程技术,4,52,7,6,0,普通高校/机构,长期经历,青年,70.58,79.01,98.59,66.39,51.92,71.7,39.89,65.48,91.67,9,62.93,50.43,66.57,0.60904,0
APP-1433,生命科学,9,227,6,5,1,省部级重点单位,短期交流,青年,100.0,88.23,87.57,60.94,62.25,76.83,50.15,69.28,75.03,4,45.48,62.68,78.32,0.74167,1
APP-1434,生命科学,9,263,9,6,0,双一流/国家级平台,无,青年,97.72,71.16,79.88,79.8,47.15,75.4,96.63,63.03,81.27,6,49.78,67.61,63.27,0.10977,1
APP-1435,生命科学,3,116,9,3,2,省部级重点单位,无,青年,84.0,28.57,80.07,80.0,65.27,92.87,65.46,100.0,86.84,3,74.18,49.63,53.75,0.14186,0
APP-1436,交叉学科,12,366,16,8,1,省部级重点单位,无,中青年,47.99,63.97,54.36,87.36,67.55,65.64,39.2,81.25,99.87,4,92.53,88.11,63.93,0.60369,1
APP-1437,生命科学,11,152,9,4,0,普通高校/机构,短期交流,青年,89.32,91.91,60.93,94.06,64.9,55.1,28.13,63.16,79.44,5,74.36,48.55,55.6,0.8754,1
APP-1438,工程技术,19,215,21,15,1,普通高校/机构,无,中青年,63.74,65.45,45.01,73.5,60.22,60.29,47.35,87.75,90.91,3,0.22,70.97,38.89,0.04668,0
APP-1439,交叉学科,7,199,11,9,1,普通高校/机构,无,中青年,89.21,43.15,48.96,65.25,92.45,66.4,73.54,73.85,85.16,5,40.84,62.48,80.28,0.02715,0
APP-1440,交叉学科,12,214,25,31,4,普通高校/机构,无,资深,62.61,76.29,54.7,44.27,81.05,86.98,38.2,70.87,83.99,7,58.29,84.39,71.22,0.06251,0
APP-1441,信息科学,11,411,9,10,1,双一流/国家级平台,无,中青年,78.35,77.34,67.56,56.81,64.45,58.43,49.13,67.27,95.3,7,34.04,47.53,88.63,0.09625,0
APP-1442,生命科学,12,315,10,8,1,普通高校/机构,无,中青年,63.68,59.82,49.62,71.71,67.49,60.03,37.69,66.25,73.69,5,33.1,72.31,42.97,0.03532,0
APP-1443,生命科学,11,525,3,1,0,双一流/国家级平台,长期经历,青年,67.28,66.55,67.41,53.65,88.02,78.97,41.85,51.7,84.3,8,47.63,100.0,36.55,0.19991,0
APP-1444,生命科学,22,315,34,30,1,普通高校/机构,长期经历,资深,80.09,58.14,65.69,48.39,56.65,84.19,34.68,44.9,82.27,6,62.91,36.05,48.09,0.04467,0
APP-1445,生命科学,3,168,8,3,1,普通高校/机构,无,青年,54.85,77.32,50.99,69.86,50.55,55.41,54.21,75.56,66.93,5,68.35,45.79,70.78,0.04565,0
APP-1446,工程技术,2,248,6,3,0,普通高校/机构,无,青年,100.0,70.79,90.88,79.1,69.63,52.74,56.82,67.12,94.33,8,48.65,99.51,78.6,0.16536,1
APP-1447,交叉学科,4,106,10,1,0,普通高校/机构,无,青年,58.65,53.68,48.13,65.8,72.62,64.56,78.28,83.16,90.29,7,47.12,59.59,68.87,0.00947,1
APP-1448,工程技术,12,340,10,11,1,省部级重点单位,无,中青年,57.92,69.87,84.76,80.66,73.82,81.89,50.87,56.65,82.34,5,39.13,64.04,66.44,0.32298,1
APP-1449,工程技术,4,56,6,3,0,双一流/国家级平台,无,青年,80.13,59.74,34.19,77.02,79.24,75.72,45.22,53.53,79.39,8,66.14,56.02,78.53,0.01276,0
APP-1450,生命科学,13,472,19,10,1,双一流/国家级平台,无,中青年,88.8,90.45,65.87,83.94,54.28,65.0,91.24,81.64,82.0,6,64.8,91.78,56.19,0.58744,0
APP-1451,管理科学,7,325,5,1,1,普通高校/机构,短期交流,青年,67.79,82.51,50.04,97.25,43.46,82.87,55.98,65.57,89.07,7,74.14,32.96,81.96,0.5525,1
APP-1452,工程技术,10,152,21,12,2,省部级重点单位,长期经历,中青年,58.07,68.29,58.18,100.0,56.65,75.49,52.47,82.84,82.53,8,58.6,84.27,97.75,0.60605,1
APP-1453,交叉学科,6,202,11,6,0,普通高校/机构,短期交流,中青年,60.01,71.13,95.15,78.51,75.31,72.71,48.4,70.5,75.32,6,29.78,35.4,45.93,0.111,0
APP-1454,交叉学科,2,79,9,1,1,双一流/国家级平台,短期交流,青年,58.61,84.19,62.8,63.02,51.25,54.63,51.7,98.16,76.83,5,49.02,33.79,59.68,0.02237,0
APP-1455,信息科学,9,248,17,11,0,省部级重点单位,无,中青年,76.01,67.57,51.43,69.8,35.06,64.75,31.36,81.34,81.88,6,73.14,42.43,40.37,0.11652,0
APP-1456,生命科学,11,387,12,9,1,普通高校/机构,无,中青年,71.09,80.62,75.31,89.45,68.31,97.48,46.94,76.15,72.67,8,21.29,59.7,47.59,0.65866,0
APP-1457,信息科学,14,395,12,10,0,普通高校/机构,无,中青年,77.54,90.68,62.66,57.39,56.93,69.96,44.19,82.0,85.33,8,54.3,49.14,70.67,0.30207,1
APP-1458,信息科学,6,126,9,6,0,普通高校/机构,短期交流,青年,76.74,63.13,70.26,87.82,38.37,62.52,55.71,65.91,74.07,7,61.7,48.07,35.34,0.11482,0
APP-1459,交叉学科,7,268,9,10,1,普通高校/机构,无,中青年,82.72,93.05,54.28,66.79,67.19,69.41,79.19,45.36,72.46,9,96.07,45.3,50.75,0.29116,0
APP-1460,信息科学,7,321,8,5,0,双一流/国家级平台,短期交流,青年,66.67,88.97,55.02,71.95,59.82,75.43,67.9,75.41,100.0,8,43.98,45.61,81.91,0.37551,0
APP-1461,管理科学,6,96,8,5,2,省部级重点单位,无,青年,62.4,73.48,56.18,58.5,92.82,84.6,58.8,99.12,100.0,4,53.57,45.21,67.8,0.3479,0
APP-1462,工程技术,7,156,14,6,1,双一流/国家级平台,无,青年,74.03,63.79,79.98,51.79,67.42,81.45,14.11,35.64,83.44,9,89.75,66.23,77.06,0.66421,0
APP-1463,生命科学,9,61,13,9,1,普通高校/机构,无,中青年,71.29,73.31,64.6,65.38,75.38,65.88,39.88,77.04,90.51,9,44.23,50.55,42.01,0.18322,0
APP-1464,信息科学,9,281,15,4,1,省部级重点单位,长期经历,青年,75.29,66.58,52.28,85.94,65.72,89.26,12.14,46.97,92.21,4,77.49,14.03,65.15,0.3741,0
APP-1465,工程技术,7,345,3,6,0,普通高校/机构,无,中青年,62.75,58.9,70.43,59.87,56.44,83.78,70.22,69.65,81.25,3,63.85,61.33,96.07,0.1096,1
APP-1466,工程技术,10,178,6,6,0,省部级重点单位,无,青年,80.35,77.45,69.19,89.96,58.2,68.66,47.98,71.19,84.83,5,51.58,75.49,52.75,0.26182,0
APP-1467,信息科学,5,131,9,8,0,普通高校/机构,无,中青年,56.68,55.67,76.6,61.55,83.3,72.46,45.63,81.2,79.38,6,65.03,56.98,55.7,0.13156,0
APP-1468,信息科学,9,166,14,6,2,普通高校/机构,短期交流,青年,66.27,65.26,60.77,55.11,77.96,81.21,34.86,73.15,94.56,7,53.05,39.31,73.89,0.20143,0
APP-1469,管理科学,9,150,12,10,4,省部级重点单位,长期经历,中青年,86.68,65.44,66.84,72.3,42.18,86.9,81.24,90.6,94.69,7,100.0,75.41,48.7,0.22736,0
APP-1470,生命科学,6,160,7,9,1,普通高校/机构,无,中青年,57.29,50.89,74.33,77.83,46.02,55.78,50.61,87.5,97.62,11,14.69,37.29,76.19,0.02115,0
APP-1471,交叉学科,4,61,8,6,0,省部级重点单位,长期经历,中青年,85.65,79.22,52.86,71.45,46.91,74.85,55.08,67.05,84.66,8,50.35,56.22,33.46,0.03203,0
APP-1472,生命科学,4,88,6,7,0,省部级重点单位,无,青年,53.68,66.8,81.29,70.96,82.96,73.63,51.09,86.42,100.0,3,50.94,61.61,22.76,0.07423,0
APP-1473,生命科学,11,127,8,10,1,普通高校/机构,短期交流,中青年,51.39,88.18,68.25,89.84,38.3,67.15,52.62,65.31,81.24,8,53.32,81.42,69.35,0.22463,0
APP-1474,工程技术,8,255,34,33,1,双一流/国家级平台,无,资深,52.58,66.57,51.48,70.23,78.58,67.09,45.89,62.73,100.0,4,77.61,72.4,47.34,0.03223,0
APP-1475,工程技术,6,161,19,21,3,省部级重点单位,无,资深,73.52,64.31,51.37,62.88,72.37,86.65,73.83,51.93,77.37,6,47.06,66.29,54.38,0.06431,0
APP-1476,工程技术,7,118,9,5,0,双一流/国家级平台,短期交流,青年,81.48,57.34,66.51,54.27,68.35,80.42,81.5,89.68,69.03,4,65.84,78.75,78.9,0.05237,0
APP-1477,信息科学,9,197,13,11,1,省部级重点单位,无,中青年,88.8,70.55,59.75,85.56,58.43,99.28,50.54,65.5,100.0,8,60.63,41.16,74.61,0.7384,1
APP-1478,交叉学科,6,120,8,6,1,省部级重点单位,无,青年,87.77,70.63,79.32,63.47,85.02,67.16,44.49,33.68,88.6,11,72.77,90.44,43.14,0.39383,1
APP-1479,工程技术,9,404,5,3,1,省部级重点单位,短期交流,青年,83.22,80.38,63.7,64.73,67.82,75.65,69.57,78.13,87.19,7,53.26,6.83,72.84,0.22578,0
APP-1480,工程技术,5,90,8,6,1,双一流/国家级平台,长期经历,中青年,61.19,70.94,72.55,82.67,42.89,77.72,36.68,63.49,78.4,1,62.44,87.7,58.9,0.41365,0
APP-1481,信息科学,6,209,12,8,0,省部级重点单位,无,中青年,61.07,99.31,55.27,95.7,46.62,84.75,77.12,65.52,73.55,6,53.53,46.86,71.09,0.03985,0
APP-1482,生命科学,6,87,21,17,4,普通高校/机构,短期交流,中青年,82.24,76.39,67.66,72.27,39.68,90.3,86.66,66.49,74.5,2,36.28,68.84,63.66,0.0613,0
APP-1483,工程技术,17,570,20,15,2,普通高校/机构,短期交流,资深,90.48,56.18,87.73,67.22,85.21,75.12,72.31,64.95,83.39,5,87.98,88.07,38.44,0.58022,1
APP-1484,信息科学,6,271,3,3,0,省部级重点单位,无,青年,58.6,55.0,65.78,68.93,88.79,60.86,25.38,100.0,80.5,5,40.76,72.1,51.88,0.16938,0
APP-1485,工程技术,10,425,15,9,0,普通高校/机构,长期经历,中青年,88.82,77.49,59.71,63.08,83.38,65.47,46.16,94.94,62.59,6,46.43,68.7,22.99,0.20518,0
APP-1486,生命科学,6,359,7,1,1,普通高校/机构,无,青年,47.04,55.74,55.04,64.37,63.71,75.71,44.59,80.49,98.94,7,38.86,77.59,67.15,0.01507,0
APP-1487,交叉学科,5,145,7,6,0,普通高校/机构,短期交流,青年,77.07,78.33,67.72,64.44,43.18,87.47,31.79,73.62,77.8,6,64.04,35.36,70.75,0.21926,0
APP-1488,工程技术,4,228,6,1,0,省部级重点单位,无,青年,70.65,82.54,89.14,80.84,49.14,56.64,42.54,86.93,94.38,7,46.44,38.06,52.02,0.09428,1
APP-1489,交叉学科,15,862,18,15,1,普通高校/机构,无,资深,69.35,82.88,47.55,67.85,50.18,59.96,53.26,73.65,74.94,5,86.3,66.88,62.03,0.17702,1
APP-1490,工程技术,14,136,17,16,1,省部级重点单位,无,中青年,72.41,57.83,67.25,86.67,65.27,83.09,59.15,82.24,83.55,6,66.68,58.44,47.44,0.39921,0
APP-1491,生命科学,6,93,8,3,1,省部级重点单位,无,青年,60.9,82.9,42.29,67.49,88.2,58.48,74.37,78.37,91.72,6,50.46,56.37,85.36,0.02157,0
APP-1492,交叉学科,14,107,13,14,1,双一流/国家级平台,长期经历,中青年,77.8,74.52,61.84,64.23,88.14,60.5,48.18,71.93,90.34,7,37.8,84.29,42.14,0.36775,1
APP-1493,工程技术,15,598,29,24,4,普通高校/机构,长期经历,资深,72.79,61.49,71.94,85.61,58.19,87.64,42.61,84.1,79.32,8,53.79,82.73,58.71,0.39312,1
APP-1494,管理科学,6,52,12,18,1,省部级重点单位,无,资深,84.16,67.77,44.29,69.28,30.22,71.34,30.05,63.7,87.09,9,66.4,45.43,41.93,0.0643,0
APP-1495,信息科学,6,43,16,14,1,省部级重点单位,无,中青年,92.68,76.6,61.33,67.36,47.33,70.43,62.83,70.88,88.76,6,55.08,69.96,67.99,0.16178,0
APP-1496,工程技术,4,50,9,4,1,省部级重点单位,无,青年,73.65,60.58,72.36,69.44,85.02,90.42,39.57,55.31,80.52,7,53.19,33.84,81.65,0.10433,0
APP-1497,交叉学科,6,45,15,12,0,省部级重点单位,无,中青年,61.36,74.23,69.97,88.07,69.71,61.24,44.46,57.04,70.86,10,35.59,33.41,28.71,0.07608,0
APP-1498,工程技术,11,272,19,22,5,普通高校/机构,无,资深,57.21,90.24,73.08,72.98,60.31,58.83,37.32,32.06,75.75,6,100.0,45.93,75.12,0.86531,0
APP-1499,信息科学,9,95,19,15,1,双一流/国家级平台,长期经历,资深,94.08,83.5,53.38,85.24,59.19,93.55,50.42,76.85,78.21,8,51.98,61.05,91.74,0.76344,1
APP-1500,工程技术,11,76,17,16,3,普通高校/机构,短期交流,资深,92.41,71.15,72.35,65.95,53.99,76.8,66.51,80.97,82.26,4,28.51,50.24,66.19,0.10657,0
