application_id,discipline,predicted_funding_probability,ai_recommendation,confidence,project_risk,fairness_audit_share,routing,routing_reason,true_label,true_funding_probability
APP-0001,管理科学,0.2086,建议不资助,0.58279,36.5,0.04394,regular_review,进入常规人工复核,0,0.13394
APP-0002,信息科学,0.41373,建议不资助,0.17253,64.71,0.09179,expert_review,低置信、高风险或存在偏差审计信号，建议专家重点审查,1,0.48966
APP-0003,交叉学科,0.45244,建议不资助,0.09513,39.09,0.05457,expert_review,低置信、高风险或存在偏差审计信号，建议专家重点审查,0,0.54215
APP-0004,管理科学,0.18511,建议不资助,0.62978,100.0,0.05825,expert_review,低置信、高风险或存在偏差审计信号，建议专家重点审查,0,0.0471
APP-0005,生命科学,0.11091,建议不资助,0.77819,66.7,0.10469,regular_review,进入常规人工复核,0,0.01971
APP-0006,交叉学科,0.68886,建议资助,0.37771,75.4,0.03667,regular_review,进入常规人工复核,1,0.76327
APP-0007,管理科学,0.02856,建议不资助,0.94288,93.1,0.03765,expert_review,低置信、高风险或存在偏差审计信号，建议专家重点审查,0,0.0232
APP-0008,管理科学,0.03161,建议不资助,0.93678,76.89,0.03113,regular_review,进入常规人工复核,0,0.05551
APP-0009,生命科学,0.89153,建议资助,0.78306,60.57,0.05256,regular_review,进入常规人工复核,1,0.91132
APP-0010,信息科学,0.16107,建议不资助,0.67786,50.51,0.03364,fast_track,高置信且解释风险较低，可进入快速复核,0,0.08893
APP-0011,信息科学,0.27044,建议不资助,0.45911,97.2,0.0818,expert_review,低置信、高风险或存在偏差审计信号，建议专家重点审查,0,0.14576
APP-0012,交叉学科,0.0479,建议不资助,0.9042,51.94,0.05921,fast_track,高置信且解释风险较低，可进入快速复核,0,0.01624
APP-0013,工程技术,0.05635,建议不资助,0.88731,46.57,0.02747,fast_track,高置信且解释风险较低，可进入快速复核,0,0.03634
APP-0014,交叉学科,0.3891,建议不资助,0.2218,29.74,0.06043,expert_review,低置信、高风险或存在偏差审计信号，建议专家重点审查,0,0.32988
APP-0015,信息科学,0.61205,建议资助,0.22411,21.6,0.08292,expert_review,低置信、高风险或存在偏差审计信号，建议专家重点审查,1,0.91858
APP-0016,信息科学,0.07153,建议不资助,0.85694,32.4,0.0735,fast_track,高置信且解释风险较低，可进入快速复核,0,0.10554
APP-0017,工程技术,0.10391,建议不资助,0.79218,32.8,0.07315,fast_track,高置信且解释风险较低，可进入快速复核,0,0.05883
APP-0018,生命科学,0.07243,建议不资助,0.85515,37.5,0.08386,fast_track,高置信且解释风险较低，可进入快速复核,0,0.02911
APP-0019,交叉学科,0.04124,建议不资助,0.91752,62.25,0.05901,regular_review,进入常规人工复核,0,0.07314
APP-0020,工程技术,0.03467,建议不资助,0.93066,49.76,0.06078,fast_track,高置信且解释风险较低，可进入快速复核,0,0.07497
APP-0021,管理科学,0.0652,建议不资助,0.86959,70.22,0.04969,regular_review,进入常规人工复核,0,0.01753
APP-0022,信息科学,0.08262,建议不资助,0.83476,53.02,0.04771,fast_track,高置信且解释风险较低，可进入快速复核,0,0.07945
APP-0023,交叉学科,0.09012,建议不资助,0.81977,53.58,0.1291,fast_track,高置信且解释风险较低，可进入快速复核,0,0.0845
APP-0024,交叉学科,0.01486,建议不资助,0.97027,46.54,0.01561,fast_track,高置信且解释风险较低，可进入快速复核,0,0.02634
APP-0025,管理科学,0.19364,建议不资助,0.61273,88.94,0.0383,expert_review,低置信、高风险或存在偏差审计信号，建议专家重点审查,0,0.31105
APP-0026,生命科学,0.6597,建议资助,0.31941,51.17,0.05874,expert_review,低置信、高风险或存在偏差审计信号，建议专家重点审查,1,0.83661
APP-0027,工程技术,0.33078,建议不资助,0.33843,72.07,0.0478,expert_review,低置信、高风险或存在偏差审计信号，建议专家重点审查,1,0.18462
APP-0028,生命科学,0.3724,建议不资助,0.25519,26.36,0.06738,expert_review,低置信、高风险或存在偏差审计信号，建议专家重点审查,0,0.3868
APP-0029,生命科学,0.08518,建议不资助,0.82965,45.13,0.04708,fast_track,高置信且解释风险较低，可进入快速复核,0,0.12872
APP-0030,管理科学,0.33442,建议不资助,0.33115,90.15,0.04869,expert_review,低置信、高风险或存在偏差审计信号，建议专家重点审查,0,0.1329
APP-0031,管理科学,0.19844,建议不资助,0.60311,63.7,0.08481,regular_review,进入常规人工复核,0,0.0223
APP-0032,交叉学科,0.2037,建议不资助,0.5926,22.01,0.05996,regular_review,进入常规人工复核,0,0.27346
APP-0033,信息科学,0.05373,建议不资助,0.89254,29.36,0.0341,fast_track,高置信且解释风险较低，可进入快速复核,0,0.07824
APP-0034,信息科学,0.09596,建议不资助,0.80808,82.04,0.05555,expert_review,低置信、高风险或存在偏差审计信号，建议专家重点审查,0,0.04325
APP-0035,工程技术,0.28179,建议不资助,0.43641,51.77,0.10784,regular_review,进入常规人工复核,0,0.22886
APP-0036,生命科学,0.50701,建议资助,0.01402,44.5,0.03819,expert_review,低置信、高风险或存在偏差审计信号，建议专家重点审查,1,0.57675
APP-0037,生命科学,0.40491,建议不资助,0.19018,34.42,0.04737,expert_review,低置信、高风险或存在偏差审计信号，建议专家重点审查,1,0.35108
APP-0038,工程技术,0.61684,建议资助,0.23369,49.66,0.03262,expert_review,低置信、高风险或存在偏差审计信号，建议专家重点审查,1,0.62524
APP-0039,信息科学,0.0397,建议不资助,0.92061,78.28,0.07009,regular_review,进入常规人工复核,0,0.03809
APP-0040,工程技术,0.33996,建议不资助,0.32009,36.0,0.0814,expert_review,低置信、高风险或存在偏差审计信号，建议专家重点审查,1,0.3758
APP-0041,信息科学,0.63408,建议资助,0.26816,47.49,0.05293,expert_review,低置信、高风险或存在偏差审计信号，建议专家重点审查,1,0.52699
APP-0042,交叉学科,0.15567,建议不资助,0.68867,61.99,0.06559,regular_review,进入常规人工复核,0,0.03319
APP-0043,管理科学,0.0337,建议不资助,0.9326,29.21,0.04589,fast_track,高置信且解释风险较低，可进入快速复核,0,0.02838
APP-0044,信息科学,0.48404,建议不资助,0.03193,31.3,0.08249,expert_review,低置信、高风险或存在偏差审计信号，建议专家重点审查,0,0.63104
APP-0045,交叉学科,0.12018,建议不资助,0.75965,50.13,0.03104,fast_track,高置信且解释风险较低，可进入快速复核,0,0.41902
APP-0046,管理科学,0.35637,建议不资助,0.28725,56.46,0.07272,expert_review,低置信、高风险或存在偏差审计信号，建议专家重点审查,1,0.21955
APP-0047,信息科学,0.30746,建议不资助,0.38508,36.34,0.04452,regular_review,进入常规人工复核,0,0.13439
APP-0048,信息科学,0.12005,建议不资助,0.75991,59.46,0.07256,fast_track,高置信且解释风险较低，可进入快速复核,0,0.07385
APP-0049,管理科学,0.07961,建议不资助,0.84077,71.33,0.05959,regular_review,进入常规人工复核,0,0.05045
APP-0050,生命科学,0.15928,建议不资助,0.68144,10.53,0.07042,fast_track,高置信且解释风险较低，可进入快速复核,0,0.16493
APP-0051,生命科学,0.0884,建议不资助,0.82321,65.61,0.06175,regular_review,进入常规人工复核,0,0.07636
APP-0052,生命科学,0.30889,建议不资助,0.38221,38.61,0.08783,regular_review,进入常规人工复核,0,0.26784
APP-0053,管理科学,0.11,建议不资助,0.77999,83.7,0.04725,expert_review,低置信、高风险或存在偏差审计信号，建议专家重点审查,0,0.07801
APP-0054,工程技术,0.15738,建议不资助,0.68523,91.59,0.07464,expert_review,低置信、高风险或存在偏差审计信号，建议专家重点审查,0,0.05489
APP-0055,管理科学,0.21897,建议不资助,0.56206,52.53,0.06663,regular_review,进入常规人工复核,0,0.12515
APP-0056,管理科学,0.39685,建议不资助,0.2063,37.1,0.05949,expert_review,低置信、高风险或存在偏差审计信号，建议专家重点审查,0,0.68973
APP-0057,信息科学,0.16242,建议不资助,0.67517,77.58,0.11259,regular_review,进入常规人工复核,0,0.26984
APP-0058,工程技术,0.47471,建议不资助,0.05059,46.63,0.03882,expert_review,低置信、高风险或存在偏差审计信号，建议专家重点审查,1,0.63321
APP-0059,生命科学,0.04659,建议不资助,0.90682,87.85,0.0304,expert_review,低置信、高风险或存在偏差审计信号，建议专家重点审查,0,0.0203
APP-0060,生命科学,0.64891,建议资助,0.29781,45.02,0.06205,expert_review,低置信、高风险或存在偏差审计信号，建议专家重点审查,1,0.4425
APP-0061,工程技术,0.4255,建议不资助,0.14899,37.46,0.07839,expert_review,低置信、高风险或存在偏差审计信号，建议专家重点审查,0,0.37741
APP-0062,工程技术,0.14645,建议不资助,0.70709,97.32,0.0548,expert_review,低置信、高风险或存在偏差审计信号，建议专家重点审查,0,0.03951
APP-0063,工程技术,0.45139,建议不资助,0.09721,62.78,0.07705,expert_review,低置信、高风险或存在偏差审计信号，建议专家重点审查,1,0.10285
APP-0064,管理科学,0.10247,建议不资助,0.79505,82.44,0.09864,expert_review,低置信、高风险或存在偏差审计信号，建议专家重点审查,0,0.09617
APP-0065,工程技术,0.34588,建议不资助,0.30825,58.56,0.03511,expert_review,低置信、高风险或存在偏差审计信号，建议专家重点审查,0,0.10569
APP-0066,工程技术,0.41017,建议不资助,0.17966,48.05,0.04236,expert_review,低置信、高风险或存在偏差审计信号，建议专家重点审查,0,0.69633
APP-0067,工程技术,0.52683,建议资助,0.05366,0.0,0.07198,expert_review,低置信、高风险或存在偏差审计信号，建议专家重点审查,1,0.71911
APP-0068,信息科学,0.10575,建议不资助,0.7885,70.23,0.06804,regular_review,进入常规人工复核,0,0.22935
APP-0069,生命科学,0.29029,建议不资助,0.41943,51.94,0.0524,regular_review,进入常规人工复核,0,0.15943
APP-0070,信息科学,0.09089,建议不资助,0.81821,56.03,0.03673,fast_track,高置信且解释风险较低，可进入快速复核,0,0.20079
APP-0071,生命科学,0.04381,建议不资助,0.91238,71.82,0.05935,regular_review,进入常规人工复核,0,0.01038
APP-0072,信息科学,0.34512,建议不资助,0.30976,61.21,0.037,expert_review,低置信、高风险或存在偏差审计信号，建议专家重点审查,1,0.36581
APP-0073,交叉学科,0.18965,建议不资助,0.6207,31.13,0.05148,regular_review,进入常规人工复核,0,0.29516
APP-0074,信息科学,0.53193,建议资助,0.06387,57.25,0.08205,expert_review,低置信、高风险或存在偏差审计信号，建议专家重点审查,1,0.84814
APP-0075,生命科学,0.58886,建议资助,0.17772,47.95,0.05409,expert_review,低置信、高风险或存在偏差审计信号，建议专家重点审查,1,0.43434
APP-0076,信息科学,0.03606,建议不资助,0.92788,64.82,0.08631,regular_review,进入常规人工复核,0,0.00884
APP-0077,信息科学,0.48228,建议不资助,0.03544,44.39,0.03541,expert_review,低置信、高风险或存在偏差审计信号，建议专家重点审查,0,0.18919
APP-0078,工程技术,0.35266,建议不资助,0.29469,40.63,0.0688,expert_review,低置信、高风险或存在偏差审计信号，建议专家重点审查,0,0.49045
APP-0079,工程技术,0.4065,建议不资助,0.18699,39.12,0.07207,expert_review,低置信、高风险或存在偏差审计信号，建议专家重点审查,0,0.19075
APP-0080,管理科学,0.25996,建议不资助,0.48007,32.32,0.09051,regular_review,进入常规人工复核,0,0.05839
APP-0081,工程技术,0.5741,建议资助,0.14821,39.55,0.07494,expert_review,低置信、高风险或存在偏差审计信号，建议专家重点审查,1,0.23987
APP-0082,信息科学,0.20249,建议不资助,0.59502,58.64,0.10912,regular_review,进入常规人工复核,0,0.06824
APP-0083,管理科学,0.2315,建议不资助,0.53701,43.79,0.05767,regular_review,进入常规人工复核,0,0.41229
APP-0084,生命科学,0.22283,建议不资助,0.55434,26.49,0.07155,regular_review,进入常规人工复核,0,0.06437
APP-0085,生命科学,0.37016,建议不资助,0.25969,65.79,0.04625,expert_review,低置信、高风险或存在偏差审计信号，建议专家重点审查,1,0.3417
APP-0086,生命科学,0.41436,建议不资助,0.17128,47.24,0.10611,expert_review,低置信、高风险或存在偏差审计信号，建议专家重点审查,0,0.19469
APP-0087,管理科学,0.14575,建议不资助,0.70851,65.36,0.05769,regular_review,进入常规人工复核,0,0.03581
APP-0088,工程技术,0.15347,建议不资助,0.69305,45.59,0.02912,fast_track,高置信且解释风险较低，可进入快速复核,0,0.17552
APP-0089,生命科学,0.24347,建议不资助,0.51307,38.56,0.07065,regular_review,进入常规人工复核,0,0.7706
APP-0090,工程技术,0.54719,建议资助,0.09439,15.14,0.07243,expert_review,低置信、高风险或存在偏差审计信号，建议专家重点审查,1,0.77776
APP-0091,生命科学,0.06821,建议不资助,0.86358,27.4,0.06718,fast_track,高置信且解释风险较低，可进入快速复核,0,0.05492
APP-0092,管理科学,0.22083,建议不资助,0.55833,32.55,0.08092,regular_review,进入常规人工复核,0,0.21594
APP-0093,信息科学,0.4596,建议不资助,0.0808,55.62,0.11758,expert_review,低置信、高风险或存在偏差审计信号，建议专家重点审查,1,0.48421
APP-0094,信息科学,0.04501,建议不资助,0.90997,47.82,0.07687,fast_track,高置信且解释风险较低，可进入快速复核,0,0.07879
APP-0095,信息科学,0.42045,建议不资助,0.1591,29.49,0.08732,expert_review,低置信、高风险或存在偏差审计信号，建议专家重点审查,1,0.38316
APP-0096,工程技术,0.02996,建议不资助,0.94007,0.0,0.02256,fast_track,高置信且解释风险较低，可进入快速复核,0,0.04503
APP-0097,信息科学,0.14497,建议不资助,0.71007,59.25,0.06819,fast_track,高置信且解释风险较低，可进入快速复核,1,0.31959
APP-0098,生命科学,0.11421,建议不资助,0.77158,76.03,0.07409,regular_review,进入常规人工复核,0,0.09088
APP-0099,生命科学,0.01322,建议不资助,0.97356,69.29,0.05073,regular_review,进入常规人工复核,0,0.05558
APP-0100,交叉学科,0.51693,建议资助,0.03387,38.06,0.06851,expert_review,低置信、高风险或存在偏差审计信号，建议专家重点审查,1,0.67246
APP-0101,交叉学科,0.44476,建议不资助,0.11048,80.94,0.09152,expert_review,低置信、高风险或存在偏差审计信号，建议专家重点审查,0,0.65965
APP-0102,管理科学,0.21535,建议不资助,0.56931,74.52,0.03741,regular_review,进入常规人工复核,0,0.17263
APP-0103,信息科学,0.26466,建议不资助,0.47069,61.22,0.06023,regular_review,进入常规人工复核,0,0.18266
APP-0104,交叉学科,0.62117,建议资助,0.24233,47.86,0.1036,expert_review,低置信、高风险或存在偏差审计信号，建议专家重点审查,1,0.61266
APP-0105,管理科学,0.27801,建议不资助,0.44399,47.35,0.08361,regular_review,进入常规人工复核,0,0.30259
APP-0106,管理科学,0.02251,建议不资助,0.95499,86.63,0.04846,expert_review,低置信、高风险或存在偏差审计信号，建议专家重点审查,0,0.0112
APP-0107,信息科学,0.12297,建议不资助,0.75406,83.55,0.065,expert_review,低置信、高风险或存在偏差审计信号，建议专家重点审查,0,0.0454
APP-0108,信息科学,0.11638,建议不资助,0.76724,49.03,0.05407,fast_track,高置信且解释风险较低，可进入快速复核,0,0.11427
APP-0109,生命科学,0.41489,建议不资助,0.17022,53.83,0.06315,expert_review,低置信、高风险或存在偏差审计信号，建议专家重点审查,0,0.65389
APP-0110,交叉学科,0.49227,建议不资助,0.01545,6.1,0.06306,expert_review,低置信、高风险或存在偏差审计信号，建议专家重点审查,1,0.71882
APP-0111,信息科学,0.14222,建议不资助,0.71555,74.08,0.04251,regular_review,进入常规人工复核,0,0.20653
APP-0112,生命科学,0.10263,建议不资助,0.79474,77.91,0.0292,regular_review,进入常规人工复核,0,0.02735
APP-0113,信息科学,0.35145,建议不资助,0.29709,56.9,0.03518,expert_review,低置信、高风险或存在偏差审计信号，建议专家重点审查,1,0.76878
APP-0114,工程技术,0.37548,建议不资助,0.24903,37.95,0.08885,expert_review,低置信、高风险或存在偏差审计信号，建议专家重点审查,1,0.35361
APP-0115,生命科学,0.19248,建议不资助,0.61504,51.33,0.11887,regular_review,进入常规人工复核,0,0.2222
APP-0116,交叉学科,0.03696,建议不资助,0.92608,79.32,0.04818,regular_review,进入常规人工复核,0,0.03985
APP-0117,管理科学,0.04398,建议不资助,0.91204,57.24,0.05237,fast_track,高置信且解释风险较低，可进入快速复核,0,0.03618
APP-0118,管理科学,0.15803,建议不资助,0.68394,100.0,0.04423,expert_review,低置信、高风险或存在偏差审计信号，建议专家重点审查,1,0.02294
APP-0119,信息科学,0.21687,建议不资助,0.56625,66.23,0.14517,regular_review,进入常规人工复核,0,0.22111
APP-0120,工程技术,0.72017,建议资助,0.44035,38.32,0.05828,regular_review,进入常规人工复核,1,0.40923
APP-0121,工程技术,0.32504,建议不资助,0.34992,41.78,0.07709,expert_review,低置信、高风险或存在偏差审计信号，建议专家重点审查,1,0.28
APP-0122,工程技术,0.46736,建议不资助,0.06527,35.8,0.03002,expert_review,低置信、高风险或存在偏差审计信号，建议专家重点审查,1,0.05574
APP-0123,生命科学,0.06905,建议不资助,0.8619,77.55,0.06475,regular_review,进入常规人工复核,0,0.01381
APP-0124,信息科学,0.07173,建议不资助,0.85655,73.07,0.07125,regular_review,进入常规人工复核,0,0.06256
APP-0125,生命科学,0.05174,建议不资助,0.89651,84.33,0.05997,expert_review,低置信、高风险或存在偏差审计信号，建议专家重点审查,0,0.01362
APP-0126,工程技术,0.05665,建议不资助,0.8867,43.35,0.04507,fast_track,高置信且解释风险较低，可进入快速复核,0,0.0343
APP-0127,信息科学,0.04588,建议不资助,0.90823,59.36,0.0427,fast_track,高置信且解释风险较低，可进入快速复核,0,0.10305
APP-0128,生命科学,0.01319,建议不资助,0.97362,75.61,0.05667,regular_review,进入常规人工复核,0,0.00978
APP-0129,生命科学,0.09504,建议不资助,0.80993,81.0,0.08368,expert_review,低置信、高风险或存在偏差审计信号，建议专家重点审查,0,0.08124
APP-0130,工程技术,0.11598,建议不资助,0.76805,25.39,0.08632,fast_track,高置信且解释风险较低，可进入快速复核,1,0.1101
APP-0131,生命科学,0.04412,建议不资助,0.91176,62.4,0.04963,regular_review,进入常规人工复核,0,0.01911
APP-0132,交叉学科,0.44123,建议不资助,0.11754,26.14,0.10003,expert_review,低置信、高风险或存在偏差审计信号，建议专家重点审查,1,0.73864
APP-0133,工程技术,0.0895,建议不资助,0.82099,37.96,0.04186,fast_track,高置信且解释风险较低，可进入快速复核,0,0.04598
APP-0134,信息科学,0.04384,建议不资助,0.91232,23.86,0.03601,fast_track,高置信且解释风险较低，可进入快速复核,0,0.04563
APP-0135,工程技术,0.38552,建议不资助,0.22896,37.58,0.1122,expert_review,低置信、高风险或存在偏差审计信号，建议专家重点审查,1,0.3318
APP-0136,生命科学,0.24931,建议不资助,0.50139,21.01,0.05328,regular_review,进入常规人工复核,0,0.18529
APP-0137,交叉学科,0.11546,建议不资助,0.76907,26.36,0.05421,fast_track,高置信且解释风险较低，可进入快速复核,0,0.08608
APP-0138,工程技术,0.29557,建议不资助,0.40886,31.91,0.09545,regular_review,进入常规人工复核,0,0.12946
APP-0139,管理科学,0.01641,建议不资助,0.96718,56.06,0.04728,fast_track,高置信且解释风险较低，可进入快速复核,0,0.13732
APP-0140,生命科学,0.05323,建议不资助,0.89354,50.68,0.05524,fast_track,高置信且解释风险较低，可进入快速复核,0,0.05746
APP-0141,工程技术,0.07015,建议不资助,0.8597,17.12,0.03885,fast_track,高置信且解释风险较低，可进入快速复核,0,0.13008
APP-0142,工程技术,0.41624,建议不资助,0.16752,100.0,0.04682,expert_review,低置信、高风险或存在偏差审计信号，建议专家重点审查,1,0.14769
APP-0143,交叉学科,0.10562,建议不资助,0.78877,40.23,0.04691,fast_track,高置信且解释风险较低，可进入快速复核,0,0.27304
APP-0144,工程技术,0.83698,建议资助,0.67397,38.31,0.04758,fast_track,高置信且解释风险较低，可进入快速复核,1,0.48945
APP-0145,工程技术,0.08079,建议不资助,0.83843,61.65,0.06675,regular_review,进入常规人工复核,0,0.16784
APP-0146,信息科学,0.04801,建议不资助,0.90399,49.91,0.04603,fast_track,高置信且解释风险较低，可进入快速复核,0,0.05476
APP-0147,信息科学,0.23963,建议不资助,0.52073,40.72,0.04075,regular_review,进入常规人工复核,0,0.23944
APP-0148,工程技术,0.19445,建议不资助,0.6111,57.81,0.04849,regular_review,进入常规人工复核,0,0.29122
APP-0149,信息科学,0.04002,建议不资助,0.91995,36.55,0.07869,fast_track,高置信且解释风险较低，可进入快速复核,0,0.07277
APP-0150,生命科学,0.54476,建议资助,0.08952,44.09,0.10792,expert_review,低置信、高风险或存在偏差审计信号，建议专家重点审查,1,0.47964
APP-0151,交叉学科,0.16888,建议不资助,0.66224,89.47,0.03709,expert_review,低置信、高风险或存在偏差审计信号，建议专家重点审查,0,0.03166
APP-0152,交叉学科,0.08644,建议不资助,0.82712,52.47,0.04556,fast_track,高置信且解释风险较低，可进入快速复核,0,0.18008
APP-0153,生命科学,0.10404,建议不资助,0.79192,62.28,0.07143,regular_review,进入常规人工复核,0,0.04049
APP-0154,工程技术,0.33333,建议不资助,0.33334,39.56,0.06898,expert_review,低置信、高风险或存在偏差审计信号，建议专家重点审查,0,0.21272
APP-0155,生命科学,0.28652,建议不资助,0.42697,58.69,0.09585,regular_review,进入常规人工复核,1,0.3962
APP-0156,工程技术,0.17574,建议不资助,0.64852,34.58,0.03607,regular_review,进入常规人工复核,0,0.43321
APP-0157,信息科学,0.57835,建议资助,0.1567,48.95,0.05567,expert_review,低置信、高风险或存在偏差审计信号，建议专家重点审查,1,0.38867
APP-0158,工程技术,0.4337,建议不资助,0.1326,55.41,0.09291,expert_review,低置信、高风险或存在偏差审计信号，建议专家重点审查,0,0.21255
APP-0159,管理科学,0.08676,建议不资助,0.82648,36.11,0.10028,fast_track,高置信且解释风险较低，可进入快速复核,0,0.20807
APP-0160,管理科学,0.62554,建议资助,0.25109,77.65,0.0431,expert_review,低置信、高风险或存在偏差审计信号，建议专家重点审查,1,0.54822
APP-0161,生命科学,0.55048,建议资助,0.10096,61.58,0.07473,expert_review,低置信、高风险或存在偏差审计信号，建议专家重点审查,1,0.35275
APP-0162,交叉学科,0.54194,建议资助,0.08387,4.15,0.04274,expert_review,低置信、高风险或存在偏差审计信号，建议专家重点审查,1,0.86482
APP-0163,信息科学,0.14088,建议不资助,0.71823,84.48,0.04392,expert_review,低置信、高风险或存在偏差审计信号，建议专家重点审查,0,0.1092
APP-0164,生命科学,0.1543,建议不资助,0.69139,69.58,0.0632,regular_review,进入常规人工复核,0,0.09258
APP-0165,工程技术,0.17769,建议不资助,0.64463,72.89,0.10358,regular_review,进入常规人工复核,0,0.07002
APP-0166,信息科学,0.34674,建议不资助,0.30652,46.58,0.11264,expert_review,低置信、高风险或存在偏差审计信号，建议专家重点审查,0,0.40558
APP-0167,交叉学科,0.68362,建议资助,0.36723,22.75,0.05,regular_review,进入常规人工复核,1,0.87321
APP-0168,管理科学,0.6968,建议资助,0.39359,36.83,0.05441,regular_review,进入常规人工复核,1,0.61293
APP-0169,信息科学,0.05392,建议不资助,0.89215,84.14,0.04995,expert_review,低置信、高风险或存在偏差审计信号，建议专家重点审查,0,0.06839
APP-0170,交叉学科,0.3035,建议不资助,0.39301,29.77,0.06697,regular_review,进入常规人工复核,0,0.45936
APP-0171,信息科学,0.40707,建议不资助,0.18586,23.26,0.03444,expert_review,低置信、高风险或存在偏差审计信号，建议专家重点审查,0,0.60471
APP-0172,工程技术,0.07168,建议不资助,0.85664,45.52,0.0326,fast_track,高置信且解释风险较低，可进入快速复核,0,0.08492
APP-0173,信息科学,0.08981,建议不资助,0.82038,22.3,0.04171,fast_track,高置信且解释风险较低，可进入快速复核,0,0.18453
APP-0174,交叉学科,0.08189,建议不资助,0.83623,60.66,0.07671,regular_review,进入常规人工复核,0,0.08478
APP-0175,生命科学,0.32877,建议不资助,0.34246,62.22,0.04975,expert_review,低置信、高风险或存在偏差审计信号，建议专家重点审查,1,0.45655
APP-0176,生命科学,0.0305,建议不资助,0.939,58.27,0.07756,fast_track,高置信且解释风险较低，可进入快速复核,0,0.126
APP-0177,信息科学,0.13615,建议不资助,0.7277,37.72,0.03969,fast_track,高置信且解释风险较低，可进入快速复核,0,0.11553
APP-0178,交叉学科,0.57275,建议资助,0.14551,60.12,0.04693,expert_review,低置信、高风险或存在偏差审计信号，建议专家重点审查,0,0.67669
APP-0179,交叉学科,0.03388,建议不资助,0.93224,100.0,0.05134,expert_review,低置信、高风险或存在偏差审计信号，建议专家重点审查,1,0.03577
APP-0180,管理科学,0.38067,建议不资助,0.23866,21.32,0.02182,expert_review,低置信、高风险或存在偏差审计信号，建议专家重点审查,1,0.41001
APP-0181,交叉学科,0.17126,建议不资助,0.65749,86.79,0.03465,expert_review,低置信、高风险或存在偏差审计信号，建议专家重点审查,1,0.19067
APP-0182,交叉学科,0.3651,建议不资助,0.26979,66.16,0.09238,expert_review,低置信、高风险或存在偏差审计信号，建议专家重点审查,0,0.20885
APP-0183,工程技术,0.13225,建议不资助,0.73551,47.89,0.05231,fast_track,高置信且解释风险较低，可进入快速复核,0,0.14529
APP-0184,信息科学,0.28485,建议不资助,0.4303,53.33,0.07762,regular_review,进入常规人工复核,0,0.27485
APP-0185,管理科学,0.11112,建议不资助,0.77777,57.13,0.03419,fast_track,高置信且解释风险较低，可进入快速复核,0,0.03369
APP-0186,工程技术,0.61251,建议资助,0.22502,30.47,0.06675,expert_review,低置信、高风险或存在偏差审计信号，建议专家重点审查,1,0.80716
APP-0187,信息科学,0.23362,建议不资助,0.53277,17.35,0.03852,regular_review,进入常规人工复核,0,0.31232
APP-0188,生命科学,0.15168,建议不资助,0.69664,68.13,0.06228,regular_review,进入常规人工复核,1,0.05581
APP-0189,管理科学,0.30663,建议不资助,0.38675,25.1,0.03529,regular_review,进入常规人工复核,0,0.18769
APP-0190,信息科学,0.41944,建议不资助,0.16113,28.14,0.08044,expert_review,低置信、高风险或存在偏差审计信号，建议专家重点审查,1,0.25345
APP-0191,交叉学科,0.46679,建议不资助,0.06642,45.09,0.04008,expert_review,低置信、高风险或存在偏差审计信号，建议专家重点审查,1,0.45198
APP-0192,信息科学,0.12505,建议不资助,0.7499,55.69,0.06315,fast_track,高置信且解释风险较低，可进入快速复核,0,0.09143
APP-0193,生命科学,0.5481,建议资助,0.09621,40.01,0.06052,expert_review,低置信、高风险或存在偏差审计信号，建议专家重点审查,1,0.65063
APP-0194,交叉学科,0.55266,建议资助,0.10532,44.1,0.02813,expert_review,低置信、高风险或存在偏差审计信号，建议专家重点审查,1,0.3908
APP-0195,生命科学,0.23917,建议不资助,0.52166,69.06,0.06376,regular_review,进入常规人工复核,0,0.34123
APP-0196,生命科学,0.47942,建议不资助,0.04115,56.42,0.03716,expert_review,低置信、高风险或存在偏差审计信号，建议专家重点审查,0,0.57337
APP-0197,工程技术,0.69821,建议资助,0.39642,34.03,0.06689,regular_review,进入常规人工复核,1,0.50319
APP-0198,交叉学科,0.51695,建议资助,0.03389,58.09,0.0473,expert_review,低置信、高风险或存在偏差审计信号，建议专家重点审查,0,0.50517
APP-0199,生命科学,0.49529,建议不资助,0.00943,51.17,0.10828,expert_review,低置信、高风险或存在偏差审计信号，建议专家重点审查,1,0.72187
APP-0200,信息科学,0.42342,建议不资助,0.15315,50.57,0.06975,expert_review,低置信、高风险或存在偏差审计信号，建议专家重点审查,1,0.39974
APP-0201,管理科学,0.36529,建议不资助,0.26943,58.87,0.06569,expert_review,低置信、高风险或存在偏差审计信号，建议专家重点审查,0,0.57473
APP-0202,交叉学科,0.07893,建议不资助,0.84215,47.25,0.06329,fast_track,高置信且解释风险较低，可进入快速复核,0,0.27188
APP-0203,工程技术,0.0587,建议不资助,0.8826,66.89,0.07304,regular_review,进入常规人工复核,0,0.05423
APP-0204,生命科学,0.14846,建议不资助,0.70307,21.43,0.05229,fast_track,高置信且解释风险较低，可进入快速复核,0,0.13602
APP-0205,生命科学,0.17149,建议不资助,0.65703,83.55,0.04017,expert_review,低置信、高风险或存在偏差审计信号，建议专家重点审查,0,0.16627
APP-0206,信息科学,0.37399,建议不资助,0.25202,31.74,0.08381,expert_review,低置信、高风险或存在偏差审计信号，建议专家重点审查,0,0.32582
APP-0207,生命科学,0.48908,建议不资助,0.02184,17.27,0.063,expert_review,低置信、高风险或存在偏差审计信号，建议专家重点审查,1,0.85356
APP-0208,工程技术,0.36739,建议不资助,0.26523,37.09,0.07358,expert_review,低置信、高风险或存在偏差审计信号，建议专家重点审查,1,0.13801
APP-0209,生命科学,0.10477,建议不资助,0.79046,43.01,0.06471,fast_track,高置信且解释风险较低，可进入快速复核,0,0.07318
APP-0210,工程技术,0.1159,建议不资助,0.76819,35.3,0.05914,fast_track,高置信且解释风险较低，可进入快速复核,0,0.11495
APP-0211,管理科学,0.46159,建议不资助,0.07681,30.7,0.0507,expert_review,低置信、高风险或存在偏差审计信号，建议专家重点审查,1,0.3331
APP-0212,工程技术,0.07923,建议不资助,0.84153,85.64,0.03035,expert_review,低置信、高风险或存在偏差审计信号，建议专家重点审查,0,0.13513
APP-0213,生命科学,0.26955,建议不资助,0.4609,32.59,0.10285,regular_review,进入常规人工复核,1,0.31802
APP-0214,管理科学,0.65361,建议资助,0.30722,16.34,0.05576,expert_review,低置信、高风险或存在偏差审计信号，建议专家重点审查,1,0.66838
APP-0215,管理科学,0.60042,建议资助,0.20084,42.99,0.05977,expert_review,低置信、高风险或存在偏差审计信号，建议专家重点审查,0,0.48551
APP-0216,管理科学,0.183,建议不资助,0.634,97.08,0.04002,expert_review,低置信、高风险或存在偏差审计信号，建议专家重点审查,1,0.09506
APP-0217,生命科学,0.20872,建议不资助,0.58255,28.72,0.0723,regular_review,进入常规人工复核,0,0.06767
APP-0218,生命科学,0.66753,建议资助,0.33505,32.01,0.0629,expert_review,低置信、高风险或存在偏差审计信号，建议专家重点审查,1,0.89002
APP-0219,交叉学科,0.12355,建议不资助,0.7529,41.93,0.06279,fast_track,高置信且解释风险较低，可进入快速复核,0,0.18319
APP-0220,信息科学,0.08981,建议不资助,0.82038,80.88,0.10565,expert_review,低置信、高风险或存在偏差审计信号，建议专家重点审查,1,0.06974
APP-0221,信息科学,0.15874,建议不资助,0.68252,40.63,0.05859,fast_track,高置信且解释风险较低，可进入快速复核,0,0.06235
APP-0222,工程技术,0.24543,建议不资助,0.50914,29.53,0.08653,regular_review,进入常规人工复核,0,0.13049
APP-0223,工程技术,0.02571,建议不资助,0.94859,57.26,0.03814,fast_track,高置信且解释风险较低，可进入快速复核,0,0.01197
APP-0224,交叉学科,0.28065,建议不资助,0.43871,55.77,0.06834,regular_review,进入常规人工复核,0,0.19156
APP-0225,信息科学,0.29036,建议不资助,0.41929,59.73,0.06114,regular_review,进入常规人工复核,0,0.48272
APP-0226,交叉学科,0.25442,建议不资助,0.49117,28.75,0.05444,regular_review,进入常规人工复核,0,0.2093
APP-0227,生命科学,0.38683,建议不资助,0.22633,38.71,0.0491,expert_review,低置信、高风险或存在偏差审计信号，建议专家重点审查,0,0.50344
APP-0228,工程技术,0.28015,建议不资助,0.4397,82.76,0.05349,expert_review,低置信、高风险或存在偏差审计信号，建议专家重点审查,0,0.08356
APP-0229,工程技术,0.04112,建议不资助,0.91776,58.18,0.06869,fast_track,高置信且解释风险较低，可进入快速复核,0,0.02871
APP-0230,生命科学,0.73403,建议资助,0.46806,84.28,0.04874,expert_review,低置信、高风险或存在偏差审计信号，建议专家重点审查,1,0.90052
APP-0231,生命科学,0.23457,建议不资助,0.53086,48.92,0.07487,regular_review,进入常规人工复核,0,0.09637
APP-0232,信息科学,0.01286,建议不资助,0.97429,71.13,0.04413,regular_review,进入常规人工复核,0,0.02076
APP-0233,交叉学科,0.44918,建议不资助,0.10164,55.86,0.04696,expert_review,低置信、高风险或存在偏差审计信号，建议专家重点审查,1,0.32635
APP-0234,工程技术,0.07235,建议不资助,0.8553,39.53,0.06118,fast_track,高置信且解释风险较低，可进入快速复核,0,0.05081
APP-0235,交叉学科,0.08268,建议不资助,0.83463,66.26,0.05122,regular_review,进入常规人工复核,0,0.11099
APP-0236,管理科学,0.26908,建议不资助,0.46184,32.5,0.05214,regular_review,进入常规人工复核,1,0.12622
APP-0237,工程技术,0.12378,建议不资助,0.75243,80.87,0.06989,expert_review,低置信、高风险或存在偏差审计信号，建议专家重点审查,0,0.04874
APP-0238,管理科学,0.0262,建议不资助,0.9476,70.16,0.04947,regular_review,进入常规人工复核,0,0.00301
APP-0239,生命科学,0.44896,建议不资助,0.10207,49.22,0.04768,expert_review,低置信、高风险或存在偏差审计信号，建议专家重点审查,0,0.07523
APP-0240,生命科学,0.37339,建议不资助,0.25322,46.3,0.065,expert_review,低置信、高风险或存在偏差审计信号，建议专家重点审查,1,0.67135
APP-0241,交叉学科,0.0974,建议不资助,0.8052,52.32,0.07889,fast_track,高置信且解释风险较低，可进入快速复核,1,0.08984
APP-0242,管理科学,0.03889,建议不资助,0.92223,46.54,0.05283,fast_track,高置信且解释风险较低，可进入快速复核,0,0.22976
APP-0243,信息科学,0.3428,建议不资助,0.31439,76.38,0.06448,expert_review,低置信、高风险或存在偏差审计信号，建议专家重点审查,1,0.49145
APP-0244,工程技术,0.11048,建议不资助,0.77903,39.22,0.08545,fast_track,高置信且解释风险较低，可进入快速复核,0,0.0573
APP-0245,工程技术,0.34324,建议不资助,0.31352,36.52,0.04056,expert_review,低置信、高风险或存在偏差审计信号，建议专家重点审查,0,0.18244
APP-0246,交叉学科,0.1758,建议不资助,0.6484,44.83,0.03808,regular_review,进入常规人工复核,0,0.01779
APP-0247,工程技术,0.18661,建议不资助,0.62677,65.05,0.03576,regular_review,进入常规人工复核,0,0.12065
APP-0248,信息科学,0.0149,建议不资助,0.97021,70.29,0.03558,regular_review,进入常规人工复核,0,0.03015
APP-0249,信息科学,0.06997,建议不资助,0.86007,52.28,0.03251,fast_track,高置信且解释风险较低，可进入快速复核,0,0.01804
APP-0250,信息科学,0.12862,建议不资助,0.74275,46.11,0.03786,fast_track,高置信且解释风险较低，可进入快速复核,0,0.21468
APP-0251,工程技术,0.32684,建议不资助,0.34633,49.12,0.05617,expert_review,低置信、高风险或存在偏差审计信号，建议专家重点审查,1,0.4786
APP-0252,交叉学科,0.45053,建议不资助,0.09894,36.9,0.08627,expert_review,低置信、高风险或存在偏差审计信号，建议专家重点审查,0,0.6587
APP-0253,信息科学,0.20621,建议不资助,0.58759,3.89,0.06115,regular_review,进入常规人工复核,1,0.07317
APP-0254,信息科学,0.24808,建议不资助,0.50383,32.96,0.09719,regular_review,进入常规人工复核,0,0.28056
APP-0255,信息科学,0.17734,建议不资助,0.64532,60.21,0.05567,regular_review,进入常规人工复核,0,0.20355
APP-0256,管理科学,0.40099,建议不资助,0.19803,44.59,0.05115,expert_review,低置信、高风险或存在偏差审计信号，建议专家重点审查,1,0.50808
APP-0257,管理科学,0.13706,建议不资助,0.72589,44.74,0.07092,fast_track,高置信且解释风险较低，可进入快速复核,0,0.16785
APP-0258,生命科学,0.33012,建议不资助,0.33977,77.21,0.05834,expert_review,低置信、高风险或存在偏差审计信号，建议专家重点审查,1,0.48275
APP-0259,生命科学,0.29188,建议不资助,0.41624,30.72,0.08761,regular_review,进入常规人工复核,0,0.47624
APP-0260,工程技术,0.1652,建议不资助,0.66961,32.68,0.06391,fast_track,高置信且解释风险较低，可进入快速复核,0,0.11331
APP-0261,生命科学,0.12503,建议不资助,0.74994,67.05,0.04851,regular_review,进入常规人工复核,0,0.26831
APP-0262,交叉学科,0.27707,建议不资助,0.44585,47.92,0.04922,regular_review,进入常规人工复核,0,0.36
APP-0263,信息科学,0.06479,建议不资助,0.87041,35.66,0.05155,fast_track,高置信且解释风险较低，可进入快速复核,0,0.04571
APP-0264,生命科学,0.04398,建议不资助,0.91205,80.98,0.05692,expert_review,低置信、高风险或存在偏差审计信号，建议专家重点审查,0,0.01874
APP-0265,交叉学科,0.61713,建议资助,0.23426,32.62,0.06916,expert_review,低置信、高风险或存在偏差审计信号，建议专家重点审查,0,0.629
APP-0266,生命科学,0.71619,建议资助,0.43239,41.43,0.04968,regular_review,进入常规人工复核,0,0.46743
APP-0267,信息科学,0.33269,建议不资助,0.33462,58.78,0.08846,expert_review,低置信、高风险或存在偏差审计信号，建议专家重点审查,0,0.27332
APP-0268,生命科学,0.62565,建议资助,0.2513,49.02,0.096,expert_review,低置信、高风险或存在偏差审计信号，建议专家重点审查,1,0.76561
APP-0269,生命科学,0.12946,建议不资助,0.74107,22.53,0.05949,fast_track,高置信且解释风险较低，可进入快速复核,0,0.25254
APP-0270,生命科学,0.17229,建议不资助,0.65542,85.68,0.08868,expert_review,低置信、高风险或存在偏差审计信号，建议专家重点审查,0,0.04897
APP-0271,生命科学,0.03854,建议不资助,0.92292,34.11,0.05233,fast_track,高置信且解释风险较低，可进入快速复核,0,0.04062
APP-0272,生命科学,0.68732,建议资助,0.37465,45.09,0.05171,regular_review,进入常规人工复核,1,0.70661
APP-0273,生命科学,0.52343,建议资助,0.04686,58.74,0.03482,expert_review,低置信、高风险或存在偏差审计信号，建议专家重点审查,1,0.72611
APP-0274,工程技术,0.16057,建议不资助,0.67886,93.25,0.11,expert_review,低置信、高风险或存在偏差审计信号，建议专家重点审查,1,0.10746
APP-0275,管理科学,0.01844,建议不资助,0.96312,41.81,0.03217,fast_track,高置信且解释风险较低，可进入快速复核,0,0.02975
APP-0276,信息科学,0.20354,建议不资助,0.59291,31.61,0.04885,regular_review,进入常规人工复核,0,0.1614
APP-0277,信息科学,0.22665,建议不资助,0.54671,59.95,0.04318,regular_review,进入常规人工复核,1,0.18642
APP-0278,工程技术,0.01361,建议不资助,0.97277,91.76,0.04672,expert_review,低置信、高风险或存在偏差审计信号，建议专家重点审查,0,0.01554
APP-0279,交叉学科,0.14665,建议不资助,0.70669,52.72,0.05764,fast_track,高置信且解释风险较低，可进入快速复核,0,0.0214
APP-0280,交叉学科,0.05721,建议不资助,0.88559,44.29,0.0547,fast_track,高置信且解释风险较低，可进入快速复核,0,0.07357
APP-0281,生命科学,0.47508,建议不资助,0.04984,57.83,0.05575,expert_review,低置信、高风险或存在偏差审计信号，建议专家重点审查,0,0.59291
APP-0282,生命科学,0.31442,建议不资助,0.37116,8.49,0.03005,regular_review,进入常规人工复核,1,0.4202
APP-0283,信息科学,0.0597,建议不资助,0.8806,37.7,0.03919,fast_track,高置信且解释风险较低，可进入快速复核,0,0.01726
APP-0284,信息科学,0.19649,建议不资助,0.60702,20.6,0.07331,regular_review,进入常规人工复核,0,0.28055
APP-0285,工程技术,0.56935,建议资助,0.1387,42.8,0.05345,expert_review,低置信、高风险或存在偏差审计信号，建议专家重点审查,1,0.56559
APP-0286,信息科学,0.3841,建议不资助,0.2318,39.74,0.0801,expert_review,低置信、高风险或存在偏差审计信号，建议专家重点审查,0,0.22634
APP-0287,生命科学,0.07331,建议不资助,0.85337,0.0,0.0514,fast_track,高置信且解释风险较低，可进入快速复核,0,0.05263
APP-0288,信息科学,0.23891,建议不资助,0.52218,53.58,0.05893,regular_review,进入常规人工复核,0,0.46238
APP-0289,工程技术,0.26769,建议不资助,0.46463,62.36,0.09631,regular_review,进入常规人工复核,0,0.20977
APP-0290,生命科学,0.24262,建议不资助,0.51476,52.89,0.05835,regular_review,进入常规人工复核,0,0.33643
APP-0291,交叉学科,0.2417,建议不资助,0.5166,19.43,0.06718,regular_review,进入常规人工复核,0,0.35662
APP-0292,生命科学,0.08962,建议不资助,0.82076,75.3,0.06499,regular_review,进入常规人工复核,0,0.0275
APP-0293,交叉学科,0.15482,建议不资助,0.69037,87.94,0.04617,expert_review,低置信、高风险或存在偏差审计信号，建议专家重点审查,0,0.08717
APP-0294,生命科学,0.16959,建议不资助,0.66082,58.0,0.05132,fast_track,高置信且解释风险较低，可进入快速复核,0,0.06198
APP-0295,交叉学科,0.51937,建议资助,0.03874,42.92,0.08475,expert_review,低置信、高风险或存在偏差审计信号，建议专家重点审查,1,0.65536
APP-0296,交叉学科,0.10085,建议不资助,0.79831,54.9,0.09518,fast_track,高置信且解释风险较低，可进入快速复核,0,0.08033
APP-0297,交叉学科,0.64109,建议资助,0.28217,58.67,0.0396,expert_review,低置信、高风险或存在偏差审计信号，建议专家重点审查,1,0.93414
APP-0298,管理科学,0.40771,建议不资助,0.18457,63.64,0.07419,expert_review,低置信、高风险或存在偏差审计信号，建议专家重点审查,0,0.37031
APP-0299,管理科学,0.07826,建议不资助,0.84348,58.71,0.02513,fast_track,高置信且解释风险较低，可进入快速复核,0,0.02143
APP-0300,工程技术,0.13482,建议不资助,0.73036,59.0,0.05778,fast_track,高置信且解释风险较低，可进入快速复核,1,0.11058
APP-0301,管理科学,0.32703,建议不资助,0.34594,35.24,0.066,expert_review,低置信、高风险或存在偏差审计信号，建议专家重点审查,1,0.15694
APP-0302,生命科学,0.28011,建议不资助,0.43978,33.54,0.05417,regular_review,进入常规人工复核,0,0.24124
APP-0303,工程技术,0.79155,建议资助,0.58309,59.31,0.03845,regular_review,进入常规人工复核,1,0.57726
APP-0304,工程技术,0.07464,建议不资助,0.85071,59.35,0.07065,fast_track,高置信且解释风险较低，可进入快速复核,0,0.02012
APP-0305,交叉学科,0.05114,建议不资助,0.89772,41.31,0.02319,fast_track,高置信且解释风险较低，可进入快速复核,0,0.07174
APP-0306,工程技术,0.59486,建议资助,0.18972,42.53,0.05183,expert_review,低置信、高风险或存在偏差审计信号，建议专家重点审查,0,0.55536
APP-0307,信息科学,0.31282,建议不资助,0.37436,49.28,0.07878,regular_review,进入常规人工复核,0,0.4405
APP-0308,工程技术,0.14903,建议不资助,0.70194,40.26,0.06197,fast_track,高置信且解释风险较低，可进入快速复核,0,0.10229
APP-0309,信息科学,0.04708,建议不资助,0.90585,86.91,0.04372,expert_review,低置信、高风险或存在偏差审计信号，建议专家重点审查,0,0.05261
APP-0310,生命科学,0.15462,建议不资助,0.69075,74.64,0.08343,regular_review,进入常规人工复核,0,0.11462
APP-0311,工程技术,0.28833,建议不资助,0.42333,61.11,0.10832,regular_review,进入常规人工复核,0,0.32105
APP-0312,信息科学,0.20154,建议不资助,0.59691,85.41,0.06802,expert_review,低置信、高风险或存在偏差审计信号，建议专家重点审查,1,0.40694
APP-0313,信息科学,0.16728,建议不资助,0.66543,67.57,0.04358,regular_review,进入常规人工复核,0,0.14287
APP-0314,信息科学,0.18934,建议不资助,0.62132,52.68,0.04704,regular_review,进入常规人工复核,1,0.04842
APP-0315,信息科学,0.8222,建议资助,0.6444,40.46,0.06432,regular_review,进入常规人工复核,1,0.92257
APP-0316,信息科学,0.32412,建议不资助,0.35175,42.1,0.0422,regular_review,进入常规人工复核,1,0.39118
APP-0317,信息科学,0.31074,建议不资助,0.37851,57.61,0.06287,regular_review,进入常规人工复核,1,0.64798
APP-0318,管理科学,0.03058,建议不资助,0.93884,42.56,0.02943,fast_track,高置信且解释风险较低，可进入快速复核,0,0.01909
APP-0319,信息科学,0.64735,建议资助,0.2947,46.31,0.04641,expert_review,低置信、高风险或存在偏差审计信号，建议专家重点审查,1,0.76925
APP-0320,交叉学科,0.5874,建议资助,0.17481,42.39,0.06779,expert_review,低置信、高风险或存在偏差审计信号，建议专家重点审查,0,0.5977
APP-0321,交叉学科,0.2431,建议不资助,0.5138,70.55,0.11055,regular_review,进入常规人工复核,0,0.07956
APP-0322,工程技术,0.04235,建议不资助,0.91529,0.0,0.02732,fast_track,高置信且解释风险较低，可进入快速复核,0,0.21173
APP-0323,信息科学,0.20186,建议不资助,0.59628,78.06,0.05009,regular_review,进入常规人工复核,1,0.09291
APP-0324,工程技术,0.60402,建议资助,0.20804,67.26,0.04872,expert_review,低置信、高风险或存在偏差审计信号，建议专家重点审查,1,0.12411
APP-0325,交叉学科,0.15311,建议不资助,0.69378,45.31,0.04358,fast_track,高置信且解释风险较低，可进入快速复核,0,0.13192
APP-0326,工程技术,0.05723,建议不资助,0.88554,55.75,0.04854,fast_track,高置信且解释风险较低，可进入快速复核,0,0.22892
APP-0327,管理科学,0.12985,建议不资助,0.7403,78.63,0.02712,regular_review,进入常规人工复核,0,0.13453
APP-0328,工程技术,0.40113,建议不资助,0.19775,57.82,0.04927,expert_review,低置信、高风险或存在偏差审计信号，建议专家重点审查,0,0.45381
APP-0329,工程技术,0.23714,建议不资助,0.52571,68.97,0.12324,regular_review,进入常规人工复核,0,0.05641
APP-0330,信息科学,0.09767,建议不资助,0.80465,67.02,0.03209,regular_review,进入常规人工复核,0,0.29342
APP-0331,管理科学,0.37603,建议不资助,0.24794,53.5,0.09427,expert_review,低置信、高风险或存在偏差审计信号，建议专家重点审查,0,0.15163
APP-0332,生命科学,0.21972,建议不资助,0.56055,27.79,0.08533,regular_review,进入常规人工复核,0,0.24278
APP-0333,管理科学,0.22116,建议不资助,0.55769,48.04,0.07506,regular_review,进入常规人工复核,0,0.0295
APP-0334,交叉学科,0.35631,建议不资助,0.28739,16.32,0.06279,expert_review,低置信、高风险或存在偏差审计信号，建议专家重点审查,1,0.80577
APP-0335,生命科学,0.16764,建议不资助,0.66472,58.91,0.04663,fast_track,高置信且解释风险较低，可进入快速复核,0,0.41185
APP-0336,工程技术,0.28729,建议不资助,0.42542,41.61,0.08551,regular_review,进入常规人工复核,0,0.05147
APP-0337,生命科学,0.10994,建议不资助,0.78013,37.69,0.05512,fast_track,高置信且解释风险较低，可进入快速复核,0,0.06104
APP-0338,管理科学,0.07066,建议不资助,0.85868,63.11,0.07289,regular_review,进入常规人工复核,0,0.06096
APP-0339,生命科学,0.15867,建议不资助,0.68267,24.59,0.0506,fast_track,高置信且解释风险较低，可进入快速复核,0,0.02923
APP-0340,交叉学科,0.60416,建议资助,0.20832,61.33,0.04152,expert_review,低置信、高风险或存在偏差审计信号，建议专家重点审查,1,0.58672
APP-0341,生命科学,0.31989,建议不资助,0.36022,43.2,0.05829,regular_review,进入常规人工复核,1,0.52503
APP-0342,交叉学科,0.1513,建议不资助,0.69739,46.39,0.05016,fast_track,高置信且解释风险较低，可进入快速复核,0,0.05261
APP-0343,管理科学,0.08467,建议不资助,0.83065,55.69,0.07687,fast_track,高置信且解释风险较低，可进入快速复核,0,0.10562
APP-0344,工程技术,0.49167,建议不资助,0.01666,87.91,0.06466,expert_review,低置信、高风险或存在偏差审计信号，建议专家重点审查,0,0.26825
APP-0345,管理科学,0.04843,建议不资助,0.90315,57.97,0.05689,fast_track,高置信且解释风险较低，可进入快速复核,0,0.08223
APP-0346,管理科学,0.22017,建议不资助,0.55966,77.17,0.03714,regular_review,进入常规人工复核,0,0.22372
APP-0347,交叉学科,0.01945,建议不资助,0.96111,77.91,0.04399,regular_review,进入常规人工复核,0,0.00327
APP-0348,信息科学,0.21242,建议不资助,0.57517,65.39,0.05489,regular_review,进入常规人工复核,0,0.07469
APP-0349,工程技术,0.11143,建议不资助,0.77713,13.12,0.05588,fast_track,高置信且解释风险较低，可进入快速复核,0,0.17773
APP-0350,生命科学,0.84613,建议资助,0.69226,45.21,0.04053,fast_track,高置信且解释风险较低，可进入快速复核,1,0.82707
APP-0351,工程技术,0.09666,建议不资助,0.80668,28.19,0.06047,fast_track,高置信且解释风险较低，可进入快速复核,0,0.3163
APP-0352,生命科学,0.03062,建议不资助,0.93875,100.0,0.06827,expert_review,低置信、高风险或存在偏差审计信号，建议专家重点审查,0,0.0076
APP-0353,工程技术,0.61431,建议资助,0.22862,42.99,0.03126,expert_review,低置信、高风险或存在偏差审计信号，建议专家重点审查,0,0.41696
APP-0354,工程技术,0.61262,建议资助,0.22523,36.39,0.03517,expert_review,低置信、高风险或存在偏差审计信号，建议专家重点审查,0,0.4684
APP-0355,工程技术,0.30044,建议不资助,0.39913,12.82,0.07452,regular_review,进入常规人工复核,0,0.12581
APP-0356,工程技术,0.03553,建议不资助,0.92895,38.99,0.03985,fast_track,高置信且解释风险较低，可进入快速复核,0,0.10634
APP-0357,管理科学,0.91422,建议资助,0.82844,67.03,0.0438,regular_review,进入常规人工复核,1,0.70881
APP-0358,管理科学,0.41844,建议不资助,0.16313,82.91,0.05676,expert_review,低置信、高风险或存在偏差审计信号，建议专家重点审查,0,0.54021
APP-0359,工程技术,0.12055,建议不资助,0.7589,28.6,0.0566,fast_track,高置信且解释风险较低，可进入快速复核,0,0.12039
APP-0360,工程技术,0.21792,建议不资助,0.56415,73.43,0.05607,regular_review,进入常规人工复核,0,0.13142
APP-0361,交叉学科,0.62413,建议资助,0.24825,51.42,0.03583,expert_review,低置信、高风险或存在偏差审计信号，建议专家重点审查,1,0.51254
APP-0362,生命科学,0.11074,建议不资助,0.77851,40.29,0.05168,fast_track,高置信且解释风险较低，可进入快速复核,0,0.0364
APP-0363,生命科学,0.03863,建议不资助,0.92275,53.46,0.06532,fast_track,高置信且解释风险较低，可进入快速复核,0,0.05823
APP-0364,生命科学,0.16891,建议不资助,0.66219,78.35,0.04188,regular_review,进入常规人工复核,0,0.31295
APP-0365,工程技术,0.30371,建议不资助,0.39259,51.02,0.05294,regular_review,进入常规人工复核,1,0.22443
APP-0366,信息科学,0.07509,建议不资助,0.84982,27.83,0.07239,fast_track,高置信且解释风险较低，可进入快速复核,0,0.08571
APP-0367,管理科学,0.03332,建议不资助,0.93336,58.48,0.0771,fast_track,高置信且解释风险较低，可进入快速复核,0,0.01249
APP-0368,工程技术,0.0132,建议不资助,0.97359,58.16,0.05044,fast_track,高置信且解释风险较低，可进入快速复核,0,0.01595
APP-0369,信息科学,0.25312,建议不资助,0.49376,46.19,0.0601,regular_review,进入常规人工复核,0,0.06748
APP-0370,交叉学科,0.43878,建议不资助,0.12244,77.96,0.0832,expert_review,低置信、高风险或存在偏差审计信号，建议专家重点审查,0,0.18622
APP-0371,管理科学,0.14422,建议不资助,0.71157,4.22,0.08646,fast_track,高置信且解释风险较低，可进入快速复核,0,0.46618
APP-0372,信息科学,0.18193,建议不资助,0.63615,57.14,0.05849,regular_review,进入常规人工复核,0,0.36478
APP-0373,信息科学,0.39678,建议不资助,0.20643,65.69,0.13358,expert_review,低置信、高风险或存在偏差审计信号，建议专家重点审查,0,0.17748
APP-0374,信息科学,0.44989,建议不资助,0.10022,21.02,0.10623,expert_review,低置信、高风险或存在偏差审计信号，建议专家重点审查,0,0.57951
APP-0375,生命科学,0.40802,建议不资助,0.18396,30.51,0.05929,expert_review,低置信、高风险或存在偏差审计信号，建议专家重点审查,0,0.41123
APP-0376,生命科学,0.04921,建议不资助,0.90159,69.96,0.03793,regular_review,进入常规人工复核,0,0.11408
APP-0377,交叉学科,0.01904,建议不资助,0.96193,73.49,0.05798,regular_review,进入常规人工复核,0,0.0068
APP-0378,信息科学,0.03751,建议不资助,0.92499,77.2,0.07312,regular_review,进入常规人工复核,0,0.02355
APP-0379,信息科学,0.53456,建议资助,0.06912,36.14,0.05059,expert_review,低置信、高风险或存在偏差审计信号，建议专家重点审查,0,0.32704
APP-0380,管理科学,0.051,建议不资助,0.898,54.02,0.06228,fast_track,高置信且解释风险较低，可进入快速复核,0,0.00766
APP-0381,工程技术,0.34894,建议不资助,0.30213,56.67,0.04426,expert_review,低置信、高风险或存在偏差审计信号，建议专家重点审查,0,0.13692
APP-0382,交叉学科,0.1018,建议不资助,0.7964,15.86,0.04346,fast_track,高置信且解释风险较低，可进入快速复核,1,0.26088
APP-0383,管理科学,0.36931,建议不资助,0.26139,53.15,0.07858,expert_review,低置信、高风险或存在偏差审计信号，建议专家重点审查,0,0.36328
APP-0384,工程技术,0.14469,建议不资助,0.71062,52.77,0.0431,fast_track,高置信且解释风险较低，可进入快速复核,0,0.04063
APP-0385,信息科学,0.14006,建议不资助,0.71988,64.91,0.07839,regular_review,进入常规人工复核,0,0.1424
APP-0386,交叉学科,0.30677,建议不资助,0.38647,38.57,0.03478,regular_review,进入常规人工复核,0,0.23269
APP-0387,管理科学,0.09864,建议不资助,0.80273,75.01,0.04661,regular_review,进入常规人工复核,0,0.07304
APP-0388,交叉学科,0.14307,建议不资助,0.71387,51.61,0.0697,fast_track,高置信且解释风险较低，可进入快速复核,0,0.03998
APP-0389,生命科学,0.26274,建议不资助,0.47451,84.19,0.09297,expert_review,低置信、高风险或存在偏差审计信号，建议专家重点审查,0,0.17804
APP-0390,交叉学科,0.34118,建议不资助,0.31765,64.93,0.06152,expert_review,低置信、高风险或存在偏差审计信号，建议专家重点审查,0,0.26434
APP-0391,工程技术,0.04624,建议不资助,0.90751,55.55,0.05812,fast_track,高置信且解释风险较低，可进入快速复核,0,0.02848
APP-0392,生命科学,0.07004,建议不资助,0.85992,28.03,0.04234,fast_track,高置信且解释风险较低，可进入快速复核,0,0.12636
APP-0393,工程技术,0.56147,建议资助,0.12294,28.77,0.05914,expert_review,低置信、高风险或存在偏差审计信号，建议专家重点审查,1,0.62803
APP-0394,管理科学,0.11185,建议不资助,0.77631,82.02,0.04786,expert_review,低置信、高风险或存在偏差审计信号，建议专家重点审查,1,0.33356
APP-0395,生命科学,0.13182,建议不资助,0.73636,67.55,0.0633,regular_review,进入常规人工复核,0,0.24918
APP-0396,信息科学,0.18661,建议不资助,0.62678,44.3,0.05462,regular_review,进入常规人工复核,0,0.19179
APP-0397,交叉学科,0.34096,建议不资助,0.31808,52.09,0.04355,expert_review,低置信、高风险或存在偏差审计信号，建议专家重点审查,0,0.19576
APP-0398,信息科学,0.23465,建议不资助,0.5307,54.44,0.08888,regular_review,进入常规人工复核,0,0.28901
APP-0399,信息科学,0.17892,建议不资助,0.64216,23.1,0.05538,regular_review,进入常规人工复核,0,0.221
APP-0400,信息科学,0.46184,建议不资助,0.07632,54.69,0.06625,expert_review,低置信、高风险或存在偏差审计信号，建议专家重点审查,1,0.50304
APP-0401,信息科学,0.16164,建议不资助,0.67672,62.25,0.06684,regular_review,进入常规人工复核,0,0.04414
APP-0402,交叉学科,0.0308,建议不资助,0.9384,64.93,0.04337,regular_review,进入常规人工复核,0,0.01931
APP-0403,管理科学,0.49792,建议不资助,0.00417,42.64,0.08418,expert_review,低置信、高风险或存在偏差审计信号，建议专家重点审查,0,0.24381
APP-0404,生命科学,0.18419,建议不资助,0.63161,82.0,0.08011,expert_review,低置信、高风险或存在偏差审计信号，建议专家重点审查,1,0.24938
APP-0405,交叉学科,0.44561,建议不资助,0.10878,82.14,0.05214,expert_review,低置信、高风险或存在偏差审计信号，建议专家重点审查,0,0.59592
APP-0406,交叉学科,0.14318,建议不资助,0.71364,34.62,0.09219,fast_track,高置信且解释风险较低，可进入快速复核,0,0.11689
APP-0407,信息科学,0.02379,建议不资助,0.95242,24.48,0.03818,fast_track,高置信且解释风险较低，可进入快速复核,0,0.04216
APP-0408,交叉学科,0.22617,建议不资助,0.54766,61.89,0.06339,regular_review,进入常规人工复核,0,0.40622
APP-0409,生命科学,0.76771,建议资助,0.53542,45.88,0.08116,regular_review,进入常规人工复核,1,0.72366
APP-0410,交叉学科,0.02313,建议不资助,0.95375,37.2,0.06849,fast_track,高置信且解释风险较低，可进入快速复核,0,0.04839
APP-0411,工程技术,0.03346,建议不资助,0.93308,54.46,0.05386,fast_track,高置信且解释风险较低，可进入快速复核,0,0.03173
APP-0412,工程技术,0.76273,建议资助,0.52546,70.43,0.04802,regular_review,进入常规人工复核,1,0.77317
APP-0413,生命科学,0.38185,建议不资助,0.23631,76.69,0.1115,expert_review,低置信、高风险或存在偏差审计信号，建议专家重点审查,1,0.30318
APP-0414,交叉学科,0.08078,建议不资助,0.83844,60.87,0.0311,regular_review,进入常规人工复核,0,0.08365
APP-0415,生命科学,0.56562,建议资助,0.13124,5.35,0.04176,expert_review,低置信、高风险或存在偏差审计信号，建议专家重点审查,0,0.38484
APP-0416,信息科学,0.19048,建议不资助,0.61904,69.09,0.07263,regular_review,进入常规人工复核,1,0.49773
APP-0417,生命科学,0.20456,建议不资助,0.59088,33.88,0.04364,regular_review,进入常规人工复核,0,0.25792
APP-0418,管理科学,0.59075,建议资助,0.1815,56.17,0.06211,expert_review,低置信、高风险或存在偏差审计信号，建议专家重点审查,0,0.66585
APP-0419,生命科学,0.1946,建议不资助,0.6108,47.56,0.04184,regular_review,进入常规人工复核,0,0.22003
APP-0420,交叉学科,0.28316,建议不资助,0.43369,100.0,0.08019,expert_review,低置信、高风险或存在偏差审计信号，建议专家重点审查,1,0.05128
APP-0421,工程技术,0.08019,建议不资助,0.83962,91.16,0.05497,expert_review,低置信、高风险或存在偏差审计信号，建议专家重点审查,0,0.05044
APP-0422,生命科学,0.21486,建议不资助,0.57027,40.81,0.07145,regular_review,进入常规人工复核,0,0.27367
APP-0423,生命科学,0.1351,建议不资助,0.72981,23.11,0.03839,fast_track,高置信且解释风险较低，可进入快速复核,0,0.16528
APP-0424,生命科学,0.32871,建议不资助,0.34259,24.67,0.04293,expert_review,低置信、高风险或存在偏差审计信号，建议专家重点审查,0,0.15435
APP-0425,工程技术,0.31497,建议不资助,0.37006,55.43,0.07704,regular_review,进入常规人工复核,0,0.42847
APP-0426,管理科学,0.13199,建议不资助,0.73602,54.65,0.06441,fast_track,高置信且解释风险较低，可进入快速复核,0,0.18226
APP-0427,信息科学,0.11191,建议不资助,0.77618,42.55,0.0738,fast_track,高置信且解释风险较低，可进入快速复核,0,0.08754
APP-0428,交叉学科,0.81998,建议资助,0.63996,42.31,0.04901,regular_review,进入常规人工复核,1,0.79226
APP-0429,生命科学,0.48756,建议不资助,0.02489,65.34,0.06213,expert_review,低置信、高风险或存在偏差审计信号，建议专家重点审查,0,0.77495
APP-0430,管理科学,0.03795,建议不资助,0.92411,48.43,0.05324,fast_track,高置信且解释风险较低，可进入快速复核,0,0.03394
APP-0431,交叉学科,0.38702,建议不资助,0.22597,40.35,0.04151,expert_review,低置信、高风险或存在偏差审计信号，建议专家重点审查,0,0.36255
APP-0432,管理科学,0.2094,建议不资助,0.5812,42.86,0.05656,regular_review,进入常规人工复核,0,0.09315
APP-0433,管理科学,0.1615,建议不资助,0.677,46.76,0.06545,fast_track,高置信且解释风险较低，可进入快速复核,1,0.32726
APP-0434,交叉学科,0.1992,建议不资助,0.6016,54.45,0.06299,regular_review,进入常规人工复核,0,0.32222
APP-0435,生命科学,0.25743,建议不资助,0.48513,55.63,0.08774,regular_review,进入常规人工复核,0,0.36624
APP-0436,生命科学,0.02947,建议不资助,0.94107,17.03,0.04114,fast_track,高置信且解释风险较低，可进入快速复核,0,0.06256
APP-0437,生命科学,0.12637,建议不资助,0.74726,65.02,0.03316,regular_review,进入常规人工复核,0,0.11292
APP-0438,工程技术,0.46373,建议不资助,0.07254,42.76,0.051,expert_review,低置信、高风险或存在偏差审计信号，建议专家重点审查,1,0.59872
APP-0439,管理科学,0.03245,建议不资助,0.9351,29.72,0.05469,fast_track,高置信且解释风险较低，可进入快速复核,0,0.04725
APP-0440,工程技术,0.18515,建议不资助,0.62969,42.55,0.05381,regular_review,进入常规人工复核,0,0.16386
APP-0441,交叉学科,0.10892,建议不资助,0.78216,73.12,0.06332,regular_review,进入常规人工复核,0,0.17294
APP-0442,生命科学,0.25535,建议不资助,0.48931,61.95,0.03778,regular_review,进入常规人工复核,1,0.213
APP-0443,管理科学,0.25831,建议不资助,0.48337,51.94,0.07906,regular_review,进入常规人工复核,0,0.19987
APP-0444,生命科学,0.18555,建议不资助,0.62891,32.06,0.06579,regular_review,进入常规人工复核,0,0.0358
APP-0445,信息科学,0.51751,建议资助,0.03501,38.66,0.12027,expert_review,低置信、高风险或存在偏差审计信号，建议专家重点审查,1,0.73055
APP-0446,管理科学,0.12232,建议不资助,0.75536,31.16,0.0701,fast_track,高置信且解释风险较低，可进入快速复核,0,0.1072
APP-0447,交叉学科,0.1803,建议不资助,0.63939,50.24,0.0874,regular_review,进入常规人工复核,0,0.26674
APP-0448,工程技术,0.30197,建议不资助,0.39607,50.67,0.10559,regular_review,进入常规人工复核,0,0.31194
APP-0449,生命科学,0.21158,建议不资助,0.57684,36.97,0.0537,regular_review,进入常规人工复核,1,0.38709
APP-0450,工程技术,0.35763,建议不资助,0.28474,67.56,0.08488,expert_review,低置信、高风险或存在偏差审计信号，建议专家重点审查,0,0.20169
APP-0451,生命科学,0.22378,建议不资助,0.55244,57.69,0.15315,regular_review,进入常规人工复核,0,0.11996
APP-0452,交叉学科,0.58401,建议资助,0.16801,6.82,0.06017,expert_review,低置信、高风险或存在偏差审计信号，建议专家重点审查,0,0.78889
APP-0453,管理科学,0.18243,建议不资助,0.63515,60.62,0.03677,regular_review,进入常规人工复核,0,0.15929
APP-0454,生命科学,0.38793,建议不资助,0.22413,71.02,0.05496,expert_review,低置信、高风险或存在偏差审计信号，建议专家重点审查,0,0.1351
APP-0455,生命科学,0.24692,建议不资助,0.50617,54.05,0.08416,regular_review,进入常规人工复核,0,0.18561
APP-0456,生命科学,0.03839,建议不资助,0.92322,61.63,0.0883,regular_review,进入常规人工复核,0,0.12343
APP-0457,交叉学科,0.22757,建议不资助,0.54485,44.73,0.05035,regular_review,进入常规人工复核,0,0.32431
APP-0458,信息科学,0.04571,建议不资助,0.90859,48.69,0.04258,fast_track,高置信且解释风险较低，可进入快速复核,0,0.04345
APP-0459,管理科学,0.10743,建议不资助,0.78515,49.11,0.04963,fast_track,高置信且解释风险较低，可进入快速复核,0,0.13666
APP-0460,工程技术,0.5182,建议资助,0.0364,53.68,0.04651,expert_review,低置信、高风险或存在偏差审计信号，建议专家重点审查,1,0.61501
APP-0461,工程技术,0.21155,建议不资助,0.5769,38.42,0.04998,regular_review,进入常规人工复核,0,0.04676
APP-0462,生命科学,0.02844,建议不资助,0.94311,71.85,0.04973,regular_review,进入常规人工复核,0,0.01556
APP-0463,交叉学科,0.14367,建议不资助,0.71266,78.9,0.03081,regular_review,进入常规人工复核,0,0.20429
APP-0464,信息科学,0.25485,建议不资助,0.4903,39.38,0.0687,regular_review,进入常规人工复核,0,0.09372
APP-0465,工程技术,0.23033,建议不资助,0.53935,26.63,0.0592,regular_review,进入常规人工复核,1,0.163
APP-0466,管理科学,0.56891,建议资助,0.13781,33.02,0.05298,expert_review,低置信、高风险或存在偏差审计信号，建议专家重点审查,0,0.43016
APP-0467,工程技术,0.21532,建议不资助,0.56936,58.1,0.03706,regular_review,进入常规人工复核,0,0.17085
APP-0468,交叉学科,0.13123,建议不资助,0.73755,61.76,0.09077,regular_review,进入常规人工复核,1,0.20065
APP-0469,生命科学,0.21695,建议不资助,0.5661,65.78,0.03607,regular_review,进入常规人工复核,0,0.24065
APP-0470,工程技术,0.41269,建议不资助,0.17463,59.9,0.06642,expert_review,低置信、高风险或存在偏差审计信号，建议专家重点审查,1,0.19378
APP-0471,信息科学,0.26901,建议不资助,0.46197,38.63,0.05686,regular_review,进入常规人工复核,1,0.0345
APP-0472,工程技术,0.3798,建议不资助,0.2404,10.2,0.08956,expert_review,低置信、高风险或存在偏差审计信号，建议专家重点审查,1,0.66798
APP-0473,生命科学,0.28566,建议不资助,0.42868,40.05,0.04691,regular_review,进入常规人工复核,0,0.39622
APP-0474,生命科学,0.4727,建议不资助,0.05459,83.08,0.03819,expert_review,低置信、高风险或存在偏差审计信号，建议专家重点审查,1,0.49711
APP-0475,信息科学,0.04121,建议不资助,0.91757,67.94,0.05167,regular_review,进入常规人工复核,0,0.14893
APP-0476,信息科学,0.1263,建议不资助,0.74739,58.49,0.07946,fast_track,高置信且解释风险较低，可进入快速复核,0,0.18641
APP-0477,信息科学,0.26692,建议不资助,0.46615,68.09,0.0552,regular_review,进入常规人工复核,0,0.16641
APP-0478,工程技术,0.0373,建议不资助,0.92539,33.2,0.07526,fast_track,高置信且解释风险较低，可进入快速复核,0,0.02664
APP-0479,工程技术,0.47775,建议不资助,0.0445,54.58,0.04433,expert_review,低置信、高风险或存在偏差审计信号，建议专家重点审查,1,0.46192
APP-0480,信息科学,0.07171,建议不资助,0.85657,60.24,0.06071,regular_review,进入常规人工复核,0,0.006
APP-0481,信息科学,0.28756,建议不资助,0.42488,45.54,0.05459,regular_review,进入常规人工复核,0,0.27001
APP-0482,生命科学,0.09868,建议不资助,0.80265,57.28,0.09621,fast_track,高置信且解释风险较低，可进入快速复核,0,0.03498
APP-0483,工程技术,0.61515,建议资助,0.23029,78.65,0.06289,expert_review,低置信、高风险或存在偏差审计信号，建议专家重点审查,1,0.39572
APP-0484,信息科学,0.09756,建议不资助,0.80488,41.99,0.06058,fast_track,高置信且解释风险较低，可进入快速复核,0,0.06911
APP-0485,生命科学,0.32818,建议不资助,0.34364,17.94,0.04083,expert_review,低置信、高风险或存在偏差审计信号，建议专家重点审查,0,0.67177
APP-0486,信息科学,0.04998,建议不资助,0.90005,53.45,0.07457,fast_track,高置信且解释风险较低，可进入快速复核,0,0.05864
APP-0487,工程技术,0.48234,建议不资助,0.03532,36.87,0.06372,expert_review,低置信、高风险或存在偏差审计信号，建议专家重点审查,1,0.56187
APP-0488,信息科学,0.17121,建议不资助,0.65759,53.62,0.05603,fast_track,高置信且解释风险较低，可进入快速复核,0,0.21367
APP-0489,工程技术,0.07646,建议不资助,0.84708,42.95,0.04717,fast_track,高置信且解释风险较低，可进入快速复核,0,0.18224
APP-0490,工程技术,0.10535,建议不资助,0.7893,55.59,0.06792,fast_track,高置信且解释风险较低，可进入快速复核,0,0.12895
APP-0491,管理科学,0.24219,建议不资助,0.51561,78.57,0.07013,regular_review,进入常规人工复核,1,0.17396
APP-0492,工程技术,0.23012,建议不资助,0.53975,59.2,0.04074,regular_review,进入常规人工复核,0,0.0827
APP-0493,工程技术,0.27998,建议不资助,0.44004,17.02,0.05581,regular_review,进入常规人工复核,1,0.19731
APP-0494,信息科学,0.15229,建议不资助,0.69541,63.9,0.06355,regular_review,进入常规人工复核,0,0.44287
APP-0495,管理科学,0.31702,建议不资助,0.36596,50.4,0.07613,regular_review,进入常规人工复核,1,0.15355
APP-0496,工程技术,0.31506,建议不资助,0.36987,54.26,0.05224,regular_review,进入常规人工复核,1,0.38018
APP-0497,信息科学,0.10097,建议不资助,0.79806,69.46,0.05494,regular_review,进入常规人工复核,0,0.20689
APP-0498,工程技术,0.07725,建议不资助,0.84549,39.5,0.05656,fast_track,高置信且解释风险较低，可进入快速复核,0,0.08305
APP-0499,信息科学,0.62561,建议资助,0.25122,48.65,0.05564,expert_review,低置信、高风险或存在偏差审计信号，建议专家重点审查,1,0.19782
APP-0500,工程技术,0.26608,建议不资助,0.46785,29.41,0.09607,regular_review,进入常规人工复核,0,0.257
APP-0501,管理科学,0.0875,建议不资助,0.825,53.87,0.09858,fast_track,高置信且解释风险较低，可进入快速复核,0,0.09974
APP-0502,交叉学科,0.21055,建议不资助,0.5789,53.34,0.04071,regular_review,进入常规人工复核,0,0.11936
APP-0503,交叉学科,0.10883,建议不资助,0.78234,57.91,0.07671,fast_track,高置信且解释风险较低，可进入快速复核,0,0.2354
APP-0504,工程技术,0.12707,建议不资助,0.74586,64.94,0.05934,regular_review,进入常规人工复核,0,0.0898
APP-0505,工程技术,0.56531,建议资助,0.13063,37.54,0.06004,expert_review,低置信、高风险或存在偏差审计信号，建议专家重点审查,0,0.26884
APP-0506,管理科学,0.46908,建议不资助,0.06184,52.54,0.08514,expert_review,低置信、高风险或存在偏差审计信号，建议专家重点审查,0,0.34187
APP-0507,信息科学,0.11158,建议不资助,0.77685,62.02,0.04656,regular_review,进入常规人工复核,0,0.08141
APP-0508,交叉学科,0.28705,建议不资助,0.4259,39.16,0.12101,regular_review,进入常规人工复核,0,0.13776
APP-0509,工程技术,0.07423,建议不资助,0.85154,23.18,0.04537,fast_track,高置信且解释风险较低，可进入快速复核,1,0.60247
APP-0510,生命科学,0.92459,建议资助,0.84918,19.64,0.02842,fast_track,高置信且解释风险较低，可进入快速复核,1,0.90875
APP-0511,生命科学,0.27598,建议不资助,0.44804,53.11,0.09099,regular_review,进入常规人工复核,0,0.47244
APP-0512,交叉学科,0.2084,建议不资助,0.5832,83.88,0.07568,expert_review,低置信、高风险或存在偏差审计信号，建议专家重点审查,0,0.18705
APP-0513,生命科学,0.10072,建议不资助,0.79855,46.95,0.04948,fast_track,高置信且解释风险较低，可进入快速复核,0,0.11633
APP-0514,信息科学,0.06718,建议不资助,0.86563,59.03,0.0973,fast_track,高置信且解释风险较低，可进入快速复核,0,0.03632
APP-0515,信息科学,0.10051,建议不资助,0.79899,1.49,0.04833,fast_track,高置信且解释风险较低，可进入快速复核,0,0.08053
APP-0516,生命科学,0.10958,建议不资助,0.78083,57.47,0.06239,fast_track,高置信且解释风险较低，可进入快速复核,0,0.0125
APP-0517,信息科学,0.54387,建议资助,0.08774,28.23,0.0596,expert_review,低置信、高风险或存在偏差审计信号，建议专家重点审查,1,0.76363
APP-0518,管理科学,0.29216,建议不资助,0.41567,42.13,0.08448,regular_review,进入常规人工复核,1,0.22786
APP-0519,生命科学,0.46813,建议不资助,0.06375,58.83,0.02933,expert_review,低置信、高风险或存在偏差审计信号，建议专家重点审查,0,0.18668
APP-0520,交叉学科,0.11145,建议不资助,0.7771,16.78,0.06716,fast_track,高置信且解释风险较低，可进入快速复核,1,0.13778
APP-0521,交叉学科,0.24027,建议不资助,0.51947,100.0,0.0276,expert_review,低置信、高风险或存在偏差审计信号，建议专家重点审查,0,0.04335
APP-0522,信息科学,0.39631,建议不资助,0.20739,37.89,0.0736,expert_review,低置信、高风险或存在偏差审计信号，建议专家重点审查,1,0.21387
APP-0523,生命科学,0.7587,建议资助,0.5174,65.82,0.03529,regular_review,进入常规人工复核,1,0.74395
APP-0524,工程技术,0.04402,建议不资助,0.91196,79.85,0.05991,regular_review,进入常规人工复核,0,0.03947
APP-0525,生命科学,0.36302,建议不资助,0.27397,55.86,0.07735,expert_review,低置信、高风险或存在偏差审计信号，建议专家重点审查,0,0.4815
APP-0526,信息科学,0.28154,建议不资助,0.43691,25.45,0.08436,regular_review,进入常规人工复核,0,0.43299
APP-0527,交叉学科,0.72051,建议资助,0.44102,50.97,0.06981,regular_review,进入常规人工复核,1,0.61525
APP-0528,交叉学科,0.27781,建议不资助,0.44437,13.25,0.06208,regular_review,进入常规人工复核,1,0.3716
APP-0529,管理科学,0.6398,建议资助,0.27961,43.38,0.0458,expert_review,低置信、高风险或存在偏差审计信号，建议专家重点审查,1,0.86277
APP-0530,信息科学,0.02579,建议不资助,0.94843,83.54,0.03962,expert_review,低置信、高风险或存在偏差审计信号，建议专家重点审查,0,0.007
APP-0531,管理科学,0.13488,建议不资助,0.73023,21.78,0.0707,fast_track,高置信且解释风险较低，可进入快速复核,0,0.11988
APP-0532,管理科学,0.75215,建议资助,0.50429,44.71,0.03087,regular_review,进入常规人工复核,1,0.73731
APP-0533,信息科学,0.07404,建议不资助,0.85192,87.07,0.0519,expert_review,低置信、高风险或存在偏差审计信号，建议专家重点审查,0,0.01653
APP-0534,工程技术,0.19272,建议不资助,0.61457,46.52,0.06051,regular_review,进入常规人工复核,0,0.14604
APP-0535,生命科学,0.17135,建议不资助,0.65731,32.13,0.08383,fast_track,高置信且解释风险较低，可进入快速复核,0,0.18921
APP-0536,生命科学,0.1899,建议不资助,0.6202,69.76,0.04283,regular_review,进入常规人工复核,0,0.36947
APP-0537,工程技术,0.03976,建议不资助,0.92049,40.62,0.0671,fast_track,高置信且解释风险较低，可进入快速复核,0,0.03158
APP-0538,生命科学,0.2354,建议不资助,0.52921,0.0,0.06133,regular_review,进入常规人工复核,0,0.30644
APP-0539,生命科学,0.42058,建议不资助,0.15883,22.79,0.02619,expert_review,低置信、高风险或存在偏差审计信号，建议专家重点审查,1,0.65852
APP-0540,交叉学科,0.22534,建议不资助,0.54932,100.0,0.04666,expert_review,低置信、高风险或存在偏差审计信号，建议专家重点审查,1,0.32088
APP-0541,交叉学科,0.32056,建议不资助,0.35889,62.85,0.08536,regular_review,进入常规人工复核,0,0.56129
APP-0542,工程技术,0.15761,建议不资助,0.68479,79.27,0.03435,regular_review,进入常规人工复核,0,0.0371
APP-0543,交叉学科,0.1021,建议不资助,0.7958,29.42,0.05567,fast_track,高置信且解释风险较低，可进入快速复核,1,0.10563
APP-0544,交叉学科,0.09496,建议不资助,0.81009,48.9,0.0909,fast_track,高置信且解释风险较低，可进入快速复核,0,0.06394
APP-0545,生命科学,0.06877,建议不资助,0.86245,46.62,0.08241,fast_track,高置信且解释风险较低，可进入快速复核,0,0.07942
APP-0546,信息科学,0.54162,建议资助,0.08324,39.05,0.06756,expert_review,低置信、高风险或存在偏差审计信号，建议专家重点审查,1,0.22962
APP-0547,信息科学,0.10078,建议不资助,0.79845,54.2,0.05544,fast_track,高置信且解释风险较低，可进入快速复核,0,0.05947
APP-0548,生命科学,0.09838,建议不资助,0.80324,27.7,0.04674,fast_track,高置信且解释风险较低，可进入快速复核,0,0.12617
APP-0549,管理科学,0.0612,建议不资助,0.8776,74.19,0.06916,regular_review,进入常规人工复核,0,0.0386
APP-0550,信息科学,0.15613,建议不资助,0.68774,70.06,0.05416,regular_review,进入常规人工复核,0,0.01485
APP-0551,工程技术,0.65253,建议资助,0.30507,56.56,0.0908,expert_review,低置信、高风险或存在偏差审计信号，建议专家重点审查,1,0.81979
APP-0552,生命科学,0.3644,建议不资助,0.2712,52.67,0.09929,expert_review,低置信、高风险或存在偏差审计信号，建议专家重点审查,1,0.28804
APP-0553,生命科学,0.0223,建议不资助,0.9554,43.95,0.03174,fast_track,高置信且解释风险较低，可进入快速复核,0,0.26262
APP-0554,交叉学科,0.2569,建议不资助,0.48619,15.53,0.09107,regular_review,进入常规人工复核,1,0.57637
APP-0555,生命科学,0.46789,建议不资助,0.06422,30.19,0.04869,expert_review,低置信、高风险或存在偏差审计信号，建议专家重点审查,0,0.3348
APP-0556,信息科学,0.01177,建议不资助,0.97646,46.4,0.02514,fast_track,高置信且解释风险较低，可进入快速复核,0,0.12061
APP-0557,信息科学,0.81582,建议资助,0.63165,41.11,0.07909,regular_review,进入常规人工复核,1,0.92941
APP-0558,工程技术,0.18579,建议不资助,0.62842,71.42,0.05067,regular_review,进入常规人工复核,0,0.03837
APP-0559,工程技术,0.37595,建议不资助,0.2481,74.29,0.07639,expert_review,低置信、高风险或存在偏差审计信号，建议专家重点审查,1,0.7682
APP-0560,工程技术,0.1426,建议不资助,0.71479,38.8,0.07198,fast_track,高置信且解释风险较低，可进入快速复核,0,0.08384
APP-0561,生命科学,0.35818,建议不资助,0.28363,30.86,0.10034,expert_review,低置信、高风险或存在偏差审计信号，建议专家重点审查,1,0.47067
APP-0562,信息科学,0.1829,建议不资助,0.63419,65.1,0.08042,regular_review,进入常规人工复核,0,0.20125
APP-0563,交叉学科,0.45127,建议不资助,0.09746,64.3,0.05437,expert_review,低置信、高风险或存在偏差审计信号，建议专家重点审查,0,0.2417
APP-0564,工程技术,0.18729,建议不资助,0.62542,50.01,0.0516,regular_review,进入常规人工复核,1,0.1676
APP-0565,工程技术,0.1981,建议不资助,0.60379,27.16,0.05719,regular_review,进入常规人工复核,0,0.11713
APP-0566,工程技术,0.76961,建议资助,0.53922,43.08,0.05899,regular_review,进入常规人工复核,1,0.15668
APP-0567,管理科学,0.15667,建议不资助,0.68667,57.84,0.05099,fast_track,高置信且解释风险较低，可进入快速复核,0,0.22494
APP-0568,生命科学,0.04172,建议不资助,0.91657,79.82,0.0482,regular_review,进入常规人工复核,0,0.00981
APP-0569,信息科学,0.11146,建议不资助,0.77708,45.76,0.06153,fast_track,高置信且解释风险较低，可进入快速复核,1,0.0794
APP-0570,工程技术,0.57265,建议资助,0.14529,33.34,0.0363,expert_review,低置信、高风险或存在偏差审计信号，建议专家重点审查,1,0.87891
APP-0571,信息科学,0.02281,建议不资助,0.95438,95.93,0.05687,expert_review,低置信、高风险或存在偏差审计信号，建议专家重点审查,0,0.06707
APP-0572,交叉学科,0.13261,建议不资助,0.73478,42.56,0.06181,fast_track,高置信且解释风险较低，可进入快速复核,0,0.13355
APP-0573,工程技术,0.18452,建议不资助,0.63095,34.12,0.08239,regular_review,进入常规人工复核,0,0.02535
APP-0574,管理科学,0.35141,建议不资助,0.29718,41.85,0.0899,expert_review,低置信、高风险或存在偏差审计信号，建议专家重点审查,0,0.17695
APP-0575,交叉学科,0.14999,建议不资助,0.70002,40.86,0.04331,fast_track,高置信且解释风险较低，可进入快速复核,0,0.2964
APP-0576,工程技术,0.46487,建议不资助,0.07027,93.84,0.03552,expert_review,低置信、高风险或存在偏差审计信号，建议专家重点审查,1,0.74556
APP-0577,交叉学科,0.12736,建议不资助,0.74528,16.53,0.08998,fast_track,高置信且解释风险较低，可进入快速复核,1,0.64235
APP-0578,工程技术,0.12473,建议不资助,0.75055,61.89,0.07985,regular_review,进入常规人工复核,0,0.01947
APP-0579,交叉学科,0.2355,建议不资助,0.529,49.28,0.07789,regular_review,进入常规人工复核,0,0.11528
APP-0580,信息科学,0.40264,建议不资助,0.19473,50.06,0.06637,expert_review,低置信、高风险或存在偏差审计信号，建议专家重点审查,0,0.05979
APP-0581,工程技术,0.08885,建议不资助,0.8223,43.28,0.06366,fast_track,高置信且解释风险较低，可进入快速复核,0,0.08544
APP-0582,工程技术,0.42785,建议不资助,0.14429,56.29,0.06307,expert_review,低置信、高风险或存在偏差审计信号，建议专家重点审查,1,0.34536
APP-0583,生命科学,0.28208,建议不资助,0.43585,51.76,0.05179,regular_review,进入常规人工复核,1,0.28065
APP-0584,信息科学,0.17944,建议不资助,0.64113,40.97,0.05585,regular_review,进入常规人工复核,0,0.33352
APP-0585,交叉学科,0.01448,建议不资助,0.97104,61.17,0.02896,regular_review,进入常规人工复核,0,0.01289
APP-0586,工程技术,0.3132,建议不资助,0.37359,33.81,0.04694,regular_review,进入常规人工复核,0,0.68247
APP-0587,生命科学,0.12748,建议不资助,0.74504,93.64,0.05979,expert_review,低置信、高风险或存在偏差审计信号，建议专家重点审查,0,0.07413
APP-0588,信息科学,0.02899,建议不资助,0.94203,70.19,0.0501,regular_review,进入常规人工复核,0,0.07427
APP-0589,生命科学,0.17973,建议不资助,0.64053,59.77,0.02866,regular_review,进入常规人工复核,0,0.09094
APP-0590,生命科学,0.15013,建议不资助,0.69973,41.12,0.0465,fast_track,高置信且解释风险较低，可进入快速复核,1,0.09874
APP-0591,交叉学科,0.36449,建议不资助,0.27103,75.19,0.05836,expert_review,低置信、高风险或存在偏差审计信号，建议专家重点审查,0,0.2822
APP-0592,信息科学,0.64015,建议资助,0.2803,55.99,0.12047,expert_review,低置信、高风险或存在偏差审计信号，建议专家重点审查,1,0.58474
APP-0593,信息科学,0.37796,建议不资助,0.24409,52.38,0.04728,expert_review,低置信、高风险或存在偏差审计信号，建议专家重点审查,1,0.37561
APP-0594,工程技术,0.45189,建议不资助,0.09622,39.34,0.08074,expert_review,低置信、高风险或存在偏差审计信号，建议专家重点审查,1,0.53599
APP-0595,生命科学,0.53331,建议资助,0.06663,55.49,0.0586,expert_review,低置信、高风险或存在偏差审计信号，建议专家重点审查,1,0.20478
APP-0596,信息科学,0.11691,建议不资助,0.76618,83.67,0.06761,expert_review,低置信、高风险或存在偏差审计信号，建议专家重点审查,0,0.04792
APP-0597,管理科学,0.39535,建议不资助,0.2093,57.9,0.08771,expert_review,低置信、高风险或存在偏差审计信号，建议专家重点审查,1,0.69101
APP-0598,工程技术,0.32525,建议不资助,0.3495,56.88,0.05392,expert_review,低置信、高风险或存在偏差审计信号，建议专家重点审查,1,0.5617
APP-0599,交叉学科,0.2394,建议不资助,0.52121,51.98,0.08292,regular_review,进入常规人工复核,0,0.23563
APP-0600,工程技术,0.55923,建议资助,0.11847,50.88,0.06889,expert_review,低置信、高风险或存在偏差审计信号，建议专家重点审查,1,0.63972
APP-0601,工程技术,0.51315,建议资助,0.0263,39.06,0.04234,expert_review,低置信、高风险或存在偏差审计信号，建议专家重点审查,0,0.53081
APP-0602,管理科学,0.11588,建议不资助,0.76824,35.18,0.07864,fast_track,高置信且解释风险较低，可进入快速复核,0,0.05711
APP-0603,交叉学科,0.07388,建议不资助,0.85223,65.87,0.05241,regular_review,进入常规人工复核,1,0.12088
APP-0604,管理科学,0.3447,建议不资助,0.3106,89.09,0.09173,expert_review,低置信、高风险或存在偏差审计信号，建议专家重点审查,0,0.11925
APP-0605,交叉学科,0.07105,建议不资助,0.85789,95.32,0.02948,expert_review,低置信、高风险或存在偏差审计信号，建议专家重点审查,0,0.10159
APP-0606,管理科学,0.39079,建议不资助,0.21841,71.5,0.05314,expert_review,低置信、高风险或存在偏差审计信号，建议专家重点审查,1,0.69351
APP-0607,交叉学科,0.05502,建议不资助,0.88996,52.33,0.04326,fast_track,高置信且解释风险较低，可进入快速复核,0,0.14211
APP-0608,生命科学,0.14599,建议不资助,0.70802,68.04,0.09366,regular_review,进入常规人工复核,0,0.03848
APP-0609,管理科学,0.86896,建议资助,0.73793,31.84,0.05393,fast_track,高置信且解释风险较低，可进入快速复核,1,0.86447
APP-0610,信息科学,0.61255,建议资助,0.22511,62.85,0.06928,expert_review,低置信、高风险或存在偏差审计信号，建议专家重点审查,1,0.3996
APP-0611,工程技术,0.18603,建议不资助,0.62793,70.78,0.03544,regular_review,进入常规人工复核,0,0.16053
APP-0612,工程技术,0.03244,建议不资助,0.93512,70.48,0.0539,regular_review,进入常规人工复核,0,0.05125
APP-0613,交叉学科,0.04872,建议不资助,0.90256,83.35,0.04687,expert_review,低置信、高风险或存在偏差审计信号，建议专家重点审查,0,0.13144
APP-0614,交叉学科,0.34188,建议不资助,0.31623,38.03,0.04279,expert_review,低置信、高风险或存在偏差审计信号，建议专家重点审查,0,0.32466
APP-0615,信息科学,0.0604,建议不资助,0.87921,40.15,0.04512,fast_track,高置信且解释风险较低，可进入快速复核,0,0.01479
APP-0616,管理科学,0.30151,建议不资助,0.39698,45.7,0.04249,regular_review,进入常规人工复核,0,0.19995
APP-0617,管理科学,0.20846,建议不资助,0.58309,27.69,0.0659,regular_review,进入常规人工复核,0,0.29979
APP-0618,信息科学,0.33489,建议不资助,0.33022,60.77,0.06263,expert_review,低置信、高风险或存在偏差审计信号，建议专家重点审查,0,0.18527
APP-0619,生命科学,0.69114,建议资助,0.38227,66.55,0.05118,regular_review,进入常规人工复核,1,0.86641
APP-0620,生命科学,0.46556,建议不资助,0.06888,61.23,0.07359,expert_review,低置信、高风险或存在偏差审计信号，建议专家重点审查,0,0.15494
APP-0621,管理科学,0.37335,建议不资助,0.25329,52.99,0.11593,expert_review,低置信、高风险或存在偏差审计信号，建议专家重点审查,1,0.57382
APP-0622,工程技术,0.19905,建议不资助,0.60191,81.14,0.05233,expert_review,低置信、高风险或存在偏差审计信号，建议专家重点审查,1,0.49647
APP-0623,交叉学科,0.0794,建议不资助,0.8412,61.5,0.06445,regular_review,进入常规人工复核,0,0.03484
APP-0624,工程技术,0.20333,建议不资助,0.59335,37.95,0.07159,regular_review,进入常规人工复核,0,0.11056
APP-0625,交叉学科,0.23653,建议不资助,0.52695,0.0,0.06008,regular_review,进入常规人工复核,0,0.28694
APP-0626,信息科学,0.38653,建议不资助,0.22695,43.38,0.08314,expert_review,低置信、高风险或存在偏差审计信号，建议专家重点审查,0,0.41347
APP-0627,管理科学,0.10733,建议不资助,0.78535,50.78,0.08122,fast_track,高置信且解释风险较低，可进入快速复核,0,0.10103
APP-0628,生命科学,0.02037,建议不资助,0.95926,50.95,0.04976,fast_track,高置信且解释风险较低，可进入快速复核,0,0.03667
APP-0629,工程技术,0.14629,建议不资助,0.70741,56.47,0.07093,fast_track,高置信且解释风险较低，可进入快速复核,0,0.02977
APP-0630,管理科学,0.25477,建议不资助,0.49046,39.26,0.06942,regular_review,进入常规人工复核,1,0.19657
APP-0631,交叉学科,0.12856,建议不资助,0.74287,52.36,0.08356,fast_track,高置信且解释风险较低，可进入快速复核,0,0.07549
APP-0632,交叉学科,0.52894,建议资助,0.05788,29.34,0.04462,expert_review,低置信、高风险或存在偏差审计信号，建议专家重点审查,1,0.60376
APP-0633,生命科学,0.03927,建议不资助,0.92145,58.7,0.07859,fast_track,高置信且解释风险较低，可进入快速复核,0,0.03513
APP-0634,信息科学,0.21075,建议不资助,0.5785,71.77,0.08351,regular_review,进入常规人工复核,0,0.1748
APP-0635,生命科学,0.68593,建议资助,0.37186,41.36,0.02882,regular_review,进入常规人工复核,1,0.6347
APP-0636,生命科学,0.07844,建议不资助,0.84313,48.77,0.04384,fast_track,高置信且解释风险较低，可进入快速复核,0,0.06643
APP-0637,工程技术,0.4313,建议不资助,0.13739,65.77,0.05551,expert_review,低置信、高风险或存在偏差审计信号，建议专家重点审查,0,0.49984
APP-0638,管理科学,0.19178,建议不资助,0.61645,46.22,0.03641,regular_review,进入常规人工复核,0,0.08835
APP-0639,管理科学,0.05692,建议不资助,0.88617,64.32,0.03261,regular_review,进入常规人工复核,0,0.05775
APP-0640,交叉学科,0.4148,建议不资助,0.1704,71.0,0.07245,expert_review,低置信、高风险或存在偏差审计信号，建议专家重点审查,0,0.36487
APP-0641,管理科学,0.43798,建议不资助,0.12404,57.89,0.07266,expert_review,低置信、高风险或存在偏差审计信号，建议专家重点审查,0,0.65473
APP-0642,管理科学,0.23738,建议不资助,0.52524,48.14,0.07568,regular_review,进入常规人工复核,0,0.379
APP-0643,生命科学,0.19466,建议不资助,0.61068,76.3,0.04524,regular_review,进入常规人工复核,1,0.32384
APP-0644,信息科学,0.3316,建议不资助,0.33679,55.46,0.07427,expert_review,低置信、高风险或存在偏差审计信号，建议专家重点审查,0,0.27462
APP-0645,工程技术,0.10397,建议不资助,0.79207,62.59,0.06976,regular_review,进入常规人工复核,0,0.14546
APP-0646,交叉学科,0.1484,建议不资助,0.7032,60.3,0.10113,regular_review,进入常规人工复核,0,0.06043
APP-0647,生命科学,0.04551,建议不资助,0.90898,53.18,0.04696,fast_track,高置信且解释风险较低，可进入快速复核,0,0.00767
APP-0648,工程技术,0.21009,建议不资助,0.57981,45.52,0.09609,regular_review,进入常规人工复核,0,0.07556
APP-0649,工程技术,0.51899,建议资助,0.03798,47.05,0.03838,expert_review,低置信、高风险或存在偏差审计信号，建议专家重点审查,1,0.52197
APP-0650,生命科学,0.2642,建议不资助,0.47159,56.44,0.07816,regular_review,进入常规人工复核,0,0.65322
APP-0651,信息科学,0.10526,建议不资助,0.78947,53.94,0.04334,fast_track,高置信且解释风险较低，可进入快速复核,0,0.0229
APP-0652,交叉学科,0.51583,建议资助,0.03167,10.55,0.04175,expert_review,低置信、高风险或存在偏差审计信号，建议专家重点审查,1,0.72994
APP-0653,工程技术,0.11006,建议不资助,0.77988,48.04,0.04118,fast_track,高置信且解释风险较低，可进入快速复核,0,0.14742
APP-0654,信息科学,0.27949,建议不资助,0.44101,14.7,0.0468,regular_review,进入常规人工复核,0,0.3519
APP-0655,交叉学科,0.17852,建议不资助,0.64295,41.87,0.0322,regular_review,进入常规人工复核,0,0.17401
APP-0656,信息科学,0.01276,建议不资助,0.97448,56.76,0.065,fast_track,高置信且解释风险较低，可进入快速复核,0,0.01065
APP-0657,交叉学科,0.16929,建议不资助,0.66142,43.45,0.07529,fast_track,高置信且解释风险较低，可进入快速复核,0,0.1788
APP-0658,信息科学,0.11501,建议不资助,0.76998,64.06,0.06711,regular_review,进入常规人工复核,0,0.22573
APP-0659,工程技术,0.0176,建议不资助,0.96479,56.95,0.07324,fast_track,高置信且解释风险较低，可进入快速复核,0,0.00278
APP-0660,信息科学,0.07169,建议不资助,0.85662,6.88,0.05925,fast_track,高置信且解释风险较低，可进入快速复核,0,0.13693
APP-0661,信息科学,0.03807,建议不资助,0.92386,73.96,0.04798,regular_review,进入常规人工复核,0,0.06296
APP-0662,交叉学科,0.00894,建议不资助,0.98211,54.99,0.04576,fast_track,高置信且解释风险较低，可进入快速复核,0,0.00254
APP-0663,生命科学,0.07551,建议不资助,0.84899,38.62,0.08607,fast_track,高置信且解释风险较低，可进入快速复核,0,0.06611
APP-0664,生命科学,0.51252,建议资助,0.02503,40.6,0.07301,expert_review,低置信、高风险或存在偏差审计信号，建议专家重点审查,1,0.78043
APP-0665,信息科学,0.32935,建议不资助,0.34131,8.31,0.07671,expert_review,低置信、高风险或存在偏差审计信号，建议专家重点审查,0,0.36994
APP-0666,管理科学,0.29951,建议不资助,0.40098,54.36,0.08355,regular_review,进入常规人工复核,0,0.40224
APP-0667,管理科学,0.14844,建议不资助,0.70311,63.02,0.06432,regular_review,进入常规人工复核,0,0.09869
APP-0668,交叉学科,0.25084,建议不资助,0.49832,38.91,0.09756,regular_review,进入常规人工复核,0,0.29629
APP-0669,信息科学,0.21871,建议不资助,0.56259,31.9,0.0449,regular_review,进入常规人工复核,0,0.08365
APP-0670,信息科学,0.10982,建议不资助,0.78036,52.81,0.03678,fast_track,高置信且解释风险较低，可进入快速复核,0,0.24021
APP-0671,生命科学,0.07679,建议不资助,0.84643,73.89,0.07012,regular_review,进入常规人工复核,0,0.06043
APP-0672,工程技术,0.61986,建议资助,0.23972,71.82,0.0671,expert_review,低置信、高风险或存在偏差审计信号，建议专家重点审查,0,0.59329
APP-0673,交叉学科,0.15534,建议不资助,0.68931,79.66,0.03818,regular_review,进入常规人工复核,0,0.14872
APP-0674,管理科学,0.06619,建议不资助,0.86762,90.4,0.0493,expert_review,低置信、高风险或存在偏差审计信号，建议专家重点审查,0,0.03521
APP-0675,工程技术,0.0946,建议不资助,0.8108,68.49,0.061,regular_review,进入常规人工复核,0,0.13874
APP-0676,信息科学,0.13466,建议不资助,0.73067,73.13,0.05532,regular_review,进入常规人工复核,0,0.04702
APP-0677,交叉学科,0.54671,建议资助,0.09341,51.74,0.06786,expert_review,低置信、高风险或存在偏差审计信号，建议专家重点审查,1,0.45976
APP-0678,工程技术,0.14763,建议不资助,0.70473,43.07,0.09443,fast_track,高置信且解释风险较低，可进入快速复核,0,0.14995
APP-0679,生命科学,0.06737,建议不资助,0.86526,72.69,0.08402,regular_review,进入常规人工复核,0,0.06726
APP-0680,信息科学,0.14931,建议不资助,0.70137,30.38,0.08726,fast_track,高置信且解释风险较低，可进入快速复核,1,0.38696
APP-0681,生命科学,0.28244,建议不资助,0.43512,67.08,0.0346,regular_review,进入常规人工复核,0,0.11569
APP-0682,生命科学,0.66524,建议资助,0.33049,52.44,0.08343,expert_review,低置信、高风险或存在偏差审计信号，建议专家重点审查,1,0.7123
APP-0683,生命科学,0.26857,建议不资助,0.46287,56.79,0.09971,regular_review,进入常规人工复核,1,0.1992
APP-0684,信息科学,0.11696,建议不资助,0.76608,55.36,0.05369,fast_track,高置信且解释风险较低，可进入快速复核,0,0.24652
APP-0685,工程技术,0.08779,建议不资助,0.82442,69.24,0.04322,regular_review,进入常规人工复核,0,0.04633
APP-0686,信息科学,0.14605,建议不资助,0.70789,49.65,0.08319,fast_track,高置信且解释风险较低，可进入快速复核,0,0.16666
APP-0687,信息科学,0.02398,建议不资助,0.95205,60.65,0.06432,regular_review,进入常规人工复核,0,0.02771
APP-0688,交叉学科,0.41382,建议不资助,0.17236,63.86,0.09521,expert_review,低置信、高风险或存在偏差审计信号，建议专家重点审查,0,0.06615
APP-0689,管理科学,0.06346,建议不资助,0.87307,22.02,0.0429,fast_track,高置信且解释风险较低，可进入快速复核,0,0.03079
APP-0690,工程技术,0.45157,建议不资助,0.09686,49.09,0.08213,expert_review,低置信、高风险或存在偏差审计信号，建议专家重点审查,0,0.31633
APP-0691,信息科学,0.11653,建议不资助,0.76695,41.64,0.05795,fast_track,高置信且解释风险较低，可进入快速复核,0,0.03625
APP-0692,交叉学科,0.33401,建议不资助,0.33197,53.88,0.04407,expert_review,低置信、高风险或存在偏差审计信号，建议专家重点审查,1,0.38895
APP-0693,信息科学,0.59285,建议资助,0.1857,41.68,0.02744,expert_review,低置信、高风险或存在偏差审计信号，建议专家重点审查,1,0.49536
APP-0694,信息科学,0.09432,建议不资助,0.81136,75.5,0.05702,regular_review,进入常规人工复核,0,0.02208
APP-0695,交叉学科,0.27648,建议不资助,0.44704,48.63,0.03914,regular_review,进入常规人工复核,1,0.17437
APP-0696,工程技术,0.07543,建议不资助,0.84915,69.73,0.07143,regular_review,进入常规人工复核,0,0.04911
APP-0697,管理科学,0.02833,建议不资助,0.94333,30.96,0.04727,fast_track,高置信且解释风险较低，可进入快速复核,0,0.28394
APP-0698,工程技术,0.09761,建议不资助,0.80478,44.39,0.04561,fast_track,高置信且解释风险较低，可进入快速复核,0,0.21985
APP-0699,工程技术,0.84501,建议资助,0.69002,44.08,0.05345,fast_track,高置信且解释风险较低，可进入快速复核,1,0.55038
APP-0700,信息科学,0.11922,建议不资助,0.76155,57.87,0.0578,fast_track,高置信且解释风险较低，可进入快速复核,0,0.05988
APP-0701,信息科学,0.22313,建议不资助,0.55374,26.3,0.08584,regular_review,进入常规人工复核,0,0.3774
APP-0702,信息科学,0.32731,建议不资助,0.34537,15.82,0.06408,expert_review,低置信、高风险或存在偏差审计信号，建议专家重点审查,0,0.35417
APP-0703,生命科学,0.34683,建议不资助,0.30635,47.63,0.10145,expert_review,低置信、高风险或存在偏差审计信号，建议专家重点审查,0,0.15822
APP-0704,交叉学科,0.33629,建议不资助,0.32742,61.22,0.06905,expert_review,低置信、高风险或存在偏差审计信号，建议专家重点审查,1,0.18867
APP-0705,信息科学,0.08385,建议不资助,0.83231,33.81,0.06613,fast_track,高置信且解释风险较低，可进入快速复核,0,0.07885
APP-0706,工程技术,0.00861,建议不资助,0.98278,55.31,0.02659,fast_track,高置信且解释风险较低，可进入快速复核,0,0.01743
APP-0707,管理科学,0.35091,建议不资助,0.29817,37.05,0.04498,expert_review,低置信、高风险或存在偏差审计信号，建议专家重点审查,0,0.16996
APP-0708,管理科学,0.12679,建议不资助,0.74642,19.31,0.04464,fast_track,高置信且解释风险较低，可进入快速复核,0,0.11569
APP-0709,信息科学,0.03386,建议不资助,0.93227,67.04,0.0543,regular_review,进入常规人工复核,0,0.00975
APP-0710,工程技术,0.02432,建议不资助,0.95136,62.99,0.05674,regular_review,进入常规人工复核,0,0.00484
APP-0711,交叉学科,0.44393,建议不资助,0.11213,49.2,0.14434,expert_review,低置信、高风险或存在偏差审计信号，建议专家重点审查,0,0.45711
APP-0712,工程技术,0.52353,建议资助,0.04705,59.12,0.03742,expert_review,低置信、高风险或存在偏差审计信号，建议专家重点审查,1,0.39889
APP-0713,管理科学,0.3796,建议不资助,0.24081,50.79,0.06933,expert_review,低置信、高风险或存在偏差审计信号，建议专家重点审查,0,0.10906
APP-0714,交叉学科,0.15875,建议不资助,0.68249,29.35,0.04103,fast_track,高置信且解释风险较低，可进入快速复核,0,0.13556
APP-0715,管理科学,0.08776,建议不资助,0.82449,76.12,0.08977,regular_review,进入常规人工复核,0,0.05703
APP-0716,生命科学,0.45533,建议不资助,0.08934,47.99,0.0928,expert_review,低置信、高风险或存在偏差审计信号，建议专家重点审查,0,0.54721
APP-0717,工程技术,0.09329,建议不资助,0.81343,57.23,0.05643,fast_track,高置信且解释风险较低，可进入快速复核,0,0.10821
APP-0718,生命科学,0.45233,建议不资助,0.09534,40.02,0.07881,expert_review,低置信、高风险或存在偏差审计信号，建议专家重点审查,1,0.48134
APP-0719,工程技术,0.03904,建议不资助,0.92192,58.86,0.06793,fast_track,高置信且解释风险较低，可进入快速复核,0,0.04334
APP-0720,交叉学科,0.21613,建议不资助,0.56773,72.9,0.06177,regular_review,进入常规人工复核,0,0.25749
APP-0721,工程技术,0.07834,建议不资助,0.84332,70.78,0.04875,regular_review,进入常规人工复核,0,0.07837
APP-0722,信息科学,0.53799,建议资助,0.07597,57.21,0.04766,expert_review,低置信、高风险或存在偏差审计信号，建议专家重点审查,1,0.72866
APP-0723,生命科学,0.13542,建议不资助,0.72917,67.56,0.05312,regular_review,进入常规人工复核,0,0.08927
APP-0724,交叉学科,0.10424,建议不资助,0.79151,64.15,0.05909,regular_review,进入常规人工复核,0,0.05623
APP-0725,生命科学,0.06133,建议不资助,0.87734,70.88,0.06425,regular_review,进入常规人工复核,0,0.13792
APP-0726,生命科学,0.1603,建议不资助,0.6794,56.42,0.10408,fast_track,高置信且解释风险较低，可进入快速复核,0,0.13352
APP-0727,信息科学,0.30735,建议不资助,0.38529,60.67,0.06013,regular_review,进入常规人工复核,1,0.2296
APP-0728,生命科学,0.02477,建议不资助,0.95045,54.79,0.06682,fast_track,高置信且解释风险较低，可进入快速复核,0,0.00846
APP-0729,信息科学,0.10033,建议不资助,0.79933,67.3,0.05392,regular_review,进入常规人工复核,0,0.10669
APP-0730,工程技术,0.13637,建议不资助,0.72725,41.37,0.04252,fast_track,高置信且解释风险较低，可进入快速复核,0,0.11968
APP-0731,信息科学,0.31489,建议不资助,0.37023,60.61,0.07396,regular_review,进入常规人工复核,0,0.42391
APP-0732,生命科学,0.0704,建议不资助,0.85921,95.95,0.04914,expert_review,低置信、高风险或存在偏差审计信号，建议专家重点审查,0,0.03078
APP-0733,生命科学,0.14413,建议不资助,0.71174,57.18,0.06587,fast_track,高置信且解释风险较低，可进入快速复核,0,0.03397
APP-0734,信息科学,0.26767,建议不资助,0.46467,26.06,0.11437,regular_review,进入常规人工复核,0,0.55272
APP-0735,生命科学,0.22832,建议不资助,0.54336,44.2,0.05381,regular_review,进入常规人工复核,0,0.15966
APP-0736,管理科学,0.33625,建议不资助,0.3275,62.42,0.11565,expert_review,低置信、高风险或存在偏差审计信号，建议专家重点审查,0,0.35832
APP-0737,生命科学,0.67479,建议资助,0.34958,61.13,0.04523,expert_review,低置信、高风险或存在偏差审计信号，建议专家重点审查,1,0.53805
APP-0738,信息科学,0.06356,建议不资助,0.87289,30.44,0.05612,fast_track,高置信且解释风险较低，可进入快速复核,0,0.05057
APP-0739,信息科学,0.36902,建议不资助,0.26196,22.41,0.09451,expert_review,低置信、高风险或存在偏差审计信号，建议专家重点审查,0,0.3745
APP-0740,信息科学,0.12661,建议不资助,0.74678,45.83,0.03981,fast_track,高置信且解释风险较低，可进入快速复核,0,0.12789
APP-0741,生命科学,0.02588,建议不资助,0.94824,82.23,0.05482,expert_review,低置信、高风险或存在偏差审计信号，建议专家重点审查,0,0.079
APP-0742,生命科学,0.16492,建议不资助,0.67017,39.38,0.07687,fast_track,高置信且解释风险较低，可进入快速复核,0,0.03269
APP-0743,交叉学科,0.04033,建议不资助,0.91933,76.5,0.0471,regular_review,进入常规人工复核,0,0.00914
APP-0744,生命科学,0.12897,建议不资助,0.74206,50.52,0.05663,fast_track,高置信且解释风险较低，可进入快速复核,0,0.08081
APP-0745,工程技术,0.15184,建议不资助,0.69632,48.83,0.06225,fast_track,高置信且解释风险较低，可进入快速复核,0,0.34251
APP-0746,工程技术,0.79351,建议资助,0.58702,56.7,0.06168,regular_review,进入常规人工复核,1,0.9461
APP-0747,信息科学,0.40534,建议不资助,0.18933,19.33,0.07575,expert_review,低置信、高风险或存在偏差审计信号，建议专家重点审查,0,0.22685
APP-0748,信息科学,0.11553,建议不资助,0.76895,83.39,0.03268,expert_review,低置信、高风险或存在偏差审计信号，建议专家重点审查,0,0.23983
APP-0749,管理科学,0.01664,建议不资助,0.96672,60.75,0.04432,regular_review,进入常规人工复核,0,0.02726
APP-0750,交叉学科,0.43127,建议不资助,0.13747,76.37,0.05572,expert_review,低置信、高风险或存在偏差审计信号，建议专家重点审查,0,0.40093
APP-0751,信息科学,0.35673,建议不资助,0.28653,44.84,0.05935,expert_review,低置信、高风险或存在偏差审计信号，建议专家重点审查,1,0.19985
APP-0752,信息科学,0.03692,建议不资助,0.92616,59.93,0.03099,fast_track,高置信且解释风险较低，可进入快速复核,0,0.04855
APP-0753,信息科学,0.08771,建议不资助,0.82459,68.66,0.07646,regular_review,进入常规人工复核,0,0.05197
APP-0754,工程技术,0.21059,建议不资助,0.57882,48.19,0.04743,regular_review,进入常规人工复核,0,0.27703
APP-0755,管理科学,0.54589,建议资助,0.09177,32.54,0.10005,expert_review,低置信、高风险或存在偏差审计信号，建议专家重点审查,1,0.55716
APP-0756,信息科学,0.03719,建议不资助,0.92563,31.14,0.02626,fast_track,高置信且解释风险较低，可进入快速复核,0,0.01392
APP-0757,信息科学,0.18802,建议不资助,0.62396,41.54,0.10104,regular_review,进入常规人工复核,0,0.12446
APP-0758,交叉学科,0.08257,建议不资助,0.83486,54.54,0.05571,fast_track,高置信且解释风险较低，可进入快速复核,0,0.02311
APP-0759,生命科学,0.13791,建议不资助,0.72417,46.74,0.05633,fast_track,高置信且解释风险较低，可进入快速复核,0,0.33806
APP-0760,工程技术,0.26578,建议不资助,0.46844,40.21,0.04975,regular_review,进入常规人工复核,0,0.5742
APP-0761,管理科学,0.10359,建议不资助,0.79282,63.56,0.06831,regular_review,进入常规人工复核,0,0.02444
APP-0762,生命科学,0.2561,建议不资助,0.4878,40.78,0.08247,regular_review,进入常规人工复核,0,0.04448
APP-0763,生命科学,0.06428,建议不资助,0.87144,51.16,0.05157,fast_track,高置信且解释风险较低，可进入快速复核,0,0.0205
APP-0764,生命科学,0.62794,建议资助,0.25587,68.79,0.04745,expert_review,低置信、高风险或存在偏差审计信号，建议专家重点审查,1,0.72045
APP-0765,交叉学科,0.0432,建议不资助,0.91361,61.01,0.05078,regular_review,进入常规人工复核,0,0.0381
APP-0766,生命科学,0.64274,建议资助,0.28549,32.46,0.06257,expert_review,低置信、高风险或存在偏差审计信号，建议专家重点审查,1,0.87688
APP-0767,生命科学,0.45408,建议不资助,0.09183,23.38,0.03789,expert_review,低置信、高风险或存在偏差审计信号，建议专家重点审查,1,0.38348
APP-0768,生命科学,0.1554,建议不资助,0.6892,27.85,0.03357,fast_track,高置信且解释风险较低，可进入快速复核,0,0.08482
APP-0769,生命科学,0.04556,建议不资助,0.90889,49.39,0.03332,fast_track,高置信且解释风险较低，可进入快速复核,0,0.02079
APP-0770,工程技术,0.02957,建议不资助,0.94086,73.57,0.05487,regular_review,进入常规人工复核,0,0.00761
APP-0771,信息科学,0.04278,建议不资助,0.91444,78.95,0.04027,regular_review,进入常规人工复核,0,0.01244
APP-0772,工程技术,0.01412,建议不资助,0.97176,65.01,0.03489,regular_review,进入常规人工复核,0,0.00522
APP-0773,工程技术,0.1068,建议不资助,0.78639,88.26,0.02245,expert_review,低置信、高风险或存在偏差审计信号，建议专家重点审查,0,0.03268
APP-0774,交叉学科,0.17707,建议不资助,0.64586,54.03,0.10079,regular_review,进入常规人工复核,0,0.06727
APP-0775,生命科学,0.67188,建议资助,0.34376,72.18,0.06435,expert_review,低置信、高风险或存在偏差审计信号，建议专家重点审查,1,0.49753
APP-0776,交叉学科,0.52885,建议资助,0.05769,38.58,0.06442,expert_review,低置信、高风险或存在偏差审计信号，建议专家重点审查,1,0.43316
APP-0777,工程技术,0.1871,建议不资助,0.6258,18.88,0.06391,regular_review,进入常规人工复核,0,0.26765
APP-0778,生命科学,0.22215,建议不资助,0.55569,43.83,0.09581,regular_review,进入常规人工复核,0,0.068
APP-0779,管理科学,0.37311,建议不资助,0.25378,47.5,0.12747,expert_review,低置信、高风险或存在偏差审计信号，建议专家重点审查,0,0.25208
APP-0780,交叉学科,0.19986,建议不资助,0.60027,100.0,0.06467,expert_review,低置信、高风险或存在偏差审计信号，建议专家重点审查,1,0.20409
APP-0781,信息科学,0.28626,建议不资助,0.42747,49.99,0.07366,regular_review,进入常规人工复核,0,0.13944
APP-0782,交叉学科,0.40987,建议不资助,0.18026,29.64,0.05883,expert_review,低置信、高风险或存在偏差审计信号，建议专家重点审查,0,0.64933
APP-0783,信息科学,0.05236,建议不资助,0.89529,69.29,0.08542,regular_review,进入常规人工复核,0,0.03394
APP-0784,工程技术,0.13161,建议不资助,0.73678,34.81,0.02593,fast_track,高置信且解释风险较低，可进入快速复核,0,0.30291
APP-0785,交叉学科,0.02933,建议不资助,0.94133,52.87,0.05102,fast_track,高置信且解释风险较低，可进入快速复核,0,0.04342
APP-0786,信息科学,0.16476,建议不资助,0.67047,67.55,0.07926,regular_review,进入常规人工复核,0,0.06495
APP-0787,管理科学,0.18317,建议不资助,0.63367,31.37,0.10022,regular_review,进入常规人工复核,0,0.085
APP-0788,信息科学,0.1091,建议不资助,0.7818,80.35,0.05258,expert_review,低置信、高风险或存在偏差审计信号，建议专家重点审查,0,0.05008
APP-0789,管理科学,0.09981,建议不资助,0.80037,72.54,0.07254,regular_review,进入常规人工复核,0,0.06751
APP-0790,工程技术,0.08366,建议不资助,0.83268,57.07,0.08043,fast_track,高置信且解释风险较低，可进入快速复核,1,0.27106
APP-0791,生命科学,0.03504,建议不资助,0.92991,85.03,0.06421,expert_review,低置信、高风险或存在偏差审计信号，建议专家重点审查,0,0.02749
APP-0792,信息科学,0.66674,建议资助,0.33348,51.18,0.03578,expert_review,低置信、高风险或存在偏差审计信号，建议专家重点审查,1,0.84282
APP-0793,信息科学,0.67399,建议资助,0.34798,65.88,0.03405,expert_review,低置信、高风险或存在偏差审计信号，建议专家重点审查,1,0.88642
APP-0794,生命科学,0.00651,建议不资助,0.98698,55.58,0.05572,fast_track,高置信且解释风险较低，可进入快速复核,0,0.0069
APP-0795,生命科学,0.19558,建议不资助,0.60884,37.24,0.05932,regular_review,进入常规人工复核,0,0.25852
APP-0796,信息科学,0.03294,建议不资助,0.93412,37.84,0.06305,fast_track,高置信且解释风险较低，可进入快速复核,0,0.03062
APP-0797,生命科学,0.02067,建议不资助,0.95866,90.62,0.02179,expert_review,低置信、高风险或存在偏差审计信号，建议专家重点审查,0,0.02831
APP-0798,生命科学,0.13949,建议不资助,0.72101,71.19,0.06979,regular_review,进入常规人工复核,0,0.13785
APP-0799,管理科学,0.24931,建议不资助,0.50138,80.96,0.04505,expert_review,低置信、高风险或存在偏差审计信号，建议专家重点审查,0,0.27783
APP-0800,管理科学,0.25815,建议不资助,0.48371,46.86,0.03977,regular_review,进入常规人工复核,0,0.37883
APP-0801,管理科学,0.09646,建议不资助,0.80707,64.16,0.07915,regular_review,进入常规人工复核,0,0.0964
APP-0802,信息科学,0.35522,建议不资助,0.28957,52.97,0.05879,expert_review,低置信、高风险或存在偏差审计信号，建议专家重点审查,0,0.24761
APP-0803,交叉学科,0.20717,建议不资助,0.58567,83.96,0.04715,expert_review,低置信、高风险或存在偏差审计信号，建议专家重点审查,0,0.04634
APP-0804,工程技术,0.03216,建议不资助,0.93568,74.26,0.0356,regular_review,进入常规人工复核,0,0.01144
APP-0805,生命科学,0.04406,建议不资助,0.91188,68.39,0.06211,regular_review,进入常规人工复核,0,0.03499
APP-0806,生命科学,0.19728,建议不资助,0.60544,66.36,0.08687,regular_review,进入常规人工复核,0,0.36561
APP-0807,管理科学,0.13461,建议不资助,0.73078,57.95,0.03733,fast_track,高置信且解释风险较低，可进入快速复核,0,0.07262
APP-0808,生命科学,0.17292,建议不资助,0.65416,59.74,0.05469,fast_track,高置信且解释风险较低，可进入快速复核,0,0.12452
APP-0809,工程技术,0.01918,建议不资助,0.96163,80.83,0.04391,expert_review,低置信、高风险或存在偏差审计信号，建议专家重点审查,0,0.03395
APP-0810,交叉学科,0.10882,建议不资助,0.78236,59.33,0.14931,fast_track,高置信且解释风险较低，可进入快速复核,0,0.11657
APP-0811,生命科学,0.25531,建议不资助,0.48938,33.19,0.08559,regular_review,进入常规人工复核,0,0.10323
APP-0812,生命科学,0.05655,建议不资助,0.88691,75.1,0.0656,regular_review,进入常规人工复核,0,0.25041
APP-0813,交叉学科,0.17643,建议不资助,0.64715,52.74,0.06337,regular_review,进入常规人工复核,1,0.21166
APP-0814,工程技术,0.18529,建议不资助,0.62941,49.41,0.06861,regular_review,进入常规人工复核,0,0.46349
APP-0815,生命科学,0.11157,建议不资助,0.77685,46.62,0.06584,fast_track,高置信且解释风险较低，可进入快速复核,0,0.03427
APP-0816,交叉学科,0.09646,建议不资助,0.80708,11.82,0.04583,fast_track,高置信且解释风险较低，可进入快速复核,0,0.05702
APP-0817,交叉学科,0.03856,建议不资助,0.92288,53.51,0.08867,fast_track,高置信且解释风险较低，可进入快速复核,0,0.02887
APP-0818,工程技术,0.08364,建议不资助,0.83272,93.46,0.03547,expert_review,低置信、高风险或存在偏差审计信号，建议专家重点审查,0,0.00414
APP-0819,工程技术,0.08987,建议不资助,0.82026,56.4,0.04414,fast_track,高置信且解释风险较低，可进入快速复核,0,0.07695
APP-0820,信息科学,0.11789,建议不资助,0.76421,99.36,0.05179,expert_review,低置信、高风险或存在偏差审计信号，建议专家重点审查,0,0.00871
APP-0821,生命科学,0.14715,建议不资助,0.7057,46.94,0.08707,fast_track,高置信且解释风险较低，可进入快速复核,0,0.1854
APP-0822,工程技术,0.22323,建议不资助,0.55353,54.43,0.06519,regular_review,进入常规人工复核,0,0.11668
APP-0823,信息科学,0.0308,建议不资助,0.93841,63.52,0.05441,regular_review,进入常规人工复核,0,0.04942
APP-0824,工程技术,0.07321,建议不资助,0.85358,51.21,0.08095,fast_track,高置信且解释风险较低，可进入快速复核,0,0.01633
APP-0825,交叉学科,0.0344,建议不资助,0.93119,57.4,0.05992,fast_track,高置信且解释风险较低，可进入快速复核,0,0.06779
APP-0826,生命科学,0.21647,建议不资助,0.56706,80.21,0.07432,expert_review,低置信、高风险或存在偏差审计信号，建议专家重点审查,0,0.02239
APP-0827,工程技术,0.87277,建议资助,0.74555,42.66,0.05284,fast_track,高置信且解释风险较低，可进入快速复核,1,0.92494
APP-0828,信息科学,0.08552,建议不资助,0.82897,58.82,0.05692,fast_track,高置信且解释风险较低，可进入快速复核,0,0.04836
APP-0829,交叉学科,0.01743,建议不资助,0.96514,62.31,0.05686,regular_review,进入常规人工复核,0,0.01377
APP-0830,信息科学,0.02452,建议不资助,0.95096,75.6,0.04927,regular_review,进入常规人工复核,0,0.0557
APP-0831,工程技术,0.5123,建议资助,0.0246,13.61,0.04951,expert_review,低置信、高风险或存在偏差审计信号，建议专家重点审查,0,0.73882
APP-0832,工程技术,0.32953,建议不资助,0.34093,37.22,0.05982,expert_review,低置信、高风险或存在偏差审计信号，建议专家重点审查,0,0.45659
APP-0833,信息科学,0.01098,建议不资助,0.97804,50.81,0.06026,fast_track,高置信且解释风险较低，可进入快速复核,0,0.02524
APP-0834,工程技术,0.05823,建议不资助,0.88355,72.39,0.06115,regular_review,进入常规人工复核,0,0.01336
APP-0835,管理科学,0.20898,建议不资助,0.58204,40.39,0.05392,regular_review,进入常规人工复核,0,0.22639
APP-0836,工程技术,0.02942,建议不资助,0.94116,73.9,0.03649,regular_review,进入常规人工复核,0,0.17676
APP-0837,管理科学,0.16839,建议不资助,0.66323,96.83,0.0793,expert_review,低置信、高风险或存在偏差审计信号，建议专家重点审查,0,0.06468
APP-0838,交叉学科,0.0368,建议不资助,0.92641,50.21,0.0406,fast_track,高置信且解释风险较低，可进入快速复核,0,0.02628
APP-0839,信息科学,0.1938,建议不资助,0.61241,45.44,0.03631,regular_review,进入常规人工复核,1,0.34167
APP-0840,工程技术,0.22897,建议不资助,0.54207,59.44,0.06188,regular_review,进入常规人工复核,1,0.07267
APP-0841,生命科学,0.2132,建议不资助,0.5736,53.6,0.08398,regular_review,进入常规人工复核,0,0.08378
APP-0842,管理科学,0.07655,建议不资助,0.8469,55.1,0.06488,fast_track,高置信且解释风险较低，可进入快速复核,0,0.25732
APP-0843,工程技术,0.16368,建议不资助,0.67265,46.38,0.02878,fast_track,高置信且解释风险较低，可进入快速复核,0,0.06584
APP-0844,信息科学,0.51435,建议资助,0.02869,64.7,0.05854,expert_review,低置信、高风险或存在偏差审计信号，建议专家重点审查,1,0.25888
APP-0845,生命科学,0.33814,建议不资助,0.32371,29.91,0.06507,expert_review,低置信、高风险或存在偏差审计信号，建议专家重点审查,0,0.38611
APP-0846,交叉学科,0.10825,建议不资助,0.78349,62.27,0.08018,regular_review,进入常规人工复核,0,0.10064
APP-0847,信息科学,0.63839,建议资助,0.27679,29.2,0.07984,expert_review,低置信、高风险或存在偏差审计信号，建议专家重点审查,1,0.45408
APP-0848,管理科学,0.36227,建议不资助,0.27545,38.58,0.08561,expert_review,低置信、高风险或存在偏差审计信号，建议专家重点审查,0,0.09417
APP-0849,生命科学,0.42129,建议不资助,0.15741,26.04,0.06197,expert_review,低置信、高风险或存在偏差审计信号，建议专家重点审查,0,0.53401
APP-0850,交叉学科,0.2426,建议不资助,0.51479,43.48,0.06787,regular_review,进入常规人工复核,0,0.05838
APP-0851,生命科学,0.39505,建议不资助,0.2099,50.52,0.08518,expert_review,低置信、高风险或存在偏差审计信号，建议专家重点审查,0,0.35768
APP-0852,生命科学,0.42456,建议不资助,0.15088,43.52,0.08533,expert_review,低置信、高风险或存在偏差审计信号，建议专家重点审查,1,0.35858
APP-0853,交叉学科,0.14702,建议不资助,0.70597,44.67,0.10339,fast_track,高置信且解释风险较低，可进入快速复核,0,0.04393
APP-0854,交叉学科,0.21513,建议不资助,0.56975,53.23,0.05741,regular_review,进入常规人工复核,0,0.10336
APP-0855,生命科学,0.42764,建议不资助,0.14472,18.61,0.06928,expert_review,低置信、高风险或存在偏差审计信号，建议专家重点审查,1,0.21888
APP-0856,工程技术,0.4015,建议不资助,0.197,36.28,0.03516,expert_review,低置信、高风险或存在偏差审计信号，建议专家重点审查,0,0.22991
APP-0857,管理科学,0.20962,建议不资助,0.58076,86.09,0.04784,expert_review,低置信、高风险或存在偏差审计信号，建议专家重点审查,0,0.59018
APP-0858,交叉学科,0.06596,建议不资助,0.86808,35.83,0.04617,fast_track,高置信且解释风险较低，可进入快速复核,0,0.02922
APP-0859,信息科学,0.13822,建议不资助,0.72356,59.17,0.05405,fast_track,高置信且解释风险较低，可进入快速复核,0,0.05638
APP-0860,工程技术,0.47825,建议不资助,0.04349,46.16,0.05061,expert_review,低置信、高风险或存在偏差审计信号，建议专家重点审查,1,0.29023
APP-0861,管理科学,0.6307,建议资助,0.2614,66.74,0.08548,expert_review,低置信、高风险或存在偏差审计信号，建议专家重点审查,1,0.14826
APP-0862,管理科学,0.06298,建议不资助,0.87404,34.05,0.05517,fast_track,高置信且解释风险较低，可进入快速复核,0,0.01488
APP-0863,管理科学,0.34038,建议不资助,0.31923,11.96,0.03625,expert_review,低置信、高风险或存在偏差审计信号，建议专家重点审查,1,0.55574
APP-0864,工程技术,0.32236,建议不资助,0.35529,41.18,0.08068,regular_review,进入常规人工复核,0,0.10564
APP-0865,生命科学,0.0268,建议不资助,0.9464,68.4,0.03861,regular_review,进入常规人工复核,0,0.00731
APP-0866,交叉学科,0.11595,建议不资助,0.76809,63.57,0.04829,regular_review,进入常规人工复核,1,0.11787
APP-0867,交叉学科,0.04519,建议不资助,0.90962,52.86,0.05758,fast_track,高置信且解释风险较低，可进入快速复核,0,0.06517
APP-0868,管理科学,0.78539,建议资助,0.57078,43.73,0.06046,regular_review,进入常规人工复核,1,0.79748
APP-0869,生命科学,0.13491,建议不资助,0.73018,68.41,0.05152,regular_review,进入常规人工复核,0,0.12107
APP-0870,生命科学,0.24724,建议不资助,0.50553,35.56,0.04708,regular_review,进入常规人工复核,1,0.33437
APP-0871,管理科学,0.12023,建议不资助,0.75954,36.79,0.04488,fast_track,高置信且解释风险较低，可进入快速复核,0,0.12084
APP-0872,生命科学,0.48726,建议不资助,0.02547,30.4,0.08242,expert_review,低置信、高风险或存在偏差审计信号，建议专家重点审查,1,0.24076
APP-0873,交叉学科,0.0361,建议不资助,0.9278,41.54,0.05644,fast_track,高置信且解释风险较低，可进入快速复核,0,0.02662
APP-0874,信息科学,0.01735,建议不资助,0.9653,44.09,0.04507,fast_track,高置信且解释风险较低，可进入快速复核,0,0.0465
APP-0875,管理科学,0.03255,建议不资助,0.9349,55.87,0.07166,fast_track,高置信且解释风险较低，可进入快速复核,0,0.08872
APP-0876,交叉学科,0.89177,建议资助,0.78353,31.61,0.05391,fast_track,高置信且解释风险较低，可进入快速复核,1,0.96821
APP-0877,信息科学,0.24139,建议不资助,0.51722,40.79,0.09349,regular_review,进入常规人工复核,0,0.1735
APP-0878,信息科学,0.21754,建议不资助,0.56492,33.99,0.0707,regular_review,进入常规人工复核,0,0.42642
APP-0879,工程技术,0.03616,建议不资助,0.92768,70.06,0.05438,regular_review,进入常规人工复核,0,0.08317
APP-0880,工程技术,0.44415,建议不资助,0.11169,56.05,0.03458,expert_review,低置信、高风险或存在偏差审计信号，建议专家重点审查,0,0.38884
APP-0881,信息科学,0.29796,建议不资助,0.40408,29.41,0.072,regular_review,进入常规人工复核,0,0.29266
APP-0882,工程技术,0.68457,建议资助,0.36914,68.28,0.07274,regular_review,进入常规人工复核,1,0.75399
APP-0883,交叉学科,0.21248,建议不资助,0.57505,48.95,0.08711,regular_review,进入常规人工复核,0,0.12687
APP-0884,工程技术,0.07276,建议不资助,0.85449,65.86,0.06435,regular_review,进入常规人工复核,0,0.11924
APP-0885,生命科学,0.17196,建议不资助,0.65609,37.08,0.12259,fast_track,高置信且解释风险较低，可进入快速复核,0,0.27331
APP-0886,信息科学,0.16117,建议不资助,0.67766,61.81,0.04317,regular_review,进入常规人工复核,0,0.04423
APP-0887,信息科学,0.23681,建议不资助,0.52638,67.3,0.09423,regular_review,进入常规人工复核,1,0.4305
APP-0888,生命科学,0.0543,建议不资助,0.89139,51.38,0.06259,fast_track,高置信且解释风险较低，可进入快速复核,0,0.16608
APP-0889,生命科学,0.32885,建议不资助,0.3423,93.66,0.05683,expert_review,低置信、高风险或存在偏差审计信号，建议专家重点审查,1,0.20851
APP-0890,管理科学,0.68402,建议资助,0.36803,59.83,0.06319,regular_review,进入常规人工复核,1,0.71421
APP-0891,信息科学,0.09258,建议不资助,0.81484,85.26,0.03297,expert_review,低置信、高风险或存在偏差审计信号，建议专家重点审查,0,0.03113
APP-0892,交叉学科,0.2034,建议不资助,0.59319,100.0,0.06422,expert_review,低置信、高风险或存在偏差审计信号，建议专家重点审查,0,0.02982
APP-0893,信息科学,0.23727,建议不资助,0.52547,16.54,0.05951,regular_review,进入常规人工复核,0,0.12119
APP-0894,生命科学,0.26292,建议不资助,0.47416,73.03,0.0668,regular_review,进入常规人工复核,0,0.13675
APP-0895,管理科学,0.25623,建议不资助,0.48754,60.33,0.05338,regular_review,进入常规人工复核,0,0.21993
APP-0896,交叉学科,0.64431,建议资助,0.28862,54.87,0.08415,expert_review,低置信、高风险或存在偏差审计信号，建议专家重点审查,1,0.87602
APP-0897,信息科学,0.86401,建议资助,0.72801,48.73,0.04657,fast_track,高置信且解释风险较低，可进入快速复核,1,0.76215
APP-0898,生命科学,0.11853,建议不资助,0.76294,32.17,0.05959,fast_track,高置信且解释风险较低，可进入快速复核,0,0.10735
APP-0899,生命科学,0.14212,建议不资助,0.71577,28.94,0.06632,fast_track,高置信且解释风险较低，可进入快速复核,0,0.12881
APP-0900,工程技术,0.04772,建议不资助,0.90455,94.47,0.04288,expert_review,低置信、高风险或存在偏差审计信号，建议专家重点审查,0,0.00835
APP-0901,工程技术,0.12225,建议不资助,0.75549,59.75,0.05083,fast_track,高置信且解释风险较低，可进入快速复核,0,0.22463
APP-0902,信息科学,0.26085,建议不资助,0.47829,22.82,0.04004,regular_review,进入常规人工复核,0,0.38476
APP-0903,生命科学,0.48666,建议不资助,0.02668,35.41,0.04961,expert_review,低置信、高风险或存在偏差审计信号，建议专家重点审查,0,0.56427
APP-0904,工程技术,0.09026,建议不资助,0.81948,19.24,0.06285,fast_track,高置信且解释风险较低，可进入快速复核,0,0.26007
APP-0905,交叉学科,0.2065,建议不资助,0.587,73.82,0.0841,regular_review,进入常规人工复核,0,0.18949
APP-0906,工程技术,0.28421,建议不资助,0.43159,50.91,0.11278,regular_review,进入常规人工复核,0,0.14769
APP-0907,工程技术,0.58066,建议资助,0.16131,60.18,0.05594,expert_review,低置信、高风险或存在偏差审计信号，建议专家重点审查,1,0.60723
APP-0908,生命科学,0.1887,建议不资助,0.6226,65.01,0.07261,regular_review,进入常规人工复核,0,0.16505
APP-0909,信息科学,0.06533,建议不资助,0.86934,68.96,0.06256,regular_review,进入常规人工复核,0,0.05104
APP-0910,信息科学,0.41756,建议不资助,0.16489,42.06,0.07702,expert_review,低置信、高风险或存在偏差审计信号，建议专家重点审查,0,0.1109
APP-0911,管理科学,0.3644,建议不资助,0.27121,55.91,0.05354,expert_review,低置信、高风险或存在偏差审计信号，建议专家重点审查,1,0.21524
APP-0912,交叉学科,0.26999,建议不资助,0.46003,55.48,0.1255,regular_review,进入常规人工复核,0,0.10433
APP-0913,交叉学科,0.25788,建议不资助,0.48424,26.79,0.06373,regular_review,进入常规人工复核,1,0.58751
APP-0914,交叉学科,0.28232,建议不资助,0.43536,45.79,0.04733,regular_review,进入常规人工复核,0,0.56613
APP-0915,交叉学科,0.10752,建议不资助,0.78496,43.94,0.03579,fast_track,高置信且解释风险较低，可进入快速复核,0,0.06492
APP-0916,交叉学科,0.04524,建议不资助,0.90953,56.42,0.06278,fast_track,高置信且解释风险较低，可进入快速复核,0,0.00686
APP-0917,生命科学,0.11939,建议不资助,0.76122,77.77,0.05979,regular_review,进入常规人工复核,0,0.03603
APP-0918,生命科学,0.07195,建议不资助,0.85609,52.31,0.04232,fast_track,高置信且解释风险较低，可进入快速复核,0,0.07915
APP-0919,信息科学,0.17574,建议不资助,0.64851,48.25,0.07169,regular_review,进入常规人工复核,0,0.11495
APP-0920,工程技术,0.26549,建议不资助,0.46902,71.41,0.05839,regular_review,进入常规人工复核,0,0.14343
APP-0921,生命科学,0.60285,建议资助,0.2057,53.29,0.04952,expert_review,低置信、高风险或存在偏差审计信号，建议专家重点审查,0,0.38224
APP-0922,交叉学科,0.09356,建议不资助,0.81288,49.55,0.08818,fast_track,高置信且解释风险较低，可进入快速复核,0,0.06301
APP-0923,工程技术,0.19472,建议不资助,0.61056,80.32,0.04399,expert_review,低置信、高风险或存在偏差审计信号，建议专家重点审查,0,0.06631
APP-0924,工程技术,0.49465,建议不资助,0.01069,45.54,0.09662,expert_review,低置信、高风险或存在偏差审计信号，建议专家重点审查,1,0.90593
APP-0925,生命科学,0.42763,建议不资助,0.14473,55.24,0.09482,expert_review,低置信、高风险或存在偏差审计信号，建议专家重点审查,1,0.75357
APP-0926,信息科学,0.31504,建议不资助,0.36991,37.1,0.03505,regular_review,进入常规人工复核,1,0.80686
APP-0927,生命科学,0.53051,建议资助,0.06103,75.22,0.03818,expert_review,低置信、高风险或存在偏差审计信号，建议专家重点审查,1,0.46235
APP-0928,交叉学科,0.45176,建议不资助,0.09647,31.77,0.02671,expert_review,低置信、高风险或存在偏差审计信号，建议专家重点审查,1,0.75385
APP-0929,工程技术,0.17177,建议不资助,0.65645,48.56,0.04141,fast_track,高置信且解释风险较低，可进入快速复核,1,0.14595
APP-0930,管理科学,0.05916,建议不资助,0.88167,69.65,0.0557,regular_review,进入常规人工复核,0,0.0182
APP-0931,信息科学,0.24048,建议不资助,0.51904,32.68,0.09997,regular_review,进入常规人工复核,1,0.16676
APP-0932,信息科学,0.07184,建议不资助,0.85632,67.36,0.05856,regular_review,进入常规人工复核,0,0.09596
APP-0933,信息科学,0.15956,建议不资助,0.68088,9.02,0.0489,fast_track,高置信且解释风险较低，可进入快速复核,0,0.2452
APP-0934,管理科学,0.60314,建议资助,0.20628,30.93,0.05976,expert_review,低置信、高风险或存在偏差审计信号，建议专家重点审查,1,0.35303
APP-0935,管理科学,0.57999,建议资助,0.15997,48.12,0.06798,expert_review,低置信、高风险或存在偏差审计信号，建议专家重点审查,1,0.59
APP-0936,生命科学,0.14615,建议不资助,0.70769,100.0,0.0868,expert_review,低置信、高风险或存在偏差审计信号，建议专家重点审查,0,0.06805
APP-0937,交叉学科,0.41709,建议不资助,0.16582,52.91,0.02815,expert_review,低置信、高风险或存在偏差审计信号，建议专家重点审查,0,0.25421
APP-0938,生命科学,0.20929,建议不资助,0.58142,53.34,0.05625,regular_review,进入常规人工复核,0,0.04382
APP-0939,交叉学科,0.09942,建议不资助,0.80115,72.95,0.07327,regular_review,进入常规人工复核,1,0.09293
APP-0940,生命科学,0.56723,建议资助,0.13445,28.27,0.03343,expert_review,低置信、高风险或存在偏差审计信号，建议专家重点审查,1,0.29626
APP-0941,信息科学,0.40854,建议不资助,0.18292,0.0,0.06955,expert_review,低置信、高风险或存在偏差审计信号，建议专家重点审查,0,0.63265
APP-0942,交叉学科,0.08024,建议不资助,0.83952,84.68,0.05515,expert_review,低置信、高风险或存在偏差审计信号，建议专家重点审查,0,0.03343
APP-0943,生命科学,0.54056,建议资助,0.08112,62.09,0.04695,expert_review,低置信、高风险或存在偏差审计信号，建议专家重点审查,1,0.52094
APP-0944,信息科学,0.29267,建议不资助,0.41467,41.09,0.04717,regular_review,进入常规人工复核,1,0.21743
APP-0945,信息科学,0.24969,建议不资助,0.50062,51.15,0.03983,regular_review,进入常规人工复核,0,0.20689
APP-0946,信息科学,0.11177,建议不资助,0.77646,77.64,0.02965,regular_review,进入常规人工复核,0,0.18997
APP-0947,管理科学,0.3699,建议不资助,0.2602,47.41,0.07775,expert_review,低置信、高风险或存在偏差审计信号，建议专家重点审查,1,0.46137
APP-0948,交叉学科,0.11555,建议不资助,0.76891,52.9,0.07557,fast_track,高置信且解释风险较低，可进入快速复核,0,0.17881
APP-0949,交叉学科,0.18523,建议不资助,0.62954,90.71,0.05411,expert_review,低置信、高风险或存在偏差审计信号，建议专家重点审查,0,0.09424
APP-0950,信息科学,0.299,建议不资助,0.402,25.13,0.05842,regular_review,进入常规人工复核,0,0.22046
APP-0951,工程技术,0.01323,建议不资助,0.97355,60.34,0.0349,regular_review,进入常规人工复核,0,0.00228
APP-0952,信息科学,0.01361,建议不资助,0.97278,25.56,0.03674,fast_track,高置信且解释风险较低，可进入快速复核,0,0.03575
APP-0953,信息科学,0.03342,建议不资助,0.93315,85.36,0.03116,expert_review,低置信、高风险或存在偏差审计信号，建议专家重点审查,0,0.01352
APP-0954,生命科学,0.06467,建议不资助,0.87066,55.86,0.04887,fast_track,高置信且解释风险较低，可进入快速复核,0,0.05932
APP-0955,交叉学科,0.17483,建议不资助,0.65034,36.26,0.03829,fast_track,高置信且解释风险较低，可进入快速复核,0,0.43434
APP-0956,交叉学科,0.10737,建议不资助,0.78525,19.99,0.05745,fast_track,高置信且解释风险较低，可进入快速复核,0,0.09309
APP-0957,管理科学,0.05163,建议不资助,0.89673,43.0,0.05137,fast_track,高置信且解释风险较低，可进入快速复核,0,0.02646
APP-0958,工程技术,0.11465,建议不资助,0.7707,53.71,0.08301,fast_track,高置信且解释风险较低，可进入快速复核,0,0.16395
APP-0959,工程技术,0.34645,建议不资助,0.30711,73.17,0.04636,expert_review,低置信、高风险或存在偏差审计信号，建议专家重点审查,0,0.29909
APP-0960,工程技术,0.05469,建议不资助,0.89061,28.13,0.03678,fast_track,高置信且解释风险较低，可进入快速复核,0,0.06328
APP-0961,工程技术,0.12617,建议不资助,0.74765,33.51,0.07566,fast_track,高置信且解释风险较低，可进入快速复核,0,0.13236
APP-0962,信息科学,0.0817,建议不资助,0.8366,40.06,0.04108,fast_track,高置信且解释风险较低，可进入快速复核,0,0.237
APP-0963,生命科学,0.40265,建议不资助,0.19469,40.24,0.06084,expert_review,低置信、高风险或存在偏差审计信号，建议专家重点审查,0,0.33836
APP-0964,生命科学,0.20245,建议不资助,0.59509,49.86,0.04596,regular_review,进入常规人工复核,0,0.14392
APP-0965,交叉学科,0.78433,建议资助,0.56866,36.12,0.0389,regular_review,进入常规人工复核,1,0.77333
APP-0966,工程技术,0.17555,建议不资助,0.64891,58.34,0.02295,regular_review,进入常规人工复核,0,0.06682
APP-0967,交叉学科,0.91275,建议资助,0.82549,47.84,0.05476,fast_track,高置信且解释风险较低，可进入快速复核,1,0.90549
APP-0968,生命科学,0.18825,建议不资助,0.6235,50.22,0.04685,regular_review,进入常规人工复核,0,0.27903
APP-0969,工程技术,0.72398,建议资助,0.44796,63.45,0.03758,regular_review,进入常规人工复核,1,0.61984
APP-0970,生命科学,0.68363,建议资助,0.36727,35.1,0.0554,regular_review,进入常规人工复核,1,0.57912
APP-0971,信息科学,0.07121,建议不资助,0.85759,61.87,0.0782,regular_review,进入常规人工复核,0,0.28111
APP-0972,生命科学,0.29835,建议不资助,0.4033,60.65,0.0741,regular_review,进入常规人工复核,0,0.26319
APP-0973,生命科学,0.0611,建议不资助,0.8778,54.21,0.02516,fast_track,高置信且解释风险较低，可进入快速复核,0,0.02873
APP-0974,交叉学科,0.22179,建议不资助,0.55643,47.33,0.06399,regular_review,进入常规人工复核,0,0.55077
APP-0975,信息科学,0.18575,建议不资助,0.6285,44.61,0.05343,regular_review,进入常规人工复核,0,0.27691
APP-0976,工程技术,0.09532,建议不资助,0.80937,51.08,0.08622,fast_track,高置信且解释风险较低，可进入快速复核,0,0.01719
APP-0977,工程技术,0.10022,建议不资助,0.79955,51.91,0.11875,fast_track,高置信且解释风险较低，可进入快速复核,0,0.1055
APP-0978,信息科学,0.17561,建议不资助,0.64878,26.4,0.04866,regular_review,进入常规人工复核,1,0.56061
APP-0979,工程技术,0.12797,建议不资助,0.74406,81.51,0.07037,expert_review,低置信、高风险或存在偏差审计信号，建议专家重点审查,0,0.03988
APP-0980,生命科学,0.12633,建议不资助,0.74734,36.08,0.05928,fast_track,高置信且解释风险较低，可进入快速复核,0,0.10811
APP-0981,交叉学科,0.04418,建议不资助,0.91164,51.33,0.04019,fast_track,高置信且解释风险较低，可进入快速复核,0,0.15664
APP-0982,管理科学,0.03465,建议不资助,0.93069,73.3,0.05337,regular_review,进入常规人工复核,0,0.03152
APP-0983,管理科学,0.20462,建议不资助,0.59076,43.16,0.07194,regular_review,进入常规人工复核,1,0.26149
APP-0984,工程技术,0.08939,建议不资助,0.82123,54.74,0.05598,fast_track,高置信且解释风险较低，可进入快速复核,0,0.04709
APP-0985,生命科学,0.33505,建议不资助,0.3299,6.18,0.05572,expert_review,低置信、高风险或存在偏差审计信号，建议专家重点审查,1,0.2107
APP-0986,交叉学科,0.13287,建议不资助,0.73426,10.36,0.05394,fast_track,高置信且解释风险较低，可进入快速复核,0,0.1919
APP-0987,信息科学,0.26097,建议不资助,0.47807,49.49,0.04183,regular_review,进入常规人工复核,0,0.32849
APP-0988,生命科学,0.16111,建议不资助,0.67778,53.79,0.10252,fast_track,高置信且解释风险较低，可进入快速复核,0,0.07964
APP-0989,信息科学,0.12478,建议不资助,0.75045,72.12,0.09243,regular_review,进入常规人工复核,0,0.28114
APP-0990,管理科学,0.14581,建议不资助,0.70837,66.02,0.04228,regular_review,进入常规人工复核,0,0.09431
APP-0991,工程技术,0.71606,建议资助,0.43212,17.75,0.0724,regular_review,进入常规人工复核,1,0.87794
APP-0992,管理科学,0.12924,建议不资助,0.74151,75.37,0.0656,regular_review,进入常规人工复核,0,0.06354
APP-0993,管理科学,0.18034,建议不资助,0.63932,32.8,0.06297,regular_review,进入常规人工复核,0,0.01589
APP-0994,生命科学,0.02246,建议不资助,0.95508,67.26,0.06471,regular_review,进入常规人工复核,0,0.08874
APP-0995,交叉学科,0.17243,建议不资助,0.65513,40.97,0.06597,fast_track,高置信且解释风险较低，可进入快速复核,0,0.22862
APP-0996,信息科学,0.11996,建议不资助,0.76007,100.0,0.03305,expert_review,低置信、高风险或存在偏差审计信号，建议专家重点审查,0,0.06787
APP-0997,工程技术,0.22446,建议不资助,0.55108,38.19,0.03218,regular_review,进入常规人工复核,0,0.0869
APP-0998,生命科学,0.21478,建议不资助,0.57044,48.52,0.05651,regular_review,进入常规人工复核,0,0.22201
APP-0999,交叉学科,0.27251,建议不资助,0.45499,60.33,0.06816,regular_review,进入常规人工复核,1,0.08952
APP-1000,信息科学,0.50103,建议资助,0.00207,45.15,0.04052,expert_review,低置信、高风险或存在偏差审计信号，建议专家重点审查,1,0.63498
APP-1001,生命科学,0.1606,建议不资助,0.6788,30.06,0.05023,fast_track,高置信且解释风险较低，可进入快速复核,0,0.15996
APP-1002,信息科学,0.05136,建议不资助,0.89728,94.08,0.05059,expert_review,低置信、高风险或存在偏差审计信号，建议专家重点审查,0,0.02162
APP-1003,生命科学,0.75008,建议资助,0.50016,52.96,0.09469,regular_review,进入常规人工复核,1,0.49885
APP-1004,生命科学,0.40571,建议不资助,0.18858,37.07,0.05878,expert_review,低置信、高风险或存在偏差审计信号，建议专家重点审查,0,0.53197
APP-1005,工程技术,0.27191,建议不资助,0.45617,59.32,0.04359,regular_review,进入常规人工复核,0,0.62101
APP-1006,信息科学,0.02755,建议不资助,0.94489,65.43,0.05601,regular_review,进入常规人工复核,0,0.00843
APP-1007,交叉学科,0.1551,建议不资助,0.6898,36.3,0.08467,fast_track,高置信且解释风险较低，可进入快速复核,0,0.01939
APP-1008,信息科学,0.05755,建议不资助,0.88491,69.07,0.08837,regular_review,进入常规人工复核,0,0.03663
APP-1009,管理科学,0.74211,建议资助,0.48422,53.05,0.05303,regular_review,进入常规人工复核,1,0.34354
APP-1010,工程技术,0.76875,建议资助,0.53751,50.4,0.03326,regular_review,进入常规人工复核,1,0.78747
APP-1011,工程技术,0.15896,建议不资助,0.68207,61.16,0.05731,regular_review,进入常规人工复核,0,0.30267
APP-1012,工程技术,0.13607,建议不资助,0.72786,33.03,0.09344,fast_track,高置信且解释风险较低，可进入快速复核,0,0.19128
APP-1013,工程技术,0.62712,建议资助,0.25424,38.3,0.06326,expert_review,低置信、高风险或存在偏差审计信号，建议专家重点审查,0,0.6262
APP-1014,交叉学科,0.00769,建议不资助,0.98461,49.56,0.04677,fast_track,高置信且解释风险较低，可进入快速复核,0,0.04112
APP-1015,信息科学,0.07338,建议不资助,0.85325,78.11,0.07533,regular_review,进入常规人工复核,0,0.02434
APP-1016,生命科学,0.15117,建议不资助,0.69766,45.12,0.06757,fast_track,高置信且解释风险较低，可进入快速复核,0,0.0275
APP-1017,工程技术,0.23533,建议不资助,0.52934,54.54,0.08277,regular_review,进入常规人工复核,0,0.17952
APP-1018,交叉学科,0.17317,建议不资助,0.65366,8.77,0.04477,fast_track,高置信且解释风险较低，可进入快速复核,0,0.25552
APP-1019,生命科学,0.63541,建议资助,0.27082,36.13,0.03284,expert_review,低置信、高风险或存在偏差审计信号，建议专家重点审查,1,0.21928
APP-1020,信息科学,0.02217,建议不资助,0.95566,16.99,0.05852,fast_track,高置信且解释风险较低，可进入快速复核,0,0.01764
APP-1021,交叉学科,0.32181,建议不资助,0.35638,21.97,0.08516,regular_review,进入常规人工复核,0,0.54012
APP-1022,管理科学,0.08814,建议不资助,0.82372,57.32,0.0384,fast_track,高置信且解释风险较低，可进入快速复核,0,0.3256
APP-1023,交叉学科,0.01041,建议不资助,0.97918,100.0,0.03838,expert_review,低置信、高风险或存在偏差审计信号，建议专家重点审查,0,0.00244
APP-1024,工程技术,0.11801,建议不资助,0.76398,61.55,0.04331,regular_review,进入常规人工复核,0,0.15908
APP-1025,工程技术,0.21463,建议不资助,0.57075,56.66,0.10184,regular_review,进入常规人工复核,0,0.13735
APP-1026,信息科学,0.04409,建议不资助,0.91182,34.79,0.03172,fast_track,高置信且解释风险较低，可进入快速复核,0,0.01718
APP-1027,交叉学科,0.24846,建议不资助,0.50308,29.03,0.07276,regular_review,进入常规人工复核,0,0.27554
APP-1028,信息科学,0.09302,建议不资助,0.81395,91.12,0.09837,expert_review,低置信、高风险或存在偏差审计信号，建议专家重点审查,0,0.10759
APP-1029,管理科学,0.44251,建议不资助,0.11497,45.48,0.08316,expert_review,低置信、高风险或存在偏差审计信号，建议专家重点审查,0,0.3274
APP-1030,信息科学,0.08001,建议不资助,0.83998,10.0,0.04228,fast_track,高置信且解释风险较低，可进入快速复核,1,0.29252
APP-1031,工程技术,0.22216,建议不资助,0.55568,54.91,0.05177,regular_review,进入常规人工复核,0,0.22899
APP-1032,管理科学,0.13904,建议不资助,0.72192,41.4,0.03174,fast_track,高置信且解释风险较低，可进入快速复核,0,0.35771
APP-1033,工程技术,0.08399,建议不资助,0.83203,61.92,0.03669,regular_review,进入常规人工复核,0,0.26027
APP-1034,交叉学科,0.09843,建议不资助,0.80314,81.35,0.07093,expert_review,低置信、高风险或存在偏差审计信号，建议专家重点审查,0,0.22937
APP-1035,信息科学,0.41288,建议不资助,0.17423,57.38,0.11681,expert_review,低置信、高风险或存在偏差审计信号，建议专家重点审查,1,0.54355
APP-1036,工程技术,0.47513,建议不资助,0.04974,54.54,0.06198,expert_review,低置信、高风险或存在偏差审计信号，建议专家重点审查,1,0.63846
APP-1037,信息科学,0.03446,建议不资助,0.93108,63.19,0.03,regular_review,进入常规人工复核,0,0.05594
APP-1038,信息科学,0.14575,建议不资助,0.7085,100.0,0.06877,expert_review,低置信、高风险或存在偏差审计信号，建议专家重点审查,0,0.0368
APP-1039,信息科学,0.03805,建议不资助,0.9239,95.57,0.0704,expert_review,低置信、高风险或存在偏差审计信号，建议专家重点审查,0,0.00712
APP-1040,生命科学,0.50215,建议资助,0.00429,48.78,0.04388,expert_review,低置信、高风险或存在偏差审计信号，建议专家重点审查,1,0.73942
APP-1041,生命科学,0.51063,建议资助,0.02125,76.37,0.02318,expert_review,低置信、高风险或存在偏差审计信号，建议专家重点审查,0,0.01568
APP-1042,工程技术,0.12544,建议不资助,0.74913,85.72,0.06992,expert_review,低置信、高风险或存在偏差审计信号，建议专家重点审查,0,0.05405
APP-1043,工程技术,0.70383,建议资助,0.40767,75.5,0.05535,regular_review,进入常规人工复核,1,0.27856
APP-1044,工程技术,0.03178,建议不资助,0.93643,48.67,0.06158,fast_track,高置信且解释风险较低，可进入快速复核,0,0.13468
APP-1045,生命科学,0.45572,建议不资助,0.08856,40.04,0.04964,expert_review,低置信、高风险或存在偏差审计信号，建议专家重点审查,0,0.35908
APP-1046,信息科学,0.22507,建议不资助,0.54985,51.97,0.08028,regular_review,进入常规人工复核,0,0.2025
APP-1047,生命科学,0.36043,建议不资助,0.27914,27.2,0.09964,expert_review,低置信、高风险或存在偏差审计信号，建议专家重点审查,0,0.597
APP-1048,管理科学,0.16176,建议不资助,0.67648,67.91,0.06632,regular_review,进入常规人工复核,0,0.021
APP-1049,交叉学科,0.14275,建议不资助,0.71449,89.25,0.07977,expert_review,低置信、高风险或存在偏差审计信号，建议专家重点审查,0,0.07188
APP-1050,信息科学,0.14568,建议不资助,0.70864,42.06,0.08403,fast_track,高置信且解释风险较低，可进入快速复核,0,0.14307
APP-1051,工程技术,0.25775,建议不资助,0.48449,52.11,0.05739,regular_review,进入常规人工复核,0,0.14897
APP-1052,生命科学,0.55887,建议资助,0.11773,28.88,0.03956,expert_review,低置信、高风险或存在偏差审计信号，建议专家重点审查,1,0.86262
APP-1053,信息科学,0.03158,建议不资助,0.93684,59.34,0.04169,fast_track,高置信且解释风险较低，可进入快速复核,0,0.01962
APP-1054,生命科学,0.28968,建议不资助,0.42064,49.78,0.08782,regular_review,进入常规人工复核,1,0.284
APP-1055,信息科学,0.27191,建议不资助,0.45618,21.13,0.08247,regular_review,进入常规人工复核,0,0.33545
APP-1056,工程技术,0.29402,建议不资助,0.41196,100.0,0.03543,expert_review,低置信、高风险或存在偏差审计信号，建议专家重点审查,0,0.05259
APP-1057,交叉学科,0.12108,建议不资助,0.75785,14.43,0.0441,fast_track,高置信且解释风险较低，可进入快速复核,0,0.13211
APP-1058,生命科学,0.14923,建议不资助,0.70155,21.2,0.04134,fast_track,高置信且解释风险较低，可进入快速复核,0,0.61873
APP-1059,工程技术,0.16524,建议不资助,0.66953,76.74,0.04836,regular_review,进入常规人工复核,0,0.0557
APP-1060,管理科学,0.04923,建议不资助,0.90153,70.08,0.03268,regular_review,进入常规人工复核,0,0.07052
APP-1061,交叉学科,0.19043,建议不资助,0.61914,35.71,0.04247,regular_review,进入常规人工复核,0,0.48581
APP-1062,工程技术,0.25971,建议不资助,0.48058,44.99,0.0268,regular_review,进入常规人工复核,0,0.11893
APP-1063,信息科学,0.02351,建议不资助,0.95298,67.85,0.02953,regular_review,进入常规人工复核,0,0.06804
APP-1064,工程技术,0.70604,建议资助,0.41209,64.62,0.03082,regular_review,进入常规人工复核,1,0.73515
APP-1065,信息科学,0.22008,建议不资助,0.55984,35.92,0.03578,regular_review,进入常规人工复核,0,0.12396
APP-1066,交叉学科,0.07476,建议不资助,0.85048,69.88,0.06832,regular_review,进入常规人工复核,0,0.05548
APP-1067,信息科学,0.58194,建议资助,0.16388,67.91,0.06099,expert_review,低置信、高风险或存在偏差审计信号，建议专家重点审查,1,0.39495
APP-1068,管理科学,0.01636,建议不资助,0.96728,76.73,0.03378,regular_review,进入常规人工复核,0,0.02314
APP-1069,生命科学,0.23328,建议不资助,0.53344,49.0,0.04537,regular_review,进入常规人工复核,0,0.449
APP-1070,信息科学,0.45136,建议不资助,0.09729,77.3,0.07819,expert_review,低置信、高风险或存在偏差审计信号，建议专家重点审查,0,0.21748
APP-1071,交叉学科,0.2909,建议不资助,0.4182,55.04,0.09973,regular_review,进入常规人工复核,0,0.46191
APP-1072,工程技术,0.23343,建议不资助,0.53314,60.82,0.03778,regular_review,进入常规人工复核,0,0.45057
APP-1073,信息科学,0.02198,建议不资助,0.95603,57.16,0.04252,fast_track,高置信且解释风险较低，可进入快速复核,0,0.17579
APP-1074,交叉学科,0.11587,建议不资助,0.76825,71.53,0.08539,regular_review,进入常规人工复核,0,0.21166
APP-1075,交叉学科,0.24972,建议不资助,0.50056,61.77,0.05959,regular_review,进入常规人工复核,0,0.2389
APP-1076,信息科学,0.3276,建议不资助,0.3448,18.53,0.03951,expert_review,低置信、高风险或存在偏差审计信号，建议专家重点审查,0,0.31625
APP-1077,工程技术,0.03231,建议不资助,0.93538,37.47,0.025,fast_track,高置信且解释风险较低，可进入快速复核,0,0.04498
APP-1078,工程技术,0.45672,建议不资助,0.08656,51.66,0.07252,expert_review,低置信、高风险或存在偏差审计信号，建议专家重点审查,1,0.12737
APP-1079,工程技术,0.0723,建议不资助,0.85539,59.33,0.05404,fast_track,高置信且解释风险较低，可进入快速复核,0,0.05352
APP-1080,信息科学,0.23286,建议不资助,0.53427,66.5,0.11777,regular_review,进入常规人工复核,0,0.11446
APP-1081,信息科学,0.24068,建议不资助,0.51864,69.53,0.09229,regular_review,进入常规人工复核,0,0.06906
APP-1082,交叉学科,0.31452,建议不资助,0.37097,39.35,0.09505,regular_review,进入常规人工复核,1,0.31134
APP-1083,交叉学科,0.13421,建议不资助,0.73158,68.36,0.05151,regular_review,进入常规人工复核,1,0.15387
APP-1084,交叉学科,0.23679,建议不资助,0.52643,33.82,0.05957,regular_review,进入常规人工复核,1,0.79926
APP-1085,交叉学科,0.07561,建议不资助,0.84878,75.27,0.05826,regular_review,进入常规人工复核,0,0.05953
APP-1086,管理科学,0.33132,建议不资助,0.33736,76.6,0.03816,expert_review,低置信、高风险或存在偏差审计信号，建议专家重点审查,0,0.18739
APP-1087,管理科学,0.32135,建议不资助,0.35731,49.8,0.08487,regular_review,进入常规人工复核,1,0.18095
APP-1088,管理科学,0.55344,建议资助,0.10688,44.62,0.0539,expert_review,低置信、高风险或存在偏差审计信号，建议专家重点审查,1,0.65736
APP-1089,工程技术,0.29293,建议不资助,0.41414,36.08,0.07703,regular_review,进入常规人工复核,1,0.41668
APP-1090,信息科学,0.7141,建议资助,0.4282,38.74,0.04052,regular_review,进入常规人工复核,1,0.66813
APP-1091,信息科学,0.10343,建议不资助,0.79314,31.55,0.04685,fast_track,高置信且解释风险较低，可进入快速复核,0,0.26302
APP-1092,工程技术,0.59132,建议资助,0.18265,46.39,0.08851,expert_review,低置信、高风险或存在偏差审计信号，建议专家重点审查,0,0.79334
APP-1093,信息科学,0.13122,建议不资助,0.73755,38.81,0.03282,fast_track,高置信且解释风险较低，可进入快速复核,0,0.22893
APP-1094,信息科学,0.04879,建议不资助,0.90241,17.8,0.07661,fast_track,高置信且解释风险较低，可进入快速复核,0,0.04232
APP-1095,工程技术,0.44341,建议不资助,0.11318,40.33,0.06119,expert_review,低置信、高风险或存在偏差审计信号，建议专家重点审查,1,0.68069
APP-1096,信息科学,0.26006,建议不资助,0.47988,51.86,0.09763,regular_review,进入常规人工复核,1,0.60042
APP-1097,生命科学,0.42406,建议不资助,0.15187,43.22,0.07151,expert_review,低置信、高风险或存在偏差审计信号，建议专家重点审查,0,0.30189
APP-1098,管理科学,0.31874,建议不资助,0.36252,32.1,0.08042,regular_review,进入常规人工复核,0,0.64462
APP-1099,交叉学科,0.42595,建议不资助,0.1481,2.18,0.0764,expert_review,低置信、高风险或存在偏差审计信号，建议专家重点审查,1,0.52622
APP-1100,生命科学,0.19905,建议不资助,0.6019,72.91,0.08988,regular_review,进入常规人工复核,0,0.34078
APP-1101,生命科学,0.26969,建议不资助,0.46062,49.21,0.08587,regular_review,进入常规人工复核,0,0.07137
APP-1102,信息科学,0.39352,建议不资助,0.21296,56.41,0.02872,expert_review,低置信、高风险或存在偏差审计信号，建议专家重点审查,0,0.41644
APP-1103,管理科学,0.06037,建议不资助,0.87926,53.62,0.04223,fast_track,高置信且解释风险较低，可进入快速复核,0,0.02233
APP-1104,交叉学科,0.13828,建议不资助,0.72344,74.72,0.03057,regular_review,进入常规人工复核,0,0.08857
APP-1105,生命科学,0.11353,建议不资助,0.77294,67.67,0.08431,regular_review,进入常规人工复核,0,0.10561
APP-1106,管理科学,0.13663,建议不资助,0.72674,51.97,0.07291,fast_track,高置信且解释风险较低，可进入快速复核,0,0.25779
APP-1107,生命科学,0.06616,建议不资助,0.86768,65.27,0.04243,regular_review,进入常规人工复核,0,0.19287
APP-1108,信息科学,0.00905,建议不资助,0.98191,69.56,0.04649,regular_review,进入常规人工复核,0,0.019
APP-1109,交叉学科,0.25975,建议不资助,0.48051,77.67,0.06259,regular_review,进入常规人工复核,0,0.09157
APP-1110,生命科学,0.73089,建议资助,0.46179,48.25,0.06535,regular_review,进入常规人工复核,1,0.64773
APP-1111,生命科学,0.04484,建议不资助,0.91033,54.99,0.07769,fast_track,高置信且解释风险较低，可进入快速复核,0,0.00764
APP-1112,信息科学,0.07377,建议不资助,0.85246,17.89,0.08104,fast_track,高置信且解释风险较低，可进入快速复核,0,0.34502
APP-1113,工程技术,0.41363,建议不资助,0.17274,40.37,0.05119,expert_review,低置信、高风险或存在偏差审计信号，建议专家重点审查,1,0.56219
APP-1114,交叉学科,0.11462,建议不资助,0.77076,46.06,0.07137,fast_track,高置信且解释风险较低，可进入快速复核,0,0.10382
APP-1115,交叉学科,0.17602,建议不资助,0.64795,64.82,0.09658,regular_review,进入常规人工复核,0,0.21434
APP-1116,生命科学,0.00623,建议不资助,0.98755,47.64,0.02804,fast_track,高置信且解释风险较低，可进入快速复核,0,0.06377
APP-1117,生命科学,0.13033,建议不资助,0.73934,63.46,0.07214,regular_review,进入常规人工复核,0,0.17343
APP-1118,管理科学,0.50066,建议资助,0.00133,49.6,0.09983,expert_review,低置信、高风险或存在偏差审计信号，建议专家重点审查,1,0.22402
APP-1119,信息科学,0.17767,建议不资助,0.64466,38.45,0.10538,regular_review,进入常规人工复核,0,0.02713
APP-1120,交叉学科,0.03997,建议不资助,0.92007,33.96,0.0669,fast_track,高置信且解释风险较低，可进入快速复核,0,0.03021
APP-1121,工程技术,0.26908,建议不资助,0.46184,63.81,0.10927,regular_review,进入常规人工复核,0,0.12955
APP-1122,生命科学,0.147,建议不资助,0.70601,42.43,0.06179,fast_track,高置信且解释风险较低，可进入快速复核,0,0.15024
APP-1123,交叉学科,0.28078,建议不资助,0.43843,1.47,0.07305,regular_review,进入常规人工复核,0,0.4978
APP-1124,生命科学,0.48617,建议不资助,0.02767,62.71,0.1058,expert_review,低置信、高风险或存在偏差审计信号，建议专家重点审查,0,0.14253
APP-1125,信息科学,0.23257,建议不资助,0.53486,31.41,0.06345,regular_review,进入常规人工复核,0,0.55252
APP-1126,工程技术,0.55344,建议资助,0.10687,51.39,0.07593,expert_review,低置信、高风险或存在偏差审计信号，建议专家重点审查,0,0.33477
APP-1127,工程技术,0.19632,建议不资助,0.60737,33.72,0.05364,regular_review,进入常规人工复核,0,0.27669
APP-1128,管理科学,0.38689,建议不资助,0.22622,50.29,0.06172,expert_review,低置信、高风险或存在偏差审计信号，建议专家重点审查,0,0.40429
APP-1129,工程技术,0.63136,建议资助,0.26272,0.0,0.05479,expert_review,低置信、高风险或存在偏差审计信号，建议专家重点审查,1,0.92045
APP-1130,交叉学科,0.09399,建议不资助,0.81203,56.49,0.10952,fast_track,高置信且解释风险较低，可进入快速复核,0,0.11998
APP-1131,交叉学科,0.31001,建议不资助,0.37999,32.5,0.08321,regular_review,进入常规人工复核,0,0.53297
APP-1132,工程技术,0.29459,建议不资助,0.41082,24.65,0.0457,regular_review,进入常规人工复核,1,0.78721
APP-1133,生命科学,0.16035,建议不资助,0.67929,65.28,0.06989,regular_review,进入常规人工复核,0,0.17934
APP-1134,管理科学,0.16564,建议不资助,0.66873,47.63,0.03828,fast_track,高置信且解释风险较低，可进入快速复核,0,0.11921
APP-1135,交叉学科,0.60747,建议资助,0.21495,58.8,0.03135,expert_review,低置信、高风险或存在偏差审计信号，建议专家重点审查,0,0.56904
APP-1136,信息科学,0.4152,建议不资助,0.16959,35.51,0.06079,expert_review,低置信、高风险或存在偏差审计信号，建议专家重点审查,1,0.48852
APP-1137,工程技术,0.05805,建议不资助,0.8839,78.08,0.02857,regular_review,进入常规人工复核,0,0.04478
APP-1138,信息科学,0.19297,建议不资助,0.61406,41.31,0.07866,regular_review,进入常规人工复核,0,0.2564
APP-1139,生命科学,0.47362,建议不资助,0.05276,82.84,0.04793,expert_review,低置信、高风险或存在偏差审计信号，建议专家重点审查,1,0.25987
APP-1140,工程技术,0.27701,建议不资助,0.44598,74.59,0.06404,regular_review,进入常规人工复核,0,0.31005
APP-1141,信息科学,0.21836,建议不资助,0.56327,86.32,0.04322,expert_review,低置信、高风险或存在偏差审计信号，建议专家重点审查,0,0.10559
APP-1142,管理科学,0.07674,建议不资助,0.84652,69.36,0.05112,regular_review,进入常规人工复核,0,0.02913
APP-1143,交叉学科,0.04477,建议不资助,0.91046,37.87,0.0442,fast_track,高置信且解释风险较低，可进入快速复核,0,0.04417
APP-1144,交叉学科,0.02909,建议不资助,0.94182,51.05,0.07021,fast_track,高置信且解释风险较低，可进入快速复核,0,0.12911
APP-1145,信息科学,0.22666,建议不资助,0.54668,45.94,0.06799,regular_review,进入常规人工复核,0,0.15888
APP-1146,信息科学,0.09615,建议不资助,0.80769,67.21,0.10714,regular_review,进入常规人工复核,0,0.05853
APP-1147,管理科学,0.37507,建议不资助,0.24985,49.79,0.06626,expert_review,低置信、高风险或存在偏差审计信号，建议专家重点审查,0,0.53964
APP-1148,管理科学,0.38562,建议不资助,0.22877,45.14,0.04284,expert_review,低置信、高风险或存在偏差审计信号，建议专家重点审查,1,0.23932
APP-1149,工程技术,0.08121,建议不资助,0.83757,83.16,0.03927,expert_review,低置信、高风险或存在偏差审计信号，建议专家重点审查,0,0.01974
APP-1150,交叉学科,0.16078,建议不资助,0.67845,43.45,0.07705,fast_track,高置信且解释风险较低，可进入快速复核,0,0.51156
APP-1151,生命科学,0.20216,建议不资助,0.59568,43.26,0.06306,regular_review,进入常规人工复核,1,0.60865
APP-1152,交叉学科,0.84268,建议资助,0.68536,40.49,0.0546,fast_track,高置信且解释风险较低，可进入快速复核,0,0.3956
APP-1153,生命科学,0.46933,建议不资助,0.06133,83.64,0.10181,expert_review,低置信、高风险或存在偏差审计信号，建议专家重点审查,0,0.39389
APP-1154,生命科学,0.106,建议不资助,0.78801,53.76,0.04391,fast_track,高置信且解释风险较低，可进入快速复核,0,0.08352
APP-1155,工程技术,0.30981,建议不资助,0.38038,68.61,0.02748,regular_review,进入常规人工复核,1,0.82311
APP-1156,生命科学,0.20567,建议不资助,0.58867,54.72,0.11187,regular_review,进入常规人工复核,0,0.31204
APP-1157,生命科学,0.42566,建议不资助,0.14868,6.14,0.07384,expert_review,低置信、高风险或存在偏差审计信号，建议专家重点审查,0,0.58738
APP-1158,生命科学,0.88149,建议资助,0.76298,32.44,0.04068,fast_track,高置信且解释风险较低，可进入快速复核,1,0.7516
APP-1159,信息科学,0.03282,建议不资助,0.93436,57.78,0.04643,fast_track,高置信且解释风险较低，可进入快速复核,0,0.01126
APP-1160,管理科学,0.17621,建议不资助,0.64758,60.55,0.09508,regular_review,进入常规人工复核,1,0.20849
APP-1161,生命科学,0.40524,建议不资助,0.18952,30.31,0.10854,expert_review,低置信、高风险或存在偏差审计信号，建议专家重点审查,1,0.47213
APP-1162,工程技术,0.22898,建议不资助,0.54203,29.7,0.08794,regular_review,进入常规人工复核,0,0.4569
APP-1163,交叉学科,0.4141,建议不资助,0.1718,53.45,0.07303,expert_review,低置信、高风险或存在偏差审计信号，建议专家重点审查,0,0.16007
APP-1164,生命科学,0.10967,建议不资助,0.78065,76.53,0.06951,regular_review,进入常规人工复核,0,0.0368
APP-1165,生命科学,0.32263,建议不资助,0.35473,6.94,0.03938,regular_review,进入常规人工复核,0,0.37203
APP-1166,交叉学科,0.07235,建议不资助,0.85529,0.0,0.05151,fast_track,高置信且解释风险较低，可进入快速复核,0,0.35182
APP-1167,交叉学科,0.13438,建议不资助,0.73123,84.71,0.07047,expert_review,低置信、高风险或存在偏差审计信号，建议专家重点审查,0,0.16545
APP-1168,工程技术,0.44865,建议不资助,0.10269,19.39,0.05008,expert_review,低置信、高风险或存在偏差审计信号，建议专家重点审查,0,0.0506
APP-1169,管理科学,0.19111,建议不资助,0.61778,41.89,0.04715,regular_review,进入常规人工复核,0,0.08953
APP-1170,生命科学,0.47579,建议不资助,0.04841,24.19,0.03126,expert_review,低置信、高风险或存在偏差审计信号，建议专家重点审查,0,0.40155
APP-1171,信息科学,0.47954,建议不资助,0.04091,43.95,0.05274,expert_review,低置信、高风险或存在偏差审计信号，建议专家重点审查,1,0.28046
APP-1172,管理科学,0.0213,建议不资助,0.95739,47.28,0.04109,fast_track,高置信且解释风险较低，可进入快速复核,0,0.00778
APP-1173,信息科学,0.02239,建议不资助,0.95522,82.21,0.07802,expert_review,低置信、高风险或存在偏差审计信号，建议专家重点审查,0,0.00634
APP-1174,管理科学,0.33329,建议不资助,0.33343,81.7,0.04765,expert_review,低置信、高风险或存在偏差审计信号，建议专家重点审查,0,0.23641
APP-1175,工程技术,0.68508,建议资助,0.37017,24.34,0.05088,regular_review,进入常规人工复核,1,0.86306
APP-1176,管理科学,0.10482,建议不资助,0.79036,11.84,0.03201,fast_track,高置信且解释风险较低，可进入快速复核,0,0.19746
APP-1177,工程技术,0.15895,建议不资助,0.6821,59.99,0.04124,fast_track,高置信且解释风险较低，可进入快速复核,0,0.11834
APP-1178,信息科学,0.26254,建议不资助,0.47491,39.61,0.07284,regular_review,进入常规人工复核,0,0.22836
APP-1179,生命科学,0.17544,建议不资助,0.64913,35.54,0.04356,regular_review,进入常规人工复核,0,0.51005
APP-1180,生命科学,0.12632,建议不资助,0.74735,73.7,0.07525,regular_review,进入常规人工复核,0,0.07568
APP-1181,管理科学,0.26057,建议不资助,0.47886,14.87,0.06443,regular_review,进入常规人工复核,0,0.40819
APP-1182,生命科学,0.43124,建议不资助,0.13752,42.67,0.08893,expert_review,低置信、高风险或存在偏差审计信号，建议专家重点审查,0,0.2412
APP-1183,生命科学,0.07654,建议不资助,0.84691,62.62,0.03796,regular_review,进入常规人工复核,0,0.12936
APP-1184,生命科学,0.47447,建议不资助,0.05107,30.61,0.04315,expert_review,低置信、高风险或存在偏差审计信号，建议专家重点审查,1,0.43932
APP-1185,生命科学,0.14562,建议不资助,0.70875,79.19,0.07876,regular_review,进入常规人工复核,0,0.02232
APP-1186,交叉学科,0.6169,建议资助,0.2338,29.77,0.02826,expert_review,低置信、高风险或存在偏差审计信号，建议专家重点审查,1,0.47803
APP-1187,信息科学,0.03117,建议不资助,0.93766,62.5,0.04932,regular_review,进入常规人工复核,0,0.0248
APP-1188,交叉学科,0.13842,建议不资助,0.72316,36.13,0.05281,fast_track,高置信且解释风险较低，可进入快速复核,0,0.2368
APP-1189,生命科学,0.60194,建议资助,0.20389,4.64,0.04078,expert_review,低置信、高风险或存在偏差审计信号，建议专家重点审查,1,0.56732
APP-1190,工程技术,0.89433,建议资助,0.78867,52.84,0.02837,fast_track,高置信且解释风险较低，可进入快速复核,1,0.95687
APP-1191,信息科学,0.33172,建议不资助,0.33656,75.48,0.06718,expert_review,低置信、高风险或存在偏差审计信号，建议专家重点审查,0,0.14452
APP-1192,信息科学,0.06772,建议不资助,0.86456,47.47,0.04069,fast_track,高置信且解释风险较低，可进入快速复核,0,0.23279
APP-1193,交叉学科,0.47722,建议不资助,0.04556,37.44,0.09255,expert_review,低置信、高风险或存在偏差审计信号，建议专家重点审查,0,0.56298
APP-1194,交叉学科,0.69099,建议资助,0.38198,39.67,0.06454,regular_review,进入常规人工复核,1,0.67214
APP-1195,交叉学科,0.10623,建议不资助,0.78754,60.72,0.10557,regular_review,进入常规人工复核,0,0.23158
APP-1196,生命科学,0.05178,建议不资助,0.89643,42.81,0.04521,fast_track,高置信且解释风险较低，可进入快速复核,0,0.02729
APP-1197,信息科学,0.11637,建议不资助,0.76725,66.76,0.10652,regular_review,进入常规人工复核,0,0.25604
APP-1198,工程技术,0.21912,建议不资助,0.56175,57.73,0.06526,regular_review,进入常规人工复核,0,0.16304
APP-1199,信息科学,0.25226,建议不资助,0.49548,39.53,0.08328,regular_review,进入常规人工复核,0,0.20964
APP-1200,管理科学,0.03432,建议不资助,0.93135,83.79,0.0763,expert_review,低置信、高风险或存在偏差审计信号，建议专家重点审查,0,0.01276
APP-1201,工程技术,0.14077,建议不资助,0.71847,29.49,0.02672,fast_track,高置信且解释风险较低，可进入快速复核,0,0.52598
APP-1202,工程技术,0.0364,建议不资助,0.9272,64.06,0.05446,regular_review,进入常规人工复核,0,0.0053
APP-1203,交叉学科,0.27173,建议不资助,0.45655,76.64,0.05713,regular_review,进入常规人工复核,0,0.29753
APP-1204,管理科学,0.42135,建议不资助,0.1573,59.58,0.07538,expert_review,低置信、高风险或存在偏差审计信号，建议专家重点审查,1,0.04974
APP-1205,生命科学,0.14877,建议不资助,0.70246,59.23,0.03675,fast_track,高置信且解释风险较低，可进入快速复核,0,0.47437
APP-1206,生命科学,0.06146,建议不资助,0.87707,60.61,0.05553,regular_review,进入常规人工复核,0,0.07504
APP-1207,工程技术,0.1184,建议不资助,0.7632,42.57,0.08995,fast_track,高置信且解释风险较低，可进入快速复核,0,0.10639
APP-1208,工程技术,0.72955,建议资助,0.45911,6.4,0.04794,regular_review,进入常规人工复核,1,0.63153
APP-1209,信息科学,0.32392,建议不资助,0.35216,45.01,0.06542,regular_review,进入常规人工复核,1,0.24985
APP-1210,信息科学,0.11916,建议不资助,0.76167,82.92,0.0383,expert_review,低置信、高风险或存在偏差审计信号，建议专家重点审查,0,0.12818
APP-1211,管理科学,0.41728,建议不资助,0.16544,75.37,0.08379,expert_review,低置信、高风险或存在偏差审计信号，建议专家重点审查,0,0.16581
APP-1212,交叉学科,0.19602,建议不资助,0.60796,51.54,0.06201,regular_review,进入常规人工复核,0,0.13917
APP-1213,工程技术,0.07856,建议不资助,0.84289,65.12,0.0481,regular_review,进入常规人工复核,0,0.12357
APP-1214,信息科学,0.04317,建议不资助,0.91366,56.63,0.06869,fast_track,高置信且解释风险较低，可进入快速复核,0,0.03177
APP-1215,信息科学,0.01507,建议不资助,0.96987,50.59,0.08108,fast_track,高置信且解释风险较低，可进入快速复核,0,0.00952
APP-1216,工程技术,0.44678,建议不资助,0.10644,52.85,0.05664,expert_review,低置信、高风险或存在偏差审计信号，建议专家重点审查,1,0.21339
APP-1217,信息科学,0.43843,建议不资助,0.12313,71.56,0.02396,expert_review,低置信、高风险或存在偏差审计信号，建议专家重点审查,1,0.51692
APP-1218,工程技术,0.30966,建议不资助,0.38067,39.28,0.08117,regular_review,进入常规人工复核,1,0.25512
APP-1219,工程技术,0.24324,建议不资助,0.51352,55.96,0.07617,regular_review,进入常规人工复核,1,0.17669
APP-1220,生命科学,0.10845,建议不资助,0.7831,67.58,0.04788,regular_review,进入常规人工复核,1,0.08148
APP-1221,生命科学,0.53033,建议资助,0.06066,46.11,0.06761,expert_review,低置信、高风险或存在偏差审计信号，建议专家重点审查,0,0.56247
APP-1222,生命科学,0.31016,建议不资助,0.37969,61.62,0.06181,regular_review,进入常规人工复核,0,0.50235
APP-1223,交叉学科,0.77426,建议资助,0.54852,79.34,0.03494,regular_review,进入常规人工复核,1,0.73547
APP-1224,工程技术,0.12541,建议不资助,0.74919,48.47,0.07192,fast_track,高置信且解释风险较低，可进入快速复核,0,0.04988
APP-1225,生命科学,0.02536,建议不资助,0.94928,43.01,0.03686,fast_track,高置信且解释风险较低，可进入快速复核,0,0.0138
APP-1226,交叉学科,0.034,建议不资助,0.932,23.6,0.03242,fast_track,高置信且解释风险较低，可进入快速复核,0,0.04363
APP-1227,工程技术,0.10193,建议不资助,0.79613,28.07,0.05408,fast_track,高置信且解释风险较低，可进入快速复核,0,0.37784
APP-1228,工程技术,0.21805,建议不资助,0.5639,72.02,0.05422,regular_review,进入常规人工复核,0,0.24731
APP-1229,交叉学科,0.64186,建议资助,0.28372,64.49,0.03666,expert_review,低置信、高风险或存在偏差审计信号，建议专家重点审查,1,0.58905
APP-1230,生命科学,0.36193,建议不资助,0.27614,30.2,0.09965,expert_review,低置信、高风险或存在偏差审计信号，建议专家重点审查,1,0.60354
APP-1231,生命科学,0.13362,建议不资助,0.73276,64.12,0.06869,regular_review,进入常规人工复核,0,0.04054
APP-1232,工程技术,0.35978,建议不资助,0.28045,67.39,0.0492,expert_review,低置信、高风险或存在偏差审计信号，建议专家重点审查,1,0.16065
APP-1233,生命科学,0.54793,建议资助,0.09585,68.71,0.05362,expert_review,低置信、高风险或存在偏差审计信号，建议专家重点审查,1,0.8865
APP-1234,工程技术,0.03619,建议不资助,0.92762,93.31,0.04066,expert_review,低置信、高风险或存在偏差审计信号，建议专家重点审查,0,0.00394
APP-1235,生命科学,0.06145,建议不资助,0.87711,79.41,0.05317,regular_review,进入常规人工复核,0,0.01657
APP-1236,生命科学,0.7104,建议资助,0.42079,36.18,0.04453,regular_review,进入常规人工复核,0,0.52461
APP-1237,生命科学,0.11746,建议不资助,0.76509,64.87,0.06526,regular_review,进入常规人工复核,0,0.03822
APP-1238,信息科学,0.51995,建议资助,0.03991,29.16,0.05567,expert_review,低置信、高风险或存在偏差审计信号，建议专家重点审查,1,0.19386
APP-1239,生命科学,0.4676,建议不资助,0.06479,100.0,0.03187,expert_review,低置信、高风险或存在偏差审计信号，建议专家重点审查,0,0.04293
APP-1240,生命科学,0.0881,建议不资助,0.8238,25.47,0.03449,fast_track,高置信且解释风险较低，可进入快速复核,0,0.06439
APP-1241,交叉学科,0.02034,建议不资助,0.95932,58.77,0.05676,fast_track,高置信且解释风险较低，可进入快速复核,0,0.05772
APP-1242,信息科学,0.18976,建议不资助,0.62047,50.04,0.10388,regular_review,进入常规人工复核,0,0.06547
APP-1243,信息科学,0.03445,建议不资助,0.93109,48.67,0.04957,fast_track,高置信且解释风险较低，可进入快速复核,0,0.08684
APP-1244,生命科学,0.32158,建议不资助,0.35683,52.82,0.04275,regular_review,进入常规人工复核,0,0.19193
APP-1245,信息科学,0.14934,建议不资助,0.70131,77.24,0.0746,regular_review,进入常规人工复核,1,0.18648
APP-1246,信息科学,0.15518,建议不资助,0.68964,61.33,0.04521,regular_review,进入常规人工复核,0,0.08714
APP-1247,工程技术,0.16098,建议不资助,0.67803,62.13,0.08289,regular_review,进入常规人工复核,0,0.05004
APP-1248,生命科学,0.06828,建议不资助,0.86345,84.64,0.04849,expert_review,低置信、高风险或存在偏差审计信号，建议专家重点审查,0,0.08046
APP-1249,交叉学科,0.15294,建议不资助,0.69412,47.63,0.02478,fast_track,高置信且解释风险较低，可进入快速复核,0,0.06468
APP-1250,交叉学科,0.24766,建议不资助,0.50468,67.18,0.04579,regular_review,进入常规人工复核,0,0.03192
APP-1251,生命科学,0.37124,建议不资助,0.25752,32.7,0.067,expert_review,低置信、高风险或存在偏差审计信号，建议专家重点审查,0,0.58178
APP-1252,生命科学,0.42956,建议不资助,0.14089,24.26,0.05465,expert_review,低置信、高风险或存在偏差审计信号，建议专家重点审查,0,0.25525
APP-1253,生命科学,0.6807,建议资助,0.3614,64.2,0.07198,regular_review,进入常规人工复核,1,0.66433
APP-1254,工程技术,0.1994,建议不资助,0.60119,56.16,0.07742,regular_review,进入常规人工复核,0,0.04
APP-1255,生命科学,0.02336,建议不资助,0.95328,92.93,0.05582,expert_review,低置信、高风险或存在偏差审计信号，建议专家重点审查,0,0.01781
APP-1256,交叉学科,0.74727,建议资助,0.49453,40.85,0.03552,regular_review,进入常规人工复核,1,0.50929
APP-1257,管理科学,0.50231,建议资助,0.00462,69.43,0.05976,expert_review,低置信、高风险或存在偏差审计信号，建议专家重点审查,0,0.27468
APP-1258,管理科学,0.43284,建议不资助,0.13431,45.09,0.04418,expert_review,低置信、高风险或存在偏差审计信号，建议专家重点审查,0,0.16956
APP-1259,工程技术,0.03048,建议不资助,0.93903,66.96,0.06086,regular_review,进入常规人工复核,0,0.01403
APP-1260,交叉学科,0.21759,建议不资助,0.56483,65.38,0.04726,regular_review,进入常规人工复核,0,0.07171
APP-1261,生命科学,0.09226,建议不资助,0.81548,49.45,0.04937,fast_track,高置信且解释风险较低，可进入快速复核,0,0.22025
APP-1262,信息科学,0.67595,建议资助,0.3519,35.19,0.07166,regular_review,进入常规人工复核,1,0.86645
APP-1263,信息科学,0.18494,建议不资助,0.63012,57.26,0.05481,regular_review,进入常规人工复核,0,0.15182
APP-1264,交叉学科,0.02166,建议不资助,0.95668,27.74,0.03772,fast_track,高置信且解释风险较低，可进入快速复核,0,0.01448
APP-1265,工程技术,0.05401,建议不资助,0.89197,57.3,0.04583,fast_track,高置信且解释风险较低，可进入快速复核,0,0.0772
APP-1266,管理科学,0.93551,建议资助,0.87101,6.95,0.05664,fast_track,高置信且解释风险较低，可进入快速复核,1,0.96394
APP-1267,生命科学,0.71128,建议资助,0.42256,42.85,0.05914,regular_review,进入常规人工复核,1,0.84837
APP-1268,交叉学科,0.13229,建议不资助,0.73543,68.08,0.05128,regular_review,进入常规人工复核,0,0.24587
APP-1269,工程技术,0.13908,建议不资助,0.72183,71.02,0.07616,regular_review,进入常规人工复核,0,0.05371
APP-1270,工程技术,0.63324,建议资助,0.26648,17.76,0.08776,expert_review,低置信、高风险或存在偏差审计信号，建议专家重点审查,1,0.73696
APP-1271,交叉学科,0.13142,建议不资助,0.73716,61.66,0.06393,regular_review,进入常规人工复核,0,0.1794
APP-1272,信息科学,0.31089,建议不资助,0.37822,27.18,0.04173,regular_review,进入常规人工复核,0,0.07567
APP-1273,信息科学,0.27507,建议不资助,0.44985,42.43,0.09511,regular_review,进入常规人工复核,0,0.28485
APP-1274,工程技术,0.37957,建议不资助,0.24086,76.97,0.08143,expert_review,低置信、高风险或存在偏差审计信号，建议专家重点审查,1,0.70996
APP-1275,生命科学,0.20633,建议不资助,0.58735,30.5,0.04282,regular_review,进入常规人工复核,1,0.3263
APP-1276,信息科学,0.14224,建议不资助,0.71552,78.54,0.05576,regular_review,进入常规人工复核,0,0.47454
APP-1277,生命科学,0.64812,建议资助,0.29625,55.14,0.04866,expert_review,低置信、高风险或存在偏差审计信号，建议专家重点审查,0,0.65615
APP-1278,生命科学,0.14311,建议不资助,0.71378,59.25,0.06465,fast_track,高置信且解释风险较低，可进入快速复核,0,0.05919
APP-1279,交叉学科,0.31999,建议不资助,0.36002,71.54,0.07159,regular_review,进入常规人工复核,0,0.15304
APP-1280,工程技术,0.07151,建议不资助,0.85699,67.81,0.05396,regular_review,进入常规人工复核,0,0.03983
APP-1281,信息科学,0.08414,建议不资助,0.83173,66.06,0.07291,regular_review,进入常规人工复核,0,0.0386
APP-1282,信息科学,0.2801,建议不资助,0.4398,36.85,0.05198,regular_review,进入常规人工复核,0,0.37304
APP-1283,信息科学,0.04989,建议不资助,0.90022,27.78,0.037,fast_track,高置信且解释风险较低，可进入快速复核,0,0.07498
APP-1284,工程技术,0.41943,建议不资助,0.16113,44.35,0.07959,expert_review,低置信、高风险或存在偏差审计信号，建议专家重点审查,0,0.17284
APP-1285,交叉学科,0.05939,建议不资助,0.88122,59.49,0.10506,fast_track,高置信且解释风险较低，可进入快速复核,0,0.10561
APP-1286,交叉学科,0.62411,建议资助,0.24821,24.29,0.04294,expert_review,低置信、高风险或存在偏差审计信号，建议专家重点审查,1,0.6216
APP-1287,信息科学,0.10237,建议不资助,0.79526,71.7,0.03256,regular_review,进入常规人工复核,0,0.02965
APP-1288,信息科学,0.28934,建议不资助,0.42133,72.84,0.02874,regular_review,进入常规人工复核,0,0.29276
APP-1289,信息科学,0.31324,建议不资助,0.37353,46.36,0.08037,regular_review,进入常规人工复核,0,0.38884
APP-1290,工程技术,0.12116,建议不资助,0.75768,51.23,0.11066,fast_track,高置信且解释风险较低，可进入快速复核,0,0.08938
APP-1291,工程技术,0.14763,建议不资助,0.70473,67.53,0.08389,regular_review,进入常规人工复核,0,0.0922
APP-1292,工程技术,0.0546,建议不资助,0.89079,58.83,0.05135,fast_track,高置信且解释风险较低，可进入快速复核,0,0.03302
APP-1293,工程技术,0.22941,建议不资助,0.54118,70.2,0.03325,regular_review,进入常规人工复核,0,0.06371
APP-1294,信息科学,0.41717,建议不资助,0.16566,100.0,0.05073,expert_review,低置信、高风险或存在偏差审计信号，建议专家重点审查,0,0.24375
APP-1295,信息科学,0.09445,建议不资助,0.81109,53.38,0.07831,fast_track,高置信且解释风险较低，可进入快速复核,0,0.15568
APP-1296,信息科学,0.53591,建议资助,0.07182,37.12,0.05497,expert_review,低置信、高风险或存在偏差审计信号，建议专家重点审查,1,0.52217
APP-1297,生命科学,0.71674,建议资助,0.43347,32.74,0.04631,regular_review,进入常规人工复核,1,0.92773
APP-1298,生命科学,0.18445,建议不资助,0.6311,21.84,0.05297,regular_review,进入常规人工复核,0,0.2444
APP-1299,管理科学,0.36496,建议不资助,0.27008,34.85,0.05078,expert_review,低置信、高风险或存在偏差审计信号，建议专家重点审查,0,0.24961
APP-1300,信息科学,0.25153,建议不资助,0.49695,63.79,0.07018,regular_review,进入常规人工复核,0,0.30936
APP-1301,生命科学,0.77037,建议资助,0.54074,48.21,0.06715,regular_review,进入常规人工复核,1,0.87683
APP-1302,工程技术,0.14719,建议不资助,0.70562,67.73,0.03317,regular_review,进入常规人工复核,0,0.55179
APP-1303,管理科学,0.35347,建议不资助,0.29305,35.36,0.09799,expert_review,低置信、高风险或存在偏差审计信号，建议专家重点审查,0,0.68657
APP-1304,信息科学,0.14381,建议不资助,0.71238,59.11,0.05416,fast_track,高置信且解释风险较低，可进入快速复核,0,0.36293
APP-1305,交叉学科,0.10084,建议不资助,0.79832,67.45,0.04051,regular_review,进入常规人工复核,0,0.02534
APP-1306,交叉学科,0.31496,建议不资助,0.37008,47.15,0.05953,regular_review,进入常规人工复核,0,0.19487
APP-1307,工程技术,0.18294,建议不资助,0.63413,58.7,0.09189,regular_review,进入常规人工复核,0,0.0587
APP-1308,工程技术,0.04398,建议不资助,0.91203,41.19,0.03168,fast_track,高置信且解释风险较低，可进入快速复核,0,0.05177
APP-1309,生命科学,0.10204,建议不资助,0.79591,41.19,0.04023,fast_track,高置信且解释风险较低，可进入快速复核,0,0.06117
APP-1310,交叉学科,0.0706,建议不资助,0.8588,61.07,0.09307,regular_review,进入常规人工复核,0,0.03392
APP-1311,信息科学,0.06357,建议不资助,0.87286,63.81,0.06488,regular_review,进入常规人工复核,0,0.0245
APP-1312,交叉学科,0.11764,建议不资助,0.76471,61.87,0.12931,regular_review,进入常规人工复核,0,0.01625
APP-1313,工程技术,0.06768,建议不资助,0.86463,69.11,0.04995,regular_review,进入常规人工复核,0,0.01616
APP-1314,生命科学,0.60981,建议资助,0.21961,45.02,0.06525,expert_review,低置信、高风险或存在偏差审计信号，建议专家重点审查,0,0.77116
APP-1315,生命科学,0.5838,建议资助,0.1676,46.5,0.07231,expert_review,低置信、高风险或存在偏差审计信号，建议专家重点审查,1,0.79798
APP-1316,管理科学,0.6282,建议资助,0.2564,44.3,0.04215,expert_review,低置信、高风险或存在偏差审计信号，建议专家重点审查,0,0.73952
APP-1317,工程技术,0.2973,建议不资助,0.40539,64.19,0.06934,regular_review,进入常规人工复核,0,0.21378
APP-1318,生命科学,0.01589,建议不资助,0.96823,47.23,0.02977,fast_track,高置信且解释风险较低，可进入快速复核,0,0.05672
APP-1319,管理科学,0.04394,建议不资助,0.91212,52.52,0.08108,fast_track,高置信且解释风险较低，可进入快速复核,0,0.06786
APP-1320,交叉学科,0.61238,建议资助,0.22477,35.59,0.08815,expert_review,低置信、高风险或存在偏差审计信号，建议专家重点审查,1,0.81107
APP-1321,工程技术,0.47374,建议不资助,0.05252,29.45,0.05163,expert_review,低置信、高风险或存在偏差审计信号，建议专家重点审查,0,0.73247
APP-1322,工程技术,0.59894,建议资助,0.19787,38.81,0.02831,expert_review,低置信、高风险或存在偏差审计信号，建议专家重点审查,0,0.46656
APP-1323,生命科学,0.33549,建议不资助,0.32903,58.33,0.07565,expert_review,低置信、高风险或存在偏差审计信号，建议专家重点审查,0,0.0949
APP-1324,管理科学,0.11321,建议不资助,0.77359,49.14,0.05979,fast_track,高置信且解释风险较低，可进入快速复核,0,0.12071
APP-1325,信息科学,0.36613,建议不资助,0.26774,51.55,0.09576,expert_review,低置信、高风险或存在偏差审计信号，建议专家重点审查,1,0.53581
APP-1326,交叉学科,0.11179,建议不资助,0.77642,63.27,0.04153,regular_review,进入常规人工复核,0,0.0894
APP-1327,信息科学,0.21694,建议不资助,0.56611,79.16,0.04711,regular_review,进入常规人工复核,0,0.18258
APP-1328,工程技术,0.04863,建议不资助,0.90274,40.1,0.06215,fast_track,高置信且解释风险较低，可进入快速复核,0,0.07591
APP-1329,信息科学,0.38658,建议不资助,0.22684,28.32,0.09275,expert_review,低置信、高风险或存在偏差审计信号，建议专家重点审查,0,0.51099
APP-1330,生命科学,0.18325,建议不资助,0.63349,68.9,0.07122,regular_review,进入常规人工复核,0,0.26703
APP-1331,管理科学,0.13299,建议不资助,0.73403,50.31,0.08369,fast_track,高置信且解释风险较低，可进入快速复核,0,0.06318
APP-1332,工程技术,0.12205,建议不资助,0.7559,46.33,0.04835,fast_track,高置信且解释风险较低，可进入快速复核,0,0.51822
APP-1333,工程技术,0.1248,建议不资助,0.75041,70.36,0.05426,regular_review,进入常规人工复核,1,0.0258
APP-1334,交叉学科,0.39544,建议不资助,0.20911,44.75,0.08251,expert_review,低置信、高风险或存在偏差审计信号，建议专家重点审查,1,0.42254
APP-1335,交叉学科,0.02592,建议不资助,0.94816,72.84,0.03234,regular_review,进入常规人工复核,0,0.00994
APP-1336,交叉学科,0.43619,建议不资助,0.12762,69.89,0.03086,expert_review,低置信、高风险或存在偏差审计信号，建议专家重点审查,1,0.13288
APP-1337,生命科学,0.14787,建议不资助,0.70426,100.0,0.02631,expert_review,低置信、高风险或存在偏差审计信号，建议专家重点审查,0,0.05069
APP-1338,工程技术,0.02211,建议不资助,0.95578,47.31,0.05699,fast_track,高置信且解释风险较低，可进入快速复核,0,0.02683
APP-1339,交叉学科,0.04894,建议不资助,0.90211,68.74,0.06047,regular_review,进入常规人工复核,0,0.06441
APP-1340,信息科学,0.49522,建议不资助,0.00956,44.99,0.05793,expert_review,低置信、高风险或存在偏差审计信号，建议专家重点审查,1,0.49587
APP-1341,生命科学,0.33782,建议不资助,0.32436,73.79,0.03048,expert_review,低置信、高风险或存在偏差审计信号，建议专家重点审查,0,0.25159
APP-1342,管理科学,0.00457,建议不资助,0.99086,46.08,0.03023,fast_track,高置信且解释风险较低，可进入快速复核,0,0.0027
APP-1343,工程技术,0.15951,建议不资助,0.68098,71.34,0.05349,regular_review,进入常规人工复核,0,0.04347
APP-1344,工程技术,0.11817,建议不资助,0.76366,53.54,0.07002,fast_track,高置信且解释风险较低，可进入快速复核,0,0.08646
APP-1345,交叉学科,0.18961,建议不资助,0.62078,71.64,0.05218,regular_review,进入常规人工复核,0,0.16088
APP-1346,工程技术,0.53379,建议资助,0.06757,42.39,0.0378,expert_review,低置信、高风险或存在偏差审计信号，建议专家重点审查,1,0.65579
APP-1347,信息科学,0.14535,建议不资助,0.7093,34.07,0.04325,fast_track,高置信且解释风险较低，可进入快速复核,0,0.26527
APP-1348,信息科学,0.04769,建议不资助,0.90463,12.36,0.0596,fast_track,高置信且解释风险较低，可进入快速复核,0,0.02679
APP-1349,信息科学,0.08181,建议不资助,0.83637,57.32,0.02884,fast_track,高置信且解释风险较低，可进入快速复核,0,0.08898
APP-1350,生命科学,0.13735,建议不资助,0.72529,37.02,0.0646,fast_track,高置信且解释风险较低，可进入快速复核,1,0.18383
APP-1351,管理科学,0.01766,建议不资助,0.96468,93.91,0.03395,expert_review,低置信、高风险或存在偏差审计信号，建议专家重点审查,0,0.01982
APP-1352,交叉学科,0.61389,建议资助,0.22778,54.53,0.0453,expert_review,低置信、高风险或存在偏差审计信号，建议专家重点审查,0,0.57073
APP-1353,信息科学,0.12878,建议不资助,0.74243,74.93,0.09046,regular_review,进入常规人工复核,0,0.14794
APP-1354,信息科学,0.07525,建议不资助,0.84949,72.89,0.03822,regular_review,进入常规人工复核,0,0.15304
APP-1355,交叉学科,0.32917,建议不资助,0.34167,55.13,0.05317,expert_review,低置信、高风险或存在偏差审计信号，建议专家重点审查,0,0.38515
APP-1356,生命科学,0.84041,建议资助,0.68082,35.27,0.05931,fast_track,高置信且解释风险较低，可进入快速复核,0,0.81022
APP-1357,工程技术,0.07114,建议不资助,0.85772,47.31,0.05949,fast_track,高置信且解释风险较低，可进入快速复核,0,0.05766
APP-1358,工程技术,0.07385,建议不资助,0.85231,72.7,0.06561,regular_review,进入常规人工复核,0,0.17043
APP-1359,管理科学,0.59953,建议资助,0.19905,95.71,0.04168,expert_review,低置信、高风险或存在偏差审计信号，建议专家重点审查,1,0.48453
APP-1360,生命科学,0.10707,建议不资助,0.78587,25.3,0.0452,fast_track,高置信且解释风险较低，可进入快速复核,0,0.12631
APP-1361,工程技术,0.28717,建议不资助,0.42566,57.67,0.05991,regular_review,进入常规人工复核,0,0.24885
APP-1362,信息科学,0.22847,建议不资助,0.54306,37.91,0.04293,regular_review,进入常规人工复核,0,0.26618
APP-1363,工程技术,0.27807,建议不资助,0.44386,42.77,0.06687,regular_review,进入常规人工复核,0,0.08709
APP-1364,生命科学,0.09892,建议不资助,0.80216,84.14,0.09159,expert_review,低置信、高风险或存在偏差审计信号，建议专家重点审查,0,0.03116
APP-1365,工程技术,0.16301,建议不资助,0.67397,34.61,0.08242,fast_track,高置信且解释风险较低，可进入快速复核,1,0.28035
APP-1366,工程技术,0.11721,建议不资助,0.76558,17.85,0.06748,fast_track,高置信且解释风险较低，可进入快速复核,0,0.23529
APP-1367,生命科学,0.46036,建议不资助,0.07927,60.08,0.0606,expert_review,低置信、高风险或存在偏差审计信号，建议专家重点审查,0,0.49054
APP-1368,生命科学,0.11494,建议不资助,0.77012,57.59,0.05509,fast_track,高置信且解释风险较低，可进入快速复核,0,0.18637
APP-1369,生命科学,0.48796,建议不资助,0.02407,43.83,0.0653,expert_review,低置信、高风险或存在偏差审计信号，建议专家重点审查,0,0.65698
APP-1370,信息科学,0.19745,建议不资助,0.6051,36.37,0.06595,regular_review,进入常规人工复核,0,0.30682
APP-1371,生命科学,0.75087,建议资助,0.50174,56.75,0.04476,regular_review,进入常规人工复核,0,0.80009
APP-1372,交叉学科,0.40123,建议不资助,0.19753,23.0,0.03425,expert_review,低置信、高风险或存在偏差审计信号，建议专家重点审查,1,0.55998
APP-1373,信息科学,0.12891,建议不资助,0.74217,58.44,0.05776,fast_track,高置信且解释风险较低，可进入快速复核,1,0.21149
APP-1374,管理科学,0.1723,建议不资助,0.6554,43.05,0.06371,fast_track,高置信且解释风险较低，可进入快速复核,0,0.21109
APP-1375,交叉学科,0.04204,建议不资助,0.91592,77.74,0.05467,regular_review,进入常规人工复核,0,0.05276
APP-1376,生命科学,0.04612,建议不资助,0.90777,56.37,0.06704,fast_track,高置信且解释风险较低，可进入快速复核,0,0.00701
APP-1377,工程技术,0.08915,建议不资助,0.8217,46.93,0.08087,fast_track,高置信且解释风险较低，可进入快速复核,0,0.13086
APP-1378,交叉学科,0.68083,建议资助,0.36166,45.41,0.04318,regular_review,进入常规人工复核,1,0.20838
APP-1379,工程技术,0.0778,建议不资助,0.8444,11.33,0.06779,fast_track,高置信且解释风险较低，可进入快速复核,0,0.03676
APP-1380,信息科学,0.33138,建议不资助,0.33725,47.52,0.06065,expert_review,低置信、高风险或存在偏差审计信号，建议专家重点审查,0,0.06289
APP-1381,信息科学,0.16289,建议不资助,0.67423,45.94,0.06385,fast_track,高置信且解释风险较低，可进入快速复核,0,0.05375
APP-1382,生命科学,0.15063,建议不资助,0.69874,58.93,0.06771,fast_track,高置信且解释风险较低，可进入快速复核,0,0.24492
APP-1383,工程技术,0.82488,建议资助,0.64975,50.76,0.03576,regular_review,进入常规人工复核,1,0.88882
APP-1384,交叉学科,0.04641,建议不资助,0.90718,72.57,0.04094,regular_review,进入常规人工复核,0,0.01271
APP-1385,交叉学科,0.3412,建议不资助,0.3176,58.1,0.04206,expert_review,低置信、高风险或存在偏差审计信号，建议专家重点审查,0,0.69871
APP-1386,生命科学,0.36231,建议不资助,0.27538,33.12,0.06839,expert_review,低置信、高风险或存在偏差审计信号，建议专家重点审查,1,0.14999
APP-1387,管理科学,0.09356,建议不资助,0.81288,16.71,0.06116,fast_track,高置信且解释风险较低，可进入快速复核,0,0.10365
APP-1388,信息科学,0.15516,建议不资助,0.68968,41.08,0.07554,fast_track,高置信且解释风险较低，可进入快速复核,0,0.03472
APP-1389,交叉学科,0.01684,建议不资助,0.96631,29.06,0.03306,fast_track,高置信且解释风险较低，可进入快速复核,0,0.03419
APP-1390,生命科学,0.17639,建议不资助,0.64721,24.04,0.06339,regular_review,进入常规人工复核,0,0.03399
APP-1391,交叉学科,0.28715,建议不资助,0.42569,56.86,0.08025,regular_review,进入常规人工复核,0,0.10773
APP-1392,交叉学科,0.1686,建议不资助,0.66281,72.77,0.07921,regular_review,进入常规人工复核,0,0.31558
APP-1393,生命科学,0.05943,建议不资助,0.88114,68.7,0.04593,regular_review,进入常规人工复核,0,0.00784
APP-1394,生命科学,0.17141,建议不资助,0.65718,24.36,0.03191,fast_track,高置信且解释风险较低，可进入快速复核,0,0.08516
APP-1395,交叉学科,0.41303,建议不资助,0.17394,50.73,0.08814,expert_review,低置信、高风险或存在偏差审计信号，建议专家重点审查,0,0.23352
APP-1396,生命科学,0.58175,建议资助,0.1635,58.46,0.08324,expert_review,低置信、高风险或存在偏差审计信号，建议专家重点审查,1,0.68528
APP-1397,工程技术,0.10293,建议不资助,0.79413,61.69,0.09547,regular_review,进入常规人工复核,0,0.15587
APP-1398,交叉学科,0.47449,建议不资助,0.05101,80.6,0.04715,expert_review,低置信、高风险或存在偏差审计信号，建议专家重点审查,1,0.51412
APP-1399,工程技术,0.57218,建议资助,0.14435,26.61,0.04453,expert_review,低置信、高风险或存在偏差审计信号，建议专家重点审查,1,0.62701
APP-1400,信息科学,0.09449,建议不资助,0.81102,32.28,0.05446,fast_track,高置信且解释风险较低，可进入快速复核,0,0.07286
APP-1401,信息科学,0.28279,建议不资助,0.43442,36.75,0.0628,regular_review,进入常规人工复核,0,0.57009
APP-1402,生命科学,0.1707,建议不资助,0.6586,65.56,0.07419,regular_review,进入常规人工复核,1,0.14436
APP-1403,交叉学科,0.04926,建议不资助,0.90147,0.0,0.04672,fast_track,高置信且解释风险较低，可进入快速复核,0,0.23247
APP-1404,信息科学,0.15931,建议不资助,0.68139,45.43,0.07902,fast_track,高置信且解释风险较低，可进入快速复核,1,0.1221
APP-1405,生命科学,0.19828,建议不资助,0.60345,21.42,0.06476,regular_review,进入常规人工复核,0,0.03938
APP-1406,信息科学,0.67503,建议资助,0.35006,52.72,0.02802,regular_review,进入常规人工复核,1,0.41452
APP-1407,交叉学科,0.21843,建议不资助,0.56314,100.0,0.10795,expert_review,低置信、高风险或存在偏差审计信号，建议专家重点审查,0,0.12201
APP-1408,生命科学,0.20445,建议不资助,0.5911,68.02,0.08622,regular_review,进入常规人工复核,0,0.03378
APP-1409,交叉学科,0.24139,建议不资助,0.51721,25.48,0.15291,regular_review,进入常规人工复核,0,0.27105
APP-1410,管理科学,0.17897,建议不资助,0.64206,41.63,0.06246,regular_review,进入常规人工复核,1,0.0378
APP-1411,交叉学科,0.12774,建议不资助,0.74451,32.2,0.03074,fast_track,高置信且解释风险较低，可进入快速复核,0,0.21614
APP-1412,交叉学科,0.04369,建议不资助,0.91262,75.89,0.07963,regular_review,进入常规人工复核,0,0.01152
APP-1413,交叉学科,0.68089,建议资助,0.36178,22.25,0.04447,regular_review,进入常规人工复核,0,0.64942
APP-1414,交叉学科,0.13134,建议不资助,0.73733,54.11,0.03401,fast_track,高置信且解释风险较低，可进入快速复核,0,0.22094
APP-1415,生命科学,0.12507,建议不资助,0.74985,35.45,0.03749,fast_track,高置信且解释风险较低，可进入快速复核,1,0.17111
APP-1416,管理科学,0.66504,建议资助,0.33009,26.54,0.07179,expert_review,低置信、高风险或存在偏差审计信号，建议专家重点审查,1,0.58792
APP-1417,工程技术,0.57841,建议资助,0.15681,91.95,0.05808,expert_review,低置信、高风险或存在偏差审计信号，建议专家重点审查,1,0.5606
APP-1418,工程技术,0.30786,建议不资助,0.38428,18.68,0.08575,regular_review,进入常规人工复核,0,0.27144
APP-1419,交叉学科,0.12296,建议不资助,0.75407,26.11,0.06065,fast_track,高置信且解释风险较低，可进入快速复核,0,0.09513
APP-1420,交叉学科,0.08504,建议不资助,0.82993,81.91,0.04287,expert_review,低置信、高风险或存在偏差审计信号，建议专家重点审查,0,0.1031
APP-1421,管理科学,0.29016,建议不资助,0.41968,48.01,0.0985,regular_review,进入常规人工复核,1,0.10507
APP-1422,工程技术,0.34449,建议不资助,0.31102,54.39,0.05805,expert_review,低置信、高风险或存在偏差审计信号，建议专家重点审查,0,0.23332
APP-1423,信息科学,0.06598,建议不资助,0.86804,37.49,0.04748,fast_track,高置信且解释风险较低，可进入快速复核,0,0.07426
APP-1424,信息科学,0.29126,建议不资助,0.41749,49.96,0.06342,regular_review,进入常规人工复核,0,0.4013
APP-1425,信息科学,0.2016,建议不资助,0.59679,41.42,0.07077,regular_review,进入常规人工复核,0,0.05264
APP-1426,信息科学,0.61607,建议资助,0.23215,44.16,0.03491,expert_review,低置信、高风险或存在偏差审计信号，建议专家重点审查,1,0.77595
APP-1427,生命科学,0.35218,建议不资助,0.29565,21.97,0.03294,expert_review,低置信、高风险或存在偏差审计信号，建议专家重点审查,1,0.23978
APP-1428,生命科学,0.51288,建议资助,0.02575,50.81,0.0312,expert_review,低置信、高风险或存在偏差审计信号，建议专家重点审查,1,0.10428
APP-1429,管理科学,0.62318,建议资助,0.24637,45.03,0.04416,expert_review,低置信、高风险或存在偏差审计信号，建议专家重点审查,1,0.53657
APP-1430,信息科学,0.24358,建议不资助,0.51283,48.79,0.05217,regular_review,进入常规人工复核,0,0.19369
APP-1431,交叉学科,0.19462,建议不资助,0.61076,63.19,0.03957,regular_review,进入常规人工复核,0,0.14124
APP-1432,工程技术,0.16377,建议不资助,0.67246,39.89,0.08183,fast_track,高置信且解释风险较低，可进入快速复核,0,0.60904
APP-1433,生命科学,0.80636,建议资助,0.61272,50.15,0.03436,regular_review,进入常规人工复核,1,0.74167
APP-1434,生命科学,0.41601,建议不资助,0.16798,96.63,0.06693,expert_review,低置信、高风险或存在偏差审计信号，建议专家重点审查,1,0.10977
APP-1435,生命科学,0.21819,建议不资助,0.56363,65.46,0.02974,regular_review,进入常规人工复核,0,0.14186
APP-1436,交叉学科,0.70155,建议资助,0.40309,39.2,0.03766,regular_review,进入常规人工复核,1,0.60369
APP-1437,生命科学,0.63907,建议资助,0.27813,28.13,0.05557,expert_review,低置信、高风险或存在偏差审计信号，建议专家重点审查,1,0.8754
APP-1438,工程技术,0.06616,建议不资助,0.86768,47.35,0.06582,fast_track,高置信且解释风险较低，可进入快速复核,0,0.04668
APP-1439,交叉学科,0.06528,建议不资助,0.86943,73.54,0.05682,regular_review,进入常规人工复核,0,0.02715
APP-1440,交叉学科,0.14201,建议不资助,0.71597,38.2,0.04431,fast_track,高置信且解释风险较低，可进入快速复核,0,0.06251
APP-1441,信息科学,0.22568,建议不资助,0.54864,49.13,0.12458,regular_review,进入常规人工复核,0,0.09625
APP-1442,生命科学,0.1321,建议不资助,0.73579,37.69,0.07244,fast_track,高置信且解释风险较低，可进入快速复核,0,0.03532
APP-1443,生命科学,0.16944,建议不资助,0.66112,41.85,0.08262,fast_track,高置信且解释风险较低，可进入快速复核,0,0.19991
APP-1444,生命科学,0.02568,建议不资助,0.94865,34.68,0.05627,fast_track,高置信且解释风险较低，可进入快速复核,0,0.04467
APP-1445,生命科学,0.0776,建议不资助,0.84479,54.21,0.07476,fast_track,高置信且解释风险较低，可进入快速复核,0,0.04565
APP-1446,工程技术,0.79034,建议资助,0.58067,56.82,0.04565,regular_review,进入常规人工复核,1,0.16536
APP-1447,交叉学科,0.03528,建议不资助,0.92945,78.28,0.06314,regular_review,进入常规人工复核,1,0.00947
APP-1448,工程技术,0.26435,建议不资助,0.4713,50.87,0.05775,regular_review,进入常规人工复核,1,0.32298
APP-1449,工程技术,0.04543,建议不资助,0.90914,45.22,0.05647,fast_track,高置信且解释风险较低，可进入快速复核,0,0.01276
APP-1450,生命科学,0.54977,建议资助,0.09953,91.24,0.07014,expert_review,低置信、高风险或存在偏差审计信号，建议专家重点审查,0,0.58744
APP-1451,管理科学,0.2252,建议不资助,0.5496,55.98,0.05399,regular_review,进入常规人工复核,1,0.5525
APP-1452,工程技术,0.51025,建议资助,0.0205,52.47,0.06874,expert_review,低置信、高风险或存在偏差审计信号，建议专家重点审查,1,0.60605
APP-1453,交叉学科,0.11654,建议不资助,0.76693,48.4,0.07016,fast_track,高置信且解释风险较低，可进入快速复核,0,0.111
APP-1454,交叉学科,0.07534,建议不资助,0.84931,51.7,0.09357,fast_track,高置信且解释风险较低，可进入快速复核,0,0.02237
APP-1455,信息科学,0.18743,建议不资助,0.62513,31.36,0.05773,regular_review,进入常规人工复核,0,0.11652
APP-1456,生命科学,0.3635,建议不资助,0.273,46.94,0.06249,expert_review,低置信、高风险或存在偏差审计信号，建议专家重点审查,0,0.65866
APP-1457,信息科学,0.2807,建议不资助,0.43859,44.19,0.09526,regular_review,进入常规人工复核,1,0.30207
APP-1458,信息科学,0.0975,建议不资助,0.805,55.71,0.07627,fast_track,高置信且解释风险较低，可进入快速复核,0,0.11482
APP-1459,交叉学科,0.26007,建议不资助,0.47986,79.19,0.05321,regular_review,进入常规人工复核,0,0.29116
APP-1460,信息科学,0.13423,建议不资助,0.73155,67.9,0.09648,regular_review,进入常规人工复核,0,0.37551
APP-1461,管理科学,0.21192,建议不资助,0.57617,58.8,0.0498,regular_review,进入常规人工复核,0,0.3479
APP-1462,工程技术,0.30924,建议不资助,0.38152,14.11,0.05969,regular_review,进入常规人工复核,0,0.66421
APP-1463,生命科学,0.21164,建议不资助,0.57673,39.88,0.10092,regular_review,进入常规人工复核,0,0.18322
APP-1464,信息科学,0.26389,建议不资助,0.47223,12.14,0.06092,regular_review,进入常规人工复核,0,0.3741
APP-1465,工程技术,0.07487,建议不资助,0.85026,70.22,0.0802,regular_review,进入常规人工复核,1,0.1096
APP-1466,工程技术,0.34782,建议不资助,0.30436,47.98,0.06423,expert_review,低置信、高风险或存在偏差审计信号，建议专家重点审查,0,0.26182
APP-1467,信息科学,0.15671,建议不资助,0.68658,45.63,0.08556,fast_track,高置信且解释风险较低，可进入快速复核,0,0.13156
APP-1468,信息科学,0.16406,建议不资助,0.67188,34.86,0.07566,fast_track,高置信且解释风险较低，可进入快速复核,0,0.20143
APP-1469,管理科学,0.56819,建议资助,0.13639,81.24,0.03806,expert_review,低置信、高风险或存在偏差审计信号，建议专家重点审查,0,0.22736
APP-1470,生命科学,0.03871,建议不资助,0.92257,50.61,0.05279,fast_track,高置信且解释风险较低，可进入快速复核,0,0.02115
APP-1471,交叉学科,0.11594,建议不资助,0.76812,55.08,0.06559,fast_track,高置信且解释风险较低，可进入快速复核,0,0.03203
APP-1472,生命科学,0.11292,建议不资助,0.77415,51.09,0.04529,fast_track,高置信且解释风险较低，可进入快速复核,0,0.07423
APP-1473,生命科学,0.24134,建议不资助,0.51732,52.62,0.0767,regular_review,进入常规人工复核,0,0.22463
APP-1474,工程技术,0.11421,建议不资助,0.77158,45.89,0.072,fast_track,高置信且解释风险较低，可进入快速复核,0,0.03223
APP-1475,工程技术,0.09337,建议不资助,0.81326,73.83,0.04531,regular_review,进入常规人工复核,0,0.06431
APP-1476,工程技术,0.18738,建议不资助,0.62525,81.5,0.08409,expert_review,低置信、高风险或存在偏差审计信号，建议专家重点审查,0,0.05237
APP-1477,信息科学,0.59389,建议资助,0.18778,50.54,0.05776,expert_review,低置信、高风险或存在偏差审计信号，建议专家重点审查,1,0.7384
APP-1478,交叉学科,0.63014,建议资助,0.26028,44.49,0.03659,expert_review,低置信、高风险或存在偏差审计信号，建议专家重点审查,1,0.39383
APP-1479,工程技术,0.15503,建议不资助,0.68994,69.57,0.04977,regular_review,进入常规人工复核,0,0.22578
APP-1480,工程技术,0.19477,建议不资助,0.61047,36.68,0.08902,regular_review,进入常规人工复核,0,0.41365
APP-1481,信息科学,0.15509,建议不资助,0.68982,77.12,0.03848,regular_review,进入常规人工复核,0,0.03985
APP-1482,生命科学,0.071,建议不资助,0.858,86.66,0.06391,expert_review,低置信、高风险或存在偏差审计信号，建议专家重点审查,0,0.0613
APP-1483,工程技术,0.84719,建议资助,0.69437,72.31,0.03557,regular_review,进入常规人工复核,1,0.58022
APP-1484,信息科学,0.09984,建议不资助,0.80032,25.38,0.03882,fast_track,高置信且解释风险较低，可进入快速复核,0,0.16938
APP-1485,工程技术,0.34395,建议不资助,0.3121,46.16,0.08199,expert_review,低置信、高风险或存在偏差审计信号，建议专家重点审查,0,0.20518
APP-1486,生命科学,0.07682,建议不资助,0.84636,44.59,0.07362,fast_track,高置信且解释风险较低，可进入快速复核,0,0.01507
APP-1487,交叉学科,0.19481,建议不资助,0.61039,31.79,0.08749,regular_review,进入常规人工复核,0,0.21926
APP-1488,工程技术,0.21974,建议不资助,0.56053,42.54,0.04065,regular_review,进入常规人工复核,1,0.09428
APP-1489,交叉学科,0.51403,建议资助,0.02805,53.26,0.04719,expert_review,低置信、高风险或存在偏差审计信号，建议专家重点审查,1,0.17702
APP-1490,工程技术,0.2933,建议不资助,0.41339,59.15,0.07284,regular_review,进入常规人工复核,0,0.39921
APP-1491,生命科学,0.02191,建议不资助,0.95618,74.37,0.02939,regular_review,进入常规人工复核,0,0.02157
APP-1492,交叉学科,0.30968,建议不资助,0.38065,48.18,0.15018,regular_review,进入常规人工复核,1,0.36775
APP-1493,工程技术,0.48379,建议不资助,0.03242,42.61,0.08035,expert_review,低置信、高风险或存在偏差审计信号，建议专家重点审查,1,0.39312
APP-1494,管理科学,0.11379,建议不资助,0.77242,30.05,0.03147,fast_track,高置信且解释风险较低，可进入快速复核,0,0.0643
APP-1495,信息科学,0.24736,建议不资助,0.50529,62.83,0.05238,regular_review,进入常规人工复核,0,0.16178
APP-1496,工程技术,0.13252,建议不资助,0.73496,39.57,0.04863,fast_track,高置信且解释风险较低，可进入快速复核,0,0.10433
APP-1497,交叉学科,0.10454,建议不资助,0.79092,44.46,0.04135,fast_track,高置信且解释风险较低，可进入快速复核,0,0.07608
APP-1498,工程技术,0.53637,建议资助,0.07273,37.32,0.03735,expert_review,低置信、高风险或存在偏差审计信号，建议专家重点审查,0,0.86531
APP-1499,信息科学,0.50187,建议资助,0.00373,50.42,0.08754,expert_review,低置信、高风险或存在偏差审计信号，建议专家重点审查,1,0.76344
APP-1500,工程技术,0.10725,建议不资助,0.7855,66.51,0.04942,regular_review,进入常规人工复核,0,0.10657
